time,depth,latitude,longitude,sst,ssta
UTC,m,degrees_north,degrees_east,degree_C,degree_C
2014-01-15T00:00:00Z,0.0,8.0,56.0,26.67554,-0.14762497
2014-01-15T00:00:00Z,0.0,8.0,58.0,26.969797,-0.07749176
2014-01-15T00:00:00Z,0.0,8.0,60.0,27.247997,-0.013666153
2014-01-15T00:00:00Z,0.0,8.0,62.0,27.515203,0.040287018
2014-01-15T00:00:00Z,0.0,8.0,64.0,27.752031,0.06122017
2014-01-15T00:00:00Z,0.0,8.0,66.0,27.949352,0.05776596
2014-01-15T00:00:00Z,0.0,8.0,68.0,28.089947,0.040634155
2014-01-15T00:00:00Z,0.0,8.0,70.0,28.169586,0.02654457
2014-01-15T00:00:00Z,0.0,8.0,72.0,28.199442,0.03958702
2014-01-15T00:00:00Z,0.0,8.0,74.0,28.170574,0.06665802
2014-01-15T00:00:00Z,0.0,8.0,76.0,28.02568,0.06786156
2014-01-15T00:00:00Z,0.0,10.0,56.0,26.15199,-0.24838066
2014-01-15T00:00:00Z,0.0,10.0,58.0,26.387081,-0.18106079
2014-01-15T00:00:00Z,0.0,10.0,60.0,26.632126,-0.1092453
2014-01-15T00:00:00Z,0.0,10.0,62.0,26.88988,-0.051099777
2014-01-15T00:00:00Z,0.0,10.0,64.0,27.156576,-0.03544426
2014-01-15T00:00:00Z,0.0,10.0,66.0,27.430695,-0.04463768
2014-01-15T00:00:00Z,0.0,10.0,68.0,27.687471,-0.052965164
2014-01-15T00:00:00Z,0.0,10.0,70.0,27.91548,-0.039312363
2014-01-15T00:00:00Z,0.0,10.0,72.0,28.099854,0.007457733
2014-01-15T00:00:00Z,0.0,10.0,74.0,28.1847,0.05145073
2014-01-15T00:00:00Z,0.0,10.0,76.0,28.143816,0.0662899
2014-01-15T00:00:00Z,0.0,12.0,56.0,25.561092,-0.35263634
2014-01-15T00:00:00Z,0.0,12.0,58.0,25.731684,-0.29693985
2014-01-15T00:00:00Z,0.0,12.0,60.0,25.944298,-0.21584702
2014-01-15T00:00:00Z,0.0,12.0,62.0,26.174368,-0.16046333
2014-01-15T00:00:00Z,0.0,12.0,64.0,26.452625,-0.15239334
2014-01-15T00:00:00Z,0.0,12.0,66.0,26.795538,-0.1674385
2014-01-15T00:00:00Z,0.0,12.0,68.0,27.173695,-0.16694832
2014-01-15T00:00:00Z,0.0,12.0,70.0,27.551483,-0.12964249
2014-01-15T00:00:00Z,0.0,12.0,72.0,27.861347,-0.07536316
2014-01-15T00:00:00Z,0.0,12.0,74.0,28.057156,-0.022346497
2014-01-15T00:00:00Z,0.0,12.0,76.0,28.14934,0.015312195
2014-01-15T00:00:00Z,0.0,14.0,56.0,25.026167,-0.42943573
2014-01-15T00:00:00Z,0.0,14.0,58.0,25.152472,-0.39242363
2014-01-15T00:00:00Z,0.0,14.0,60.0,25.34248,-0.321249
2014-01-15T00:00:00Z,0.0,14.0,62.0,25.539999,-0.274271
2014-01-15T00:00:00Z,0.0,14.0,64.0,25.795017,-0.2716694
2014-01-15T00:00:00Z,0.0,14.0,66.0,26.171806,-0.2845459
2014-01-15T00:00:00Z,0.0,14.0,68.0,26.648993,-0.27492332
2014-01-15T00:00:00Z,0.0,14.0,70.0,27.136208,-0.2316246
2014-01-15T00:00:00Z,0.0,14.0,72.0,27.512644,-0.19460678
2014-01-15T00:00:00Z,0.0,14.0,74.0,27.747326,-0.15700912
2014-01-15T00:00:00Z,0.0,14.0,76.0,NaN,NaN
2014-01-15T00:00:00Z,0.0,16.0,56.0,24.607561,-0.4816742
2014-01-15T00:00:00Z,0.0,16.0,58.0,24.682327,-0.46421432
2014-01-15T00:00:00Z,0.0,16.0,60.0,24.846127,-0.42412186
2014-01-15T00:00:00Z,0.0,16.0,62.0,25.016073,-0.39165497
2014-01-15T00:00:00Z,0.0,16.0,64.0,25.230362,-0.38882446
2014-01-15T00:00:00Z,0.0,16.0,66.0,25.611565,-0.39105988
2014-01-15T00:00:00Z,0.0,16.0,68.0,26.140232,-0.37734985
2014-01-15T00:00:00Z,0.0,16.0,70.0,26.629272,-0.3533516
2014-01-15T00:00:00Z,0.0,16.0,72.0,26.988653,-0.3405819
2014-01-15T00:00:00Z,0.0,16.0,74.0,27.293526,-0.30737114
2014-01-15T00:00:00Z,0.0,16.0,76.0,NaN,NaN
2014-01-15T00:00:00Z,0.0,18.0,56.0,24.344995,-0.504097
2014-01-15T00:00:00Z,0.0,18.0,58.0,24.311659,-0.5164242
2014-01-15T00:00:00Z,0.0,18.0,60.0,24.411337,-0.510725
2014-01-15T00:00:00Z,0.0,18.0,62.0,24.541643,-0.50121117
2014-01-15T00:00:00Z,0.0,18.0,64.0,24.719473,-0.5008602
2014-01-15T00:00:00Z,0.0,18.0,66.0,25.065197,-0.5020523
2014-01-15T00:00:00Z,0.0,18.0,68.0,25.52073,-0.51133347
2014-01-15T00:00:00Z,0.0,18.0,70.0,25.83227,-0.53689766
2014-01-15T00:00:00Z,0.0,18.0,72.0,25.965628,-0.56391907
2014-01-15T00:00:00Z,0.0,18.0,74.0,NaN,NaN
2014-01-15T00:00:00Z,0.0,18.0,76.0,NaN,NaN
2014-01-15T00:00:00Z,0.0,20.0,56.0,NaN,NaN
2014-01-15T00:00:00Z,0.0,20.0,58.0,24.072227,-0.52996635
2014-01-15T00:00:00Z,0.0,20.0,60.0,24.037346,-0.5539665
2014-01-15T00:00:00Z,0.0,20.0,62.0,24.104,-0.57466507
2014-01-15T00:00:00Z,0.0,20.0,64.0,24.24218,-0.5938816
2014-01-15T00:00:00Z,0.0,20.0,66.0,24.455027,-0.6294918
2014-01-15T00:00:00Z,0.0,20.0,68.0,24.656076,-0.6911926
2014-01-15T00:00:00Z,0.0,20.0,70.0,24.756655,-0.7466774
2014-01-15T00:00:00Z,0.0,20.0,72.0,24.872519,-0.8045082
2014-01-15T00:00:00Z,0.0,20.0,74.0,NaN,NaN
2014-01-15T00:00:00Z,0.0,20.0,76.0,NaN,NaN
2014-01-15T00:00:00Z,0.0,22.0,56.0,NaN,NaN
2014-01-15T00:00:00Z,0.0,22.0,58.0,NaN,NaN
2014-01-15T00:00:00Z,0.0,22.0,60.0,23.685186,-0.5337734
2014-01-15T00:00:00Z,0.0,22.0,62.0,23.734467,-0.5746155
2014-01-15T00:00:00Z,0.0,22.0,64.0,23.801405,-0.63397026
2014-01-15T00:00:00Z,0.0,22.0,66.0,23.816095,-0.7220497
2014-01-15T00:00:00Z,0.0,22.0,68.0,23.774666,-0.82261086
2014-01-15T00:00:00Z,0.0,22.0,70.0,23.867163,-0.9013996
2014-01-15T00:00:00Z,0.0,22.0,72.0,NaN,NaN
2014-01-15T00:00:00Z,0.0,22.0,74.0,NaN,NaN
2014-01-15T00:00:00Z,0.0,22.0,76.0,NaN,NaN
2014-01-15T00:00:00Z,0.0,24.0,56.0,NaN,NaN
2014-01-15T00:00:00Z,0.0,24.0,58.0,NaN,NaN
2014-01-15T00:00:00Z,0.0,24.0,60.0,23.36735,-0.49090958
2014-01-15T00:00:00Z,0.0,24.0,62.0,23.443699,-0.5497341
2014-01-15T00:00:00Z,0.0,24.0,64.0,23.464619,-0.6122093
2014-01-15T00:00:00Z,0.0,24.0,66.0,23.34661,-0.7238331
2014-01-15T00:00:00Z,0.0,24.0,68.0,23.263529,-0.86231995
2014-01-15T00:00:00Z,0.0,24.0,70.0,NaN,NaN
2014-01-15T00:00:00Z,0.0,24.0,72.0,NaN,NaN
2014-01-15T00:00:00Z,0.0,24.0,74.0,NaN,NaN
2014-01-15T00:00:00Z,0.0,24.0,76.0,NaN,NaN
2014-01-15T00:00:00Z,0.0,26.0,56.0,22.9503,-0.22678185
2014-01-15T00:00:00Z,0.0,26.0,58.0,23.204277,-0.32487488
2014-01-15T00:00:00Z,0.0,26.0,60.0,23.233774,-0.4320984
2014-01-15T00:00:00Z,0.0,26.0,62.0,NaN,NaN
2014-01-15T00:00:00Z,0.0,26.0,64.0,23.286472,-0.59174156
2014-01-15T00:00:00Z,0.0,26.0,66.0,23.163584,-0.68759155
2014-01-15T00:00:00Z,0.0,26.0,68.0,NaN,NaN
2014-01-15T00:00:00Z,0.0,26.0,70.0,NaN,NaN
2014-01-15T00:00:00Z,0.0,26.0,72.0,NaN,NaN
2014-01-15T00:00:00Z,0.0,26.0,74.0,NaN,NaN
2014-01-15T00:00:00Z,0.0,26.0,76.0,NaN,NaN
2014-02-15T00:00:00Z,0.0,8.0,56.0,26.642584,-0.38731384
2014-02-15T00:00:00Z,0.0,8.0,58.0,26.950478,-0.24964714
2014-02-15T00:00:00Z,0.0,8.0,60.0,27.25886,-0.12542915
2014-02-15T00:00:00Z,0.0,8.0,62.0,27.56705,-0.027759552
2014-02-15T00:00:00Z,0.0,8.0,64.0,27.844267,0.027643204
2014-02-15T00:00:00Z,0.0,8.0,66.0,28.069487,0.047843933
2014-02-15T00:00:00Z,0.0,8.0,68.0,28.239477,0.045747757
2014-02-15T00:00:00Z,0.0,8.0,70.0,28.361937,0.04389572
2014-02-15T00:00:00Z,0.0,8.0,72.0,28.445763,0.065013885
2014-02-15T00:00:00Z,0.0,8.0,74.0,28.478882,0.09448433
2014-02-15T00:00:00Z,0.0,8.0,76.0,28.389465,0.09815025
2014-02-15T00:00:00Z,0.0,10.0,56.0,26.049755,-0.49455643
2014-02-15T00:00:00Z,0.0,10.0,58.0,26.306189,-0.36145782
2014-02-15T00:00:00Z,0.0,10.0,60.0,26.572996,-0.24316978
2014-02-15T00:00:00Z,0.0,10.0,62.0,26.877247,-0.14798164
2014-02-15T00:00:00Z,0.0,10.0,64.0,27.211325,-0.09038162
2014-02-15T00:00:00Z,0.0,10.0,66.0,27.539299,-0.059555054
2014-02-15T00:00:00Z,0.0,10.0,68.0,27.8284,-0.041704178
2014-02-15T00:00:00Z,0.0,10.0,70.0,28.083834,-0.013540268
2014-02-15T00:00:00Z,0.0,10.0,72.0,28.310371,0.04543495
2014-02-15T00:00:00Z,0.0,10.0,74.0,28.457844,0.09577942
2014-02-15T00:00:00Z,0.0,10.0,76.0,28.475403,0.10967064
2014-02-15T00:00:00Z,0.0,12.0,56.0,25.455292,-0.5804558
2014-02-15T00:00:00Z,0.0,12.0,58.0,25.636528,-0.4811592
2014-02-15T00:00:00Z,0.0,12.0,60.0,25.852396,-0.3728752
2014-02-15T00:00:00Z,0.0,12.0,62.0,26.125095,-0.2845497
2014-02-15T00:00:00Z,0.0,12.0,64.0,26.490911,-0.22240067
2014-02-15T00:00:00Z,0.0,12.0,66.0,26.908588,-0.17974472
2014-02-15T00:00:00Z,0.0,12.0,68.0,27.319998,-0.13585472
2014-02-15T00:00:00Z,0.0,12.0,70.0,27.70993,-0.07165146
2014-02-15T00:00:00Z,0.0,12.0,72.0,28.045305,-0.0019016266
2014-02-15T00:00:00Z,0.0,12.0,74.0,28.298346,0.059339523
2014-02-15T00:00:00Z,0.0,12.0,76.0,28.447021,0.092596054
2014-02-15T00:00:00Z,0.0,14.0,56.0,24.973198,-0.6018028
2014-02-15T00:00:00Z,0.0,14.0,58.0,25.087679,-0.54561234
2014-02-15T00:00:00Z,0.0,14.0,60.0,25.256138,-0.46375847
2014-02-15T00:00:00Z,0.0,14.0,62.0,25.478647,-0.38768578
2014-02-15T00:00:00Z,0.0,14.0,64.0,25.824968,-0.32211494
2014-02-15T00:00:00Z,0.0,14.0,66.0,26.292873,-0.2634182
2014-02-15T00:00:00Z,0.0,14.0,68.0,26.80726,-0.19946861
2014-02-15T00:00:00Z,0.0,14.0,70.0,27.29281,-0.12506294
2014-02-15T00:00:00Z,0.0,14.0,72.0,27.6808,-0.07224274
2014-02-15T00:00:00Z,0.0,14.0,74.0,27.95044,-0.032608032
2014-02-15T00:00:00Z,0.0,14.0,76.0,NaN,NaN
2014-02-15T00:00:00Z,0.0,16.0,56.0,24.617327,-0.5737934
2014-02-15T00:00:00Z,0.0,16.0,58.0,24.670012,-0.5430298
2014-02-15T00:00:00Z,0.0,16.0,60.0,24.80275,-0.50025177
2014-02-15T00:00:00Z,0.0,16.0,62.0,24.987555,-0.4386139
2014-02-15T00:00:00Z,0.0,16.0,64.0,25.286003,-0.3674755
2014-02-15T00:00:00Z,0.0,16.0,66.0,25.762278,-0.29091072
2014-02-15T00:00:00Z,0.0,16.0,68.0,26.330334,-0.21918869
2014-02-15T00:00:00Z,0.0,16.0,70.0,26.807909,-0.1641941
2014-02-15T00:00:00Z,0.0,16.0,72.0,27.154417,-0.14970016
2014-02-15T00:00:00Z,0.0,16.0,74.0,27.471481,-0.13289833
2014-02-15T00:00:00Z,0.0,16.0,76.0,NaN,NaN
2014-02-15T00:00:00Z,0.0,18.0,56.0,24.38323,-0.51729774
2014-02-15T00:00:00Z,0.0,18.0,58.0,24.328548,-0.50989723
2014-02-15T00:00:00Z,0.0,18.0,60.0,24.412066,-0.49474907
2014-02-15T00:00:00Z,0.0,18.0,62.0,24.564184,-0.4498787
2014-02-15T00:00:00Z,0.0,18.0,64.0,24.822569,-0.37386894
2014-02-15T00:00:00Z,0.0,18.0,66.0,25.262684,-0.29085732
2014-02-15T00:00:00Z,0.0,18.0,68.0,25.768398,-0.23297691
2014-02-15T00:00:00Z,0.0,18.0,70.0,26.075108,-0.21553802
2014-02-15T00:00:00Z,0.0,18.0,72.0,26.17832,-0.23825645
2014-02-15T00:00:00Z,0.0,18.0,74.0,NaN,NaN
2014-02-15T00:00:00Z,0.0,18.0,76.0,NaN,NaN
2014-02-15T00:00:00Z,0.0,20.0,56.0,NaN,NaN
2014-02-15T00:00:00Z,0.0,20.0,58.0,24.1013,-0.44659805
2014-02-15T00:00:00Z,0.0,20.0,60.0,24.052551,-0.4473877
2014-02-15T00:00:00Z,0.0,20.0,62.0,24.142544,-0.4209156
2014-02-15T00:00:00Z,0.0,20.0,64.0,24.36014,-0.35565186
2014-02-15T00:00:00Z,0.0,20.0,66.0,24.680962,-0.2965603
2014-02-15T00:00:00Z,0.0,20.0,68.0,24.96986,-0.2729721
2014-02-15T00:00:00Z,0.0,20.0,70.0,25.090464,-0.27890587
2014-02-15T00:00:00Z,0.0,20.0,72.0,25.185417,-0.3268795
2014-02-15T00:00:00Z,0.0,20.0,74.0,NaN,NaN
2014-02-15T00:00:00Z,0.0,20.0,76.0,NaN,NaN
2014-02-15T00:00:00Z,0.0,22.0,56.0,NaN,NaN
2014-02-15T00:00:00Z,0.0,22.0,58.0,NaN,NaN
2014-02-15T00:00:00Z,0.0,22.0,60.0,23.683794,-0.3256855
2014-02-15T00:00:00Z,0.0,22.0,62.0,23.746447,-0.31884575
2014-02-15T00:00:00Z,0.0,22.0,64.0,23.881618,-0.29717255
2014-02-15T00:00:00Z,0.0,22.0,66.0,24.03192,-0.27799606
2014-02-15T00:00:00Z,0.0,22.0,68.0,24.120655,-0.28922653
2014-02-15T00:00:00Z,0.0,22.0,70.0,24.272158,-0.326231
2014-02-15T00:00:00Z,0.0,22.0,72.0,NaN,NaN
2014-02-15T00:00:00Z,0.0,22.0,74.0,NaN,NaN
2014-02-15T00:00:00Z,0.0,22.0,76.0,NaN,NaN
2014-02-15T00:00:00Z,0.0,24.0,56.0,NaN,NaN
2014-02-15T00:00:00Z,0.0,24.0,58.0,NaN,NaN
2014-02-15T00:00:00Z,0.0,24.0,60.0,23.329552,-0.19301033
2014-02-15T00:00:00Z,0.0,24.0,62.0,23.41316,-0.21699905
2014-02-15T00:00:00Z,0.0,24.0,64.0,23.50083,-0.18974113
2014-02-15T00:00:00Z,0.0,24.0,66.0,23.515327,-0.20835114
2014-02-15T00:00:00Z,0.0,24.0,68.0,23.578323,-0.27334023
2014-02-15T00:00:00Z,0.0,24.0,70.0,NaN,NaN
2014-02-15T00:00:00Z,0.0,24.0,72.0,NaN,NaN
2014-02-15T00:00:00Z,0.0,24.0,74.0,NaN,NaN
2014-02-15T00:00:00Z,0.0,24.0,76.0,NaN,NaN
2014-02-15T00:00:00Z,0.0,26.0,56.0,22.520943,0.07644272
2014-02-15T00:00:00Z,0.0,26.0,58.0,23.024797,2.4223328E-4
2014-02-15T00:00:00Z,0.0,26.0,60.0,23.164923,-0.09752083
2014-02-15T00:00:00Z,0.0,26.0,62.0,NaN,NaN
2014-02-15T00:00:00Z,0.0,26.0,64.0,23.310059,-0.11364746
2014-02-15T00:00:00Z,0.0,26.0,66.0,23.276445,-0.14751816
2014-02-15T00:00:00Z,0.0,26.0,68.0,NaN,NaN
2014-02-15T00:00:00Z,0.0,26.0,70.0,NaN,NaN
2014-02-15T00:00:00Z,0.0,26.0,72.0,NaN,NaN
2014-02-15T00:00:00Z,0.0,26.0,74.0,NaN,NaN
2014-02-15T00:00:00Z,0.0,26.0,76.0,NaN,NaN
2014-03-15T00:00:00Z,0.0,8.0,56.0,27.73516,-0.26108932
2014-03-15T00:00:00Z,0.0,8.0,58.0,27.927591,-0.176054
2014-03-15T00:00:00Z,0.0,8.0,60.0,28.13425,-0.108436584
2014-03-15T00:00:00Z,0.0,8.0,62.0,28.36314,-0.049463272
2014-03-15T00:00:00Z,0.0,8.0,64.0,28.57591,-0.013170242
2014-03-15T00:00:00Z,0.0,8.0,66.0,28.75718,-2.784729E-4
2014-03-15T00:00:00Z,0.0,8.0,68.0,28.915855,0.002439499
2014-03-15T00:00:00Z,0.0,8.0,70.0,29.057108,0.01877594
2014-03-15T00:00:00Z,0.0,8.0,72.0,29.178383,0.057300568
2014-03-15T00:00:00Z,0.0,8.0,74.0,29.264835,0.09581375
2014-03-15T00:00:00Z,0.0,8.0,76.0,29.244278,0.10790253
2014-03-15T00:00:00Z,0.0,10.0,56.0,27.170029,-0.4104519
2014-03-15T00:00:00Z,0.0,10.0,58.0,27.32587,-0.3212757
2014-03-15T00:00:00Z,0.0,10.0,60.0,27.516445,-0.2414074
2014-03-15T00:00:00Z,0.0,10.0,62.0,27.766722,-0.16896248
2014-03-15T00:00:00Z,0.0,10.0,64.0,28.04315,-0.12301445
2014-03-15T00:00:00Z,0.0,10.0,66.0,28.311052,-0.09259224
2014-03-15T00:00:00Z,0.0,10.0,68.0,28.559925,-0.061136246
2014-03-15T00:00:00Z,0.0,10.0,70.0,28.80614,-0.008752823
2014-03-15T00:00:00Z,0.0,10.0,72.0,29.050577,0.06912041
2014-03-15T00:00:00Z,0.0,10.0,74.0,29.245464,0.12657166
2014-03-15T00:00:00Z,0.0,10.0,76.0,29.32774,0.14624023
2014-03-15T00:00:00Z,0.0,12.0,56.0,26.644855,-0.5267296
2014-03-15T00:00:00Z,0.0,12.0,58.0,26.744326,-0.46883965
2014-03-15T00:00:00Z,0.0,12.0,60.0,26.897663,-0.38885498
2014-03-15T00:00:00Z,0.0,12.0,62.0,27.12624,-0.31515503
2014-03-15T00:00:00Z,0.0,12.0,64.0,27.436867,-0.2569027
2014-03-15T00:00:00Z,0.0,12.0,66.0,27.774067,-0.20568085
2014-03-15T00:00:00Z,0.0,12.0,68.0,28.101353,-0.14022827
2014-03-15T00:00:00Z,0.0,12.0,70.0,28.434114,-0.051218033
2014-03-15T00:00:00Z,0.0,12.0,72.0,28.762373,0.0379982
2014-03-15T00:00:00Z,0.0,12.0,74.0,29.058233,0.10933304
2014-03-15T00:00:00Z,0.0,12.0,76.0,29.263918,0.1484642
2014-03-15T00:00:00Z,0.0,14.0,56.0,26.221937,-0.54873085
2014-03-15T00:00:00Z,0.0,14.0,58.0,26.282654,-0.52461624
2014-03-15T00:00:00Z,0.0,14.0,60.0,26.387573,-0.479908
2014-03-15T00:00:00Z,0.0,14.0,62.0,26.564177,-0.424263
2014-03-15T00:00:00Z,0.0,14.0,64.0,26.85796,-0.36097717
2014-03-15T00:00:00Z,0.0,14.0,66.0,27.236555,-0.28515434
2014-03-15T00:00:00Z,0.0,14.0,68.0,27.629463,-0.19482803
2014-03-15T00:00:00Z,0.0,14.0,70.0,28.010317,-0.09749603
2014-03-15T00:00:00Z,0.0,14.0,72.0,28.364105,-0.0245018
2014-03-15T00:00:00Z,0.0,14.0,74.0,28.657024,0.02649498
2014-03-15T00:00:00Z,0.0,14.0,76.0,NaN,NaN
2014-03-15T00:00:00Z,0.0,16.0,56.0,25.88594,-0.48488045
2014-03-15T00:00:00Z,0.0,16.0,58.0,25.906742,-0.47357178
2014-03-15T00:00:00Z,0.0,16.0,60.0,25.981237,-0.48080635
2014-03-15T00:00:00Z,0.0,16.0,62.0,26.11501,-0.4626789
2014-03-15T00:00:00Z,0.0,16.0,64.0,26.365294,-0.40289307
2014-03-15T00:00:00Z,0.0,16.0,66.0,26.747765,-0.30983925
2014-03-15T00:00:00Z,0.0,16.0,68.0,27.167503,-0.21362114
2014-03-15T00:00:00Z,0.0,16.0,70.0,27.513372,-0.13648033
2014-03-15T00:00:00Z,0.0,16.0,72.0,27.809721,-0.10175896
2014-03-15T00:00:00Z,0.0,16.0,74.0,28.13721,-0.070402145
2014-03-15T00:00:00Z,0.0,16.0,76.0,NaN,NaN
2014-03-15T00:00:00Z,0.0,18.0,56.0,25.632818,-0.38559914
2014-03-15T00:00:00Z,0.0,18.0,58.0,25.54025,-0.39378357
2014-03-15T00:00:00Z,0.0,18.0,60.0,25.588863,-0.4264698
2014-03-15T00:00:00Z,0.0,18.0,62.0,25.704987,-0.44076347
2014-03-15T00:00:00Z,0.0,18.0,64.0,25.921696,-0.39330292
2014-03-15T00:00:00Z,0.0,18.0,66.0,26.269793,-0.30381012
2014-03-15T00:00:00Z,0.0,18.0,68.0,26.625792,-0.22778893
2014-03-15T00:00:00Z,0.0,18.0,70.0,26.805758,-0.1929493
2014-03-15T00:00:00Z,0.0,18.0,72.0,26.864893,-0.19908714
2014-03-15T00:00:00Z,0.0,18.0,74.0,NaN,NaN
2014-03-15T00:00:00Z,0.0,18.0,76.0,NaN,NaN
2014-03-15T00:00:00Z,0.0,20.0,56.0,NaN,NaN
2014-03-15T00:00:00Z,0.0,20.0,58.0,25.2663,-0.3132267
2014-03-15T00:00:00Z,0.0,20.0,60.0,25.18861,-0.35129356
2014-03-15T00:00:00Z,0.0,20.0,62.0,25.266762,-0.37267685
2014-03-15T00:00:00Z,0.0,20.0,64.0,25.46116,-0.33854485
2014-03-15T00:00:00Z,0.0,20.0,66.0,25.723257,-0.28059578
2014-03-15T00:00:00Z,0.0,20.0,68.0,25.914417,-0.25216484
2014-03-15T00:00:00Z,0.0,20.0,70.0,25.946945,-0.25240707
2014-03-15T00:00:00Z,0.0,20.0,72.0,25.976904,-0.29281807
2014-03-15T00:00:00Z,0.0,20.0,74.0,NaN,NaN
2014-03-15T00:00:00Z,0.0,20.0,76.0,NaN,NaN
2014-03-15T00:00:00Z,0.0,22.0,56.0,NaN,NaN
2014-03-15T00:00:00Z,0.0,22.0,58.0,NaN,NaN
2014-03-15T00:00:00Z,0.0,22.0,60.0,24.762497,-0.22759438
2014-03-15T00:00:00Z,0.0,22.0,62.0,24.829466,-0.23755455
2014-03-15T00:00:00Z,0.0,22.0,64.0,24.966152,-0.22907639
2014-03-15T00:00:00Z,0.0,22.0,66.0,25.111128,-0.21613884
2014-03-15T00:00:00Z,0.0,22.0,68.0,25.186787,-0.23515701
2014-03-15T00:00:00Z,0.0,22.0,70.0,25.282635,-0.2822914
2014-03-15T00:00:00Z,0.0,22.0,72.0,NaN,NaN
2014-03-15T00:00:00Z,0.0,22.0,74.0,NaN,NaN
2014-03-15T00:00:00Z,0.0,22.0,76.0,NaN,NaN
2014-03-15T00:00:00Z,0.0,24.0,56.0,NaN,NaN
2014-03-15T00:00:00Z,0.0,24.0,58.0,NaN,NaN
2014-03-15T00:00:00Z,0.0,24.0,60.0,24.347143,-0.09651947
2014-03-15T00:00:00Z,0.0,24.0,62.0,24.452103,-0.11425209
2014-03-15T00:00:00Z,0.0,24.0,64.0,24.552265,-0.08332443
2014-03-15T00:00:00Z,0.0,24.0,66.0,24.60272,-0.1031723
2014-03-15T00:00:00Z,0.0,24.0,68.0,24.701609,-0.1794281
2014-03-15T00:00:00Z,0.0,24.0,70.0,NaN,NaN
2014-03-15T00:00:00Z,0.0,24.0,72.0,NaN,NaN
2014-03-15T00:00:00Z,0.0,24.0,74.0,NaN,NaN
2014-03-15T00:00:00Z,0.0,24.0,76.0,NaN,NaN
2014-03-15T00:00:00Z,0.0,26.0,56.0,23.253119,0.21936989
2014-03-15T00:00:00Z,0.0,26.0,58.0,23.877691,0.09781456
2014-03-15T00:00:00Z,0.0,26.0,60.0,24.124775,-0.007801056
2014-03-15T00:00:00Z,0.0,26.0,62.0,NaN,NaN
2014-03-15T00:00:00Z,0.0,26.0,64.0,24.339714,0.00834465
2014-03-15T00:00:00Z,0.0,26.0,66.0,24.344366,-0.01685524
2014-03-15T00:00:00Z,0.0,26.0,68.0,NaN,NaN
2014-03-15T00:00:00Z,0.0,26.0,70.0,NaN,NaN
2014-03-15T00:00:00Z,0.0,26.0,72.0,NaN,NaN
2014-03-15T00:00:00Z,0.0,26.0,74.0,NaN,NaN
2014-03-15T00:00:00Z,0.0,26.0,76.0,NaN,NaN
2014-04-15T00:00:00Z,0.0,8.0,56.0,29.411034,0.041599274
2014-04-15T00:00:00Z,0.0,8.0,58.0,29.513834,0.0835228
2014-04-15T00:00:00Z,0.0,8.0,60.0,29.601887,0.10997009
2014-04-15T00:00:00Z,0.0,8.0,62.0,29.696909,0.13053322
2014-04-15T00:00:00Z,0.0,8.0,64.0,29.793266,0.14074707
2014-04-15T00:00:00Z,0.0,8.0,66.0,29.899097,0.15001678
2014-04-15T00:00:00Z,0.0,8.0,68.0,30.010052,0.16515732
2014-04-15T00:00:00Z,0.0,8.0,70.0,30.114182,0.1954956
2014-04-15T00:00:00Z,0.0,8.0,72.0,30.194155,0.23340416
2014-04-15T00:00:00Z,0.0,8.0,74.0,30.229675,0.25961304
2014-04-15T00:00:00Z,0.0,8.0,76.0,30.178638,0.27175713
2014-04-15T00:00:00Z,0.0,10.0,56.0,29.084381,-0.051347733
2014-04-15T00:00:00Z,0.0,10.0,58.0,29.182325,0.008346558
2014-04-15T00:00:00Z,0.0,10.0,60.0,29.274467,0.053674698
2014-04-15T00:00:00Z,0.0,10.0,62.0,29.392946,0.093465805
2014-04-15T00:00:00Z,0.0,10.0,64.0,29.528357,0.120420456
2014-04-15T00:00:00Z,0.0,10.0,66.0,29.676401,0.14619255
2014-04-15T00:00:00Z,0.0,10.0,68.0,29.832188,0.1795826
2014-04-15T00:00:00Z,0.0,10.0,70.0,29.996857,0.22612762
2014-04-15T00:00:00Z,0.0,10.0,72.0,30.154821,0.278656
2014-04-15T00:00:00Z,0.0,10.0,74.0,30.28255,0.32084274
2014-04-15T00:00:00Z,0.0,10.0,76.0,30.333244,0.34271812
2014-04-15T00:00:00Z,0.0,12.0,56.0,28.810621,-0.09767151
2014-04-15T00:00:00Z,0.0,12.0,58.0,28.875038,-0.050628662
2014-04-15T00:00:00Z,0.0,12.0,60.0,28.944775,-0.0019340515
2014-04-15T00:00:00Z,0.0,12.0,62.0,29.050413,0.0413723
2014-04-15T00:00:00Z,0.0,12.0,64.0,29.200684,0.080976486
2014-04-15T00:00:00Z,0.0,12.0,66.0,29.37197,0.12455368
2014-04-15T00:00:00Z,0.0,12.0,68.0,29.551899,0.18146133
2014-04-15T00:00:00Z,0.0,12.0,70.0,29.754274,0.24694061
2014-04-15T00:00:00Z,0.0,12.0,72.0,29.978754,0.31206703
2014-04-15T00:00:00Z,0.0,12.0,74.0,30.193752,0.36058617
2014-04-15T00:00:00Z,0.0,12.0,76.0,30.349142,0.38675308
2014-04-15T00:00:00Z,0.0,14.0,56.0,28.548462,-0.07949638
2014-04-15T00:00:00Z,0.0,14.0,58.0,28.585928,-0.05094719
2014-04-15T00:00:00Z,0.0,14.0,60.0,28.634346,-0.020069122
2014-04-15T00:00:00Z,0.0,14.0,62.0,28.716333,0.012750626
2014-04-15T00:00:00Z,0.0,14.0,64.0,28.859463,0.057754517
2014-04-15T00:00:00Z,0.0,14.0,66.0,29.043728,0.118896484
2014-04-15T00:00:00Z,0.0,14.0,68.0,29.240025,0.19071198
2014-04-15T00:00:00Z,0.0,14.0,70.0,29.45979,0.26608086
2014-04-15T00:00:00Z,0.0,14.0,72.0,29.704956,0.32739258
2014-04-15T00:00:00Z,0.0,14.0,74.0,29.932169,0.37212563
2014-04-15T00:00:00Z,0.0,14.0,76.0,NaN,NaN
2014-04-15T00:00:00Z,0.0,16.0,56.0,28.209127,-0.028087616
2014-04-15T00:00:00Z,0.0,16.0,58.0,28.213509,-0.005680084
2014-04-15T00:00:00Z,0.0,16.0,60.0,28.272432,-0.002796173
2014-04-15T00:00:00Z,0.0,16.0,62.0,28.363665,0.013498306
2014-04-15T00:00:00Z,0.0,16.0,64.0,28.498737,0.059093475
2014-04-15T00:00:00Z,0.0,16.0,66.0,28.685116,0.130867
2014-04-15T00:00:00Z,0.0,16.0,68.0,28.886538,0.20455933
2014-04-15T00:00:00Z,0.0,16.0,70.0,29.079512,0.27467537
2014-04-15T00:00:00Z,0.0,16.0,72.0,29.291779,0.31685257
2014-04-15T00:00:00Z,0.0,16.0,74.0,29.560635,0.35615158
2014-04-15T00:00:00Z,0.0,16.0,76.0,NaN,NaN
2014-04-15T00:00:00Z,0.0,18.0,56.0,27.86228,0.034065247
2014-04-15T00:00:00Z,0.0,18.0,58.0,27.74885,0.034029007
2014-04-15T00:00:00Z,0.0,18.0,60.0,27.819942,0.022151947
2014-04-15T00:00:00Z,0.0,18.0,62.0,27.951515,0.026975632
2014-04-15T00:00:00Z,0.0,18.0,64.0,28.102644,0.07447815
2014-04-15T00:00:00Z,0.0,18.0,66.0,28.281185,0.14756012
2014-04-15T00:00:00Z,0.0,18.0,68.0,28.4411,0.21057701
2014-04-15T00:00:00Z,0.0,18.0,70.0,28.526068,0.26260757
2014-04-15T00:00:00Z,0.0,18.0,72.0,28.574884,0.28227425
2014-04-15T00:00:00Z,0.0,18.0,74.0,NaN,NaN
2014-04-15T00:00:00Z,0.0,18.0,76.0,NaN,NaN
2014-04-15T00:00:00Z,0.0,20.0,56.0,NaN,NaN
2014-04-15T00:00:00Z,0.0,20.0,58.0,27.424255,0.078920364
2014-04-15T00:00:00Z,0.0,20.0,60.0,27.393553,0.05401802
2014-04-15T00:00:00Z,0.0,20.0,62.0,27.510345,0.051721573
2014-04-15T00:00:00Z,0.0,20.0,64.0,27.676306,0.10553551
2014-04-15T00:00:00Z,0.0,20.0,66.0,27.82518,0.17219925
2014-04-15T00:00:00Z,0.0,20.0,68.0,27.898712,0.21952248
2014-04-15T00:00:00Z,0.0,20.0,70.0,27.89796,0.2565918
2014-04-15T00:00:00Z,0.0,20.0,72.0,27.923597,0.24699402
2014-04-15T00:00:00Z,0.0,20.0,74.0,NaN,NaN
2014-04-15T00:00:00Z,0.0,20.0,76.0,NaN,NaN
2014-04-15T00:00:00Z,0.0,22.0,56.0,NaN,NaN
2014-04-15T00:00:00Z,0.0,22.0,58.0,NaN,NaN
2014-04-15T00:00:00Z,0.0,22.0,60.0,27.071352,0.13198471
2014-04-15T00:00:00Z,0.0,22.0,62.0,27.135452,0.13388824
2014-04-15T00:00:00Z,0.0,22.0,64.0,27.230051,0.16425896
2014-04-15T00:00:00Z,0.0,22.0,66.0,27.323805,0.22059822
2014-04-15T00:00:00Z,0.0,22.0,68.0,27.373322,0.26102257
2014-04-15T00:00:00Z,0.0,22.0,70.0,27.448153,0.26784515
2014-04-15T00:00:00Z,0.0,22.0,72.0,NaN,NaN
2014-04-15T00:00:00Z,0.0,22.0,74.0,NaN,NaN
2014-04-15T00:00:00Z,0.0,22.0,76.0,NaN,NaN
2014-04-15T00:00:00Z,0.0,24.0,56.0,NaN,NaN
2014-04-15T00:00:00Z,0.0,24.0,58.0,NaN,NaN
2014-04-15T00:00:00Z,0.0,24.0,60.0,26.804832,0.22065353
2014-04-15T00:00:00Z,0.0,24.0,62.0,26.838657,0.21749115
2014-04-15T00:00:00Z,0.0,24.0,64.0,26.85427,0.26607704
2014-04-15T00:00:00Z,0.0,24.0,66.0,26.889664,0.30531693
2014-04-15T00:00:00Z,0.0,24.0,68.0,27.008083,0.31347275
2014-04-15T00:00:00Z,0.0,24.0,70.0,NaN,NaN
2014-04-15T00:00:00Z,0.0,24.0,72.0,NaN,NaN
2014-04-15T00:00:00Z,0.0,24.0,74.0,NaN,NaN
2014-04-15T00:00:00Z,0.0,24.0,76.0,NaN,NaN
2014-04-15T00:00:00Z,0.0,26.0,56.0,25.750994,0.45240974
2014-04-15T00:00:00Z,0.0,26.0,58.0,26.391281,0.35253143
2014-04-15T00:00:00Z,0.0,26.0,60.0,26.656801,0.28583908
2014-04-15T00:00:00Z,0.0,26.0,62.0,NaN,NaN
2014-04-15T00:00:00Z,0.0,26.0,64.0,26.635891,0.338274
2014-04-15T00:00:00Z,0.0,26.0,66.0,26.647532,0.3625431
2014-04-15T00:00:00Z,0.0,26.0,68.0,NaN,NaN
2014-04-15T00:00:00Z,0.0,26.0,70.0,NaN,NaN
2014-04-15T00:00:00Z,0.0,26.0,72.0,NaN,NaN
2014-04-15T00:00:00Z,0.0,26.0,74.0,NaN,NaN
2014-04-15T00:00:00Z,0.0,26.0,76.0,NaN,NaN
2014-05-15T00:00:00Z,0.0,8.0,56.0,30.107746,0.49437332
2014-05-15T00:00:00Z,0.0,8.0,58.0,30.298101,0.5029564
2014-05-15T00:00:00Z,0.0,8.0,60.0,30.393047,0.50136185
2014-05-15T00:00:00Z,0.0,8.0,62.0,30.439281,0.5028038
2014-05-15T00:00:00Z,0.0,8.0,64.0,30.46163,0.50196266
2014-05-15T00:00:00Z,0.0,8.0,66.0,30.489128,0.51189804
2014-05-15T00:00:00Z,0.0,8.0,68.0,30.530653,0.53959084
2014-05-15T00:00:00Z,0.0,8.0,70.0,30.58084,0.58623695
2014-05-15T00:00:00Z,0.0,8.0,72.0,30.59477,0.6239376
2014-05-15T00:00:00Z,0.0,8.0,74.0,30.520819,0.6369839
2014-05-15T00:00:00Z,0.0,8.0,76.0,30.336815,0.63643074
2014-05-15T00:00:00Z,0.0,10.0,56.0,30.030079,0.4794731
2014-05-15T00:00:00Z,0.0,10.0,58.0,30.236074,0.51332474
2014-05-15T00:00:00Z,0.0,10.0,60.0,30.330061,0.524395
2014-05-15T00:00:00Z,0.0,10.0,62.0,30.386759,0.5336151
2014-05-15T00:00:00Z,0.0,10.0,64.0,30.43128,0.5410328
2014-05-15T00:00:00Z,0.0,10.0,66.0,30.481497,0.5607052
2014-05-15T00:00:00Z,0.0,10.0,68.0,30.549969,0.5995941
2014-05-15T00:00:00Z,0.0,10.0,70.0,30.637707,0.65410423
2014-05-15T00:00:00Z,0.0,10.0,72.0,30.700136,0.702034
2014-05-15T00:00:00Z,0.0,10.0,74.0,30.689865,0.7305527
2014-05-15T00:00:00Z,0.0,10.0,76.0,30.602945,0.74033165
2014-05-15T00:00:00Z,0.0,12.0,56.0,30.083155,0.47886276
2014-05-15T00:00:00Z,0.0,12.0,58.0,30.195143,0.5090599
2014-05-15T00:00:00Z,0.0,12.0,60.0,30.24354,0.52329063
2014-05-15T00:00:00Z,0.0,12.0,62.0,30.289848,0.53034973
2014-05-15T00:00:00Z,0.0,12.0,64.0,30.34926,0.54119873
2014-05-15T00:00:00Z,0.0,12.0,66.0,30.414461,0.5671501
2014-05-15T00:00:00Z,0.0,12.0,68.0,30.497566,0.61829567
2014-05-15T00:00:00Z,0.0,12.0,70.0,30.607899,0.68471146
2014-05-15T00:00:00Z,0.0,12.0,72.0,30.721651,0.7520695
2014-05-15T00:00:00Z,0.0,12.0,74.0,30.788637,0.7990761
2014-05-15T00:00:00Z,0.0,12.0,76.0,30.799662,0.8223038
2014-05-15T00:00:00Z,0.0,14.0,56.0,30.122324,0.5037403
2014-05-15T00:00:00Z,0.0,14.0,58.0,30.120087,0.5217743
2014-05-15T00:00:00Z,0.0,14.0,60.0,30.124897,0.5200653
2014-05-15T00:00:00Z,0.0,14.0,62.0,30.169136,0.5145111
2014-05-15T00:00:00Z,0.0,14.0,64.0,30.242622,0.5238533
2014-05-15T00:00:00Z,0.0,14.0,66.0,30.315987,0.5535717
2014-05-15T00:00:00Z,0.0,14.0,68.0,30.395351,0.60647583
2014-05-15T00:00:00Z,0.0,14.0,70.0,30.506325,0.67830276
2014-05-15T00:00:00Z,0.0,14.0,72.0,30.644192,0.7550659
2014-05-15T00:00:00Z,0.0,14.0,74.0,30.75874,0.81482506
2014-05-15T00:00:00Z,0.0,14.0,76.0,NaN,NaN
2014-05-15T00:00:00Z,0.0,16.0,56.0,29.901497,0.5256691
2014-05-15T00:00:00Z,0.0,16.0,58.0,29.84348,0.53931236
2014-05-15T00:00:00Z,0.0,16.0,60.0,29.877989,0.51317596
2014-05-15T00:00:00Z,0.0,16.0,62.0,29.971712,0.4901924
2014-05-15T00:00:00Z,0.0,16.0,64.0,30.074417,0.4984169
2014-05-15T00:00:00Z,0.0,16.0,66.0,30.152826,0.52894974
2014-05-15T00:00:00Z,0.0,16.0,68.0,30.218529,0.57421494
2014-05-15T00:00:00Z,0.0,16.0,70.0,30.308062,0.6434555
2014-05-15T00:00:00Z,0.0,16.0,72.0,30.440117,0.7139549
2014-05-15T00:00:00Z,0.0,16.0,74.0,30.609766,0.78502655
2014-05-15T00:00:00Z,0.0,16.0,76.0,NaN,NaN
2014-05-15T00:00:00Z,0.0,18.0,56.0,29.506659,0.534214
2014-05-15T00:00:00Z,0.0,18.0,58.0,29.364443,0.5232487
2014-05-15T00:00:00Z,0.0,18.0,60.0,29.463802,0.48488617
2014-05-15T00:00:00Z,0.0,18.0,62.0,29.648214,0.4546299
2014-05-15T00:00:00Z,0.0,18.0,64.0,29.80176,0.46186638
2014-05-15T00:00:00Z,0.0,18.0,66.0,29.903776,0.499506
2014-05-15T00:00:00Z,0.0,18.0,68.0,29.950033,0.5396137
2014-05-15T00:00:00Z,0.0,18.0,70.0,29.977106,0.59643745
2014-05-15T00:00:00Z,0.0,18.0,72.0,30.019114,0.6437645
2014-05-15T00:00:00Z,0.0,18.0,74.0,NaN,NaN
2014-05-15T00:00:00Z,0.0,18.0,76.0,NaN,NaN
2014-05-15T00:00:00Z,0.0,20.0,56.0,NaN,NaN
2014-05-15T00:00:00Z,0.0,20.0,58.0,29.049246,0.49050713
2014-05-15T00:00:00Z,0.0,20.0,60.0,29.11299,0.4395237
2014-05-15T00:00:00Z,0.0,20.0,62.0,29.303263,0.40686607
2014-05-15T00:00:00Z,0.0,20.0,64.0,29.478334,0.4264393
2014-05-15T00:00:00Z,0.0,20.0,66.0,29.59304,0.47745514
2014-05-15T00:00:00Z,0.0,20.0,68.0,29.607687,0.5206642
2014-05-15T00:00:00Z,0.0,20.0,70.0,29.595024,0.5738125
2014-05-15T00:00:00Z,0.0,20.0,72.0,29.617966,0.58740807
2014-05-15T00:00:00Z,0.0,20.0,74.0,NaN,NaN
2014-05-15T00:00:00Z,0.0,20.0,76.0,NaN,NaN
2014-05-15T00:00:00Z,0.0,22.0,56.0,NaN,NaN
2014-05-15T00:00:00Z,0.0,22.0,58.0,NaN,NaN
2014-05-15T00:00:00Z,0.0,22.0,60.0,29.118027,0.41741562
2014-05-15T00:00:00Z,0.0,22.0,62.0,29.158865,0.3948002
2014-05-15T00:00:00Z,0.0,22.0,64.0,29.200064,0.40539742
2014-05-15T00:00:00Z,0.0,22.0,66.0,29.2545,0.46512413
2014-05-15T00:00:00Z,0.0,22.0,68.0,29.273943,0.5285988
2014-05-15T00:00:00Z,0.0,22.0,70.0,29.315773,0.56456566
2014-05-15T00:00:00Z,0.0,22.0,72.0,NaN,NaN
2014-05-15T00:00:00Z,0.0,22.0,74.0,NaN,NaN
2014-05-15T00:00:00Z,0.0,22.0,76.0,NaN,NaN
2014-05-15T00:00:00Z,0.0,24.0,56.0,NaN,NaN
2014-05-15T00:00:00Z,0.0,24.0,58.0,NaN,NaN
2014-05-15T00:00:00Z,0.0,24.0,60.0,29.351984,0.42084503
2014-05-15T00:00:00Z,0.0,24.0,62.0,29.166712,0.4009266
2014-05-15T00:00:00Z,0.0,24.0,64.0,28.997307,0.42465973
2014-05-15T00:00:00Z,0.0,24.0,66.0,28.962072,0.47916222
2014-05-15T00:00:00Z,0.0,24.0,68.0,29.027079,0.5284958
2014-05-15T00:00:00Z,0.0,24.0,70.0,NaN,NaN
2014-05-15T00:00:00Z,0.0,24.0,72.0,NaN,NaN
2014-05-15T00:00:00Z,0.0,24.0,74.0,NaN,NaN
2014-05-15T00:00:00Z,0.0,24.0,76.0,NaN,NaN
2014-05-15T00:00:00Z,0.0,26.0,56.0,29.002752,0.6165905
2014-05-15T00:00:00Z,0.0,26.0,58.0,29.477455,0.51387405
2014-05-15T00:00:00Z,0.0,26.0,60.0,29.53332,0.44969177
2014-05-15T00:00:00Z,0.0,26.0,62.0,NaN,NaN
2014-05-15T00:00:00Z,0.0,26.0,64.0,28.830994,0.44071388
2014-05-15T00:00:00Z,0.0,26.0,66.0,28.794945,0.4837036
2014-05-15T00:00:00Z,0.0,26.0,68.0,NaN,NaN
2014-05-15T00:00:00Z,0.0,26.0,70.0,NaN,NaN
2014-05-15T00:00:00Z,0.0,26.0,72.0,NaN,NaN
2014-05-15T00:00:00Z,0.0,26.0,74.0,NaN,NaN
2014-05-15T00:00:00Z,0.0,26.0,76.0,NaN,NaN
2014-06-15T00:00:00Z,0.0,8.0,56.0,28.41989,0.40668106
2014-06-15T00:00:00Z,0.0,8.0,58.0,28.897896,0.42922974
2014-06-15T00:00:00Z,0.0,8.0,60.0,29.242327,0.45072365
2014-06-15T00:00:00Z,0.0,8.0,62.0,29.453491,0.45819855
2014-06-15T00:00:00Z,0.0,8.0,64.0,29.561987,0.44490242
2014-06-15T00:00:00Z,0.0,8.0,66.0,29.622086,0.44454193
2014-06-15T00:00:00Z,0.0,8.0,68.0,29.666084,0.46829224
2014-06-15T00:00:00Z,0.0,8.0,70.0,29.692057,0.50359917
2014-06-15T00:00:00Z,0.0,8.0,72.0,29.63733,0.51901627
2014-06-15T00:00:00Z,0.0,8.0,74.0,29.428967,0.5050926
2014-06-15T00:00:00Z,0.0,8.0,76.0,29.099298,0.4940548
2014-06-15T00:00:00Z,0.0,10.0,56.0,28.288122,0.45645714
2014-06-15T00:00:00Z,0.0,10.0,58.0,28.792807,0.5019951
2014-06-15T00:00:00Z,0.0,10.0,60.0,29.121254,0.5177345
2014-06-15T00:00:00Z,0.0,10.0,62.0,29.34451,0.51615524
2014-06-15T00:00:00Z,0.0,10.0,64.0,29.498106,0.4976902
2014-06-15T00:00:00Z,0.0,10.0,66.0,29.59652,0.48556137
2014-06-15T00:00:00Z,0.0,10.0,68.0,29.659681,0.4897213
2014-06-15T00:00:00Z,0.0,10.0,70.0,29.69655,0.5125904
2014-06-15T00:00:00Z,0.0,10.0,72.0,29.640495,0.52524567
2014-06-15T00:00:00Z,0.0,10.0,74.0,29.451859,0.5280876
2014-06-15T00:00:00Z,0.0,10.0,76.0,29.20786,0.52799416
2014-06-15T00:00:00Z,0.0,12.0,56.0,28.466814,0.5080204
2014-06-15T00:00:00Z,0.0,12.0,58.0,28.798843,0.55638504
2014-06-15T00:00:00Z,0.0,12.0,60.0,29.04773,0.56866646
2014-06-15T00:00:00Z,0.0,12.0,62.0,29.274734,0.5590477
2014-06-15T00:00:00Z,0.0,12.0,64.0,29.481026,0.54348373
2014-06-15T00:00:00Z,0.0,12.0,66.0,29.61869,0.52495956
2014-06-15T00:00:00Z,0.0,12.0,68.0,29.698587,0.51716995
2014-06-15T00:00:00Z,0.0,12.0,70.0,29.735922,0.52331734
2014-06-15T00:00:00Z,0.0,12.0,72.0,29.719975,0.55062103
2014-06-15T00:00:00Z,0.0,12.0,74.0,29.593304,0.56614494
2014-06-15T00:00:00Z,0.0,12.0,76.0,29.423283,0.56679153
2014-06-15T00:00:00Z,0.0,14.0,56.0,28.733156,0.539011
2014-06-15T00:00:00Z,0.0,14.0,58.0,28.849804,0.58678246
2014-06-15T00:00:00Z,0.0,14.0,60.0,29.052298,0.6092129
2014-06-15T00:00:00Z,0.0,14.0,62.0,29.309696,0.5962753
2014-06-15T00:00:00Z,0.0,14.0,64.0,29.558027,0.5815487
2014-06-15T00:00:00Z,0.0,14.0,66.0,29.708515,0.5601196
2014-06-15T00:00:00Z,0.0,14.0,68.0,29.774141,0.54149437
2014-06-15T00:00:00Z,0.0,14.0,70.0,29.812717,0.54623795
2014-06-15T00:00:00Z,0.0,14.0,72.0,29.835611,0.57421684
2014-06-15T00:00:00Z,0.0,14.0,74.0,29.80912,0.6025238
2014-06-15T00:00:00Z,0.0,14.0,76.0,NaN,NaN
2014-06-15T00:00:00Z,0.0,16.0,56.0,28.67767,0.5305519
2014-06-15T00:00:00Z,0.0,16.0,58.0,28.738007,0.5803795
2014-06-15T00:00:00Z,0.0,16.0,60.0,29.023369,0.6050968
2014-06-15T00:00:00Z,0.0,16.0,62.0,29.397871,0.6069107
2014-06-15T00:00:00Z,0.0,16.0,64.0,29.695272,0.59706306
2014-06-15T00:00:00Z,0.0,16.0,66.0,29.840897,0.5768547
2014-06-15T00:00:00Z,0.0,16.0,68.0,29.87667,0.55148506
2014-06-15T00:00:00Z,0.0,16.0,70.0,29.910698,0.5600319
2014-06-15T00:00:00Z,0.0,16.0,72.0,29.955757,0.5860081
2014-06-15T00:00:00Z,0.0,16.0,74.0,29.974918,0.6198635
2014-06-15T00:00:00Z,0.0,16.0,76.0,NaN,NaN
2014-06-15T00:00:00Z,0.0,18.0,56.0,28.385574,0.5087681
2014-06-15T00:00:00Z,0.0,18.0,58.0,28.428616,0.53260803
2014-06-15T00:00:00Z,0.0,18.0,60.0,28.846334,0.5497303
2014-06-15T00:00:00Z,0.0,18.0,62.0,29.373957,0.5655613
2014-06-15T00:00:00Z,0.0,18.0,64.0,29.76326,0.5743027
2014-06-15T00:00:00Z,0.0,18.0,66.0,29.952772,0.57206535
2014-06-15T00:00:00Z,0.0,18.0,68.0,29.993254,0.56142044
2014-06-15T00:00:00Z,0.0,18.0,70.0,30.020912,0.5828495
2014-06-15T00:00:00Z,0.0,18.0,72.0,30.055696,0.6031761
2014-06-15T00:00:00Z,0.0,18.0,74.0,NaN,NaN
2014-06-15T00:00:00Z,0.0,18.0,76.0,NaN,NaN
2014-06-15T00:00:00Z,0.0,20.0,56.0,NaN,NaN
2014-06-15T00:00:00Z,0.0,20.0,58.0,28.369806,0.49090958
2014-06-15T00:00:00Z,0.0,20.0,60.0,28.783272,0.47777176
2014-06-15T00:00:00Z,0.0,20.0,62.0,29.304167,0.4817295
2014-06-15T00:00:00Z,0.0,20.0,64.0,29.73502,0.5183544
2014-06-15T00:00:00Z,0.0,20.0,66.0,30.00019,0.557003
2014-06-15T00:00:00Z,0.0,20.0,68.0,30.081089,0.59233665
2014-06-15T00:00:00Z,0.0,20.0,70.0,30.110462,0.6418152
2014-06-15T00:00:00Z,0.0,20.0,72.0,30.115149,0.643425
2014-06-15T00:00:00Z,0.0,20.0,74.0,NaN,NaN
2014-06-15T00:00:00Z,0.0,20.0,76.0,NaN,NaN
2014-06-15T00:00:00Z,0.0,22.0,56.0,NaN,NaN
2014-06-15T00:00:00Z,0.0,22.0,58.0,NaN,NaN
2014-06-15T00:00:00Z,0.0,22.0,60.0,29.386953,0.43849373
2014-06-15T00:00:00Z,0.0,22.0,62.0,29.55901,0.42980194
2014-06-15T00:00:00Z,0.0,22.0,64.0,29.76398,0.45544052
2014-06-15T00:00:00Z,0.0,22.0,66.0,29.98737,0.5364723
2014-06-15T00:00:00Z,0.0,22.0,68.0,30.097366,0.6295605
2014-06-15T00:00:00Z,0.0,22.0,70.0,30.138752,0.68987083
2014-06-15T00:00:00Z,0.0,22.0,72.0,NaN,NaN
2014-06-15T00:00:00Z,0.0,22.0,74.0,NaN,NaN
2014-06-15T00:00:00Z,0.0,22.0,76.0,NaN,NaN
2014-06-15T00:00:00Z,0.0,24.0,56.0,NaN,NaN
2014-06-15T00:00:00Z,0.0,24.0,58.0,NaN,NaN
2014-06-15T00:00:00Z,0.0,24.0,60.0,30.417423,0.40484238
2014-06-15T00:00:00Z,0.0,24.0,62.0,30.05362,0.40561295
2014-06-15T00:00:00Z,0.0,24.0,64.0,29.875942,0.44537354
2014-06-15T00:00:00Z,0.0,24.0,66.0,29.944653,0.52948
2014-06-15T00:00:00Z,0.0,24.0,68.0,30.03976,0.6249275
2014-06-15T00:00:00Z,0.0,24.0,70.0,NaN,NaN
2014-06-15T00:00:00Z,0.0,24.0,72.0,NaN,NaN
2014-06-15T00:00:00Z,0.0,24.0,74.0,NaN,NaN
2014-06-15T00:00:00Z,0.0,24.0,76.0,NaN,NaN
2014-06-15T00:00:00Z,0.0,26.0,56.0,31.21063,0.38004494
2014-06-15T00:00:00Z,0.0,26.0,58.0,31.403244,0.38199234
2014-06-15T00:00:00Z,0.0,26.0,60.0,31.108698,0.3907013
2014-06-15T00:00:00Z,0.0,26.0,62.0,NaN,NaN
2014-06-15T00:00:00Z,0.0,26.0,64.0,29.886642,0.4486904
2014-06-15T00:00:00Z,0.0,26.0,66.0,29.89104,0.50886345
2014-06-15T00:00:00Z,0.0,26.0,68.0,NaN,NaN
2014-06-15T00:00:00Z,0.0,26.0,70.0,NaN,NaN
2014-06-15T00:00:00Z,0.0,26.0,72.0,NaN,NaN
2014-06-15T00:00:00Z,0.0,26.0,74.0,NaN,NaN
2014-06-15T00:00:00Z,0.0,26.0,76.0,NaN,NaN
2014-07-15T00:00:00Z,0.0,8.0,56.0,26.315184,-0.13777542
2014-07-15T00:00:00Z,0.0,8.0,58.0,27.08846,-1.2397766E-4
2014-07-15T00:00:00Z,0.0,8.0,60.0,27.777819,0.11856651
2014-07-15T00:00:00Z,0.0,8.0,62.0,28.294151,0.2017765
2014-07-15T00:00:00Z,0.0,8.0,64.0,28.63009,0.24648666
2014-07-15T00:00:00Z,0.0,8.0,66.0,28.817257,0.2769661
2014-07-15T00:00:00Z,0.0,8.0,68.0,28.886932,0.2960167
2014-07-15T00:00:00Z,0.0,8.0,70.0,28.868448,0.29613686
2014-07-15T00:00:00Z,0.0,8.0,72.0,28.709831,0.24931145
2014-07-15T00:00:00Z,0.0,8.0,74.0,28.358719,0.16605377
2014-07-15T00:00:00Z,0.0,8.0,76.0,27.92598,0.11097336
2014-07-15T00:00:00Z,0.0,10.0,56.0,25.90403,-0.16088486
2014-07-15T00:00:00Z,0.0,10.0,58.0,26.686785,-0.009527206
2014-07-15T00:00:00Z,0.0,10.0,60.0,27.318493,0.097429276
2014-07-15T00:00:00Z,0.0,10.0,62.0,27.82379,0.16589355
2014-07-15T00:00:00Z,0.0,10.0,64.0,28.226448,0.2108841
2014-07-15T00:00:00Z,0.0,10.0,66.0,28.501774,0.249794
2014-07-15T00:00:00Z,0.0,10.0,68.0,28.658075,0.2842617
2014-07-15T00:00:00Z,0.0,10.0,70.0,28.698673,0.30059052
2014-07-15T00:00:00Z,0.0,10.0,72.0,28.553505,0.26875305
2014-07-15T00:00:00Z,0.0,10.0,74.0,28.214165,0.20493507
2014-07-15T00:00:00Z,0.0,10.0,76.0,27.86256,0.15570068
2014-07-15T00:00:00Z,0.0,12.0,56.0,25.81111,-0.12178612
2014-07-15T00:00:00Z,0.0,12.0,58.0,26.373888,-9.860992E-4
2014-07-15T00:00:00Z,0.0,12.0,60.0,26.895931,0.09159851
2014-07-15T00:00:00Z,0.0,12.0,62.0,27.404034,0.15111732
2014-07-15T00:00:00Z,0.0,12.0,64.0,27.886934,0.20607948
2014-07-15T00:00:00Z,0.0,12.0,66.0,28.254341,0.25809097
2014-07-15T00:00:00Z,0.0,12.0,68.0,28.493025,0.3035679
2014-07-15T00:00:00Z,0.0,12.0,70.0,28.601583,0.3311062
2014-07-15T00:00:00Z,0.0,12.0,72.0,28.55052,0.33408165
2014-07-15T00:00:00Z,0.0,12.0,74.0,28.31172,0.2938938
2014-07-15T00:00:00Z,0.0,12.0,76.0,28.041359,0.23870087
2014-07-15T00:00:00Z,0.0,14.0,56.0,25.917765,-0.019420624
2014-07-15T00:00:00Z,0.0,14.0,58.0,26.21084,0.059236526
2014-07-15T00:00:00Z,0.0,14.0,60.0,26.647455,0.13199806
2014-07-15T00:00:00Z,0.0,14.0,62.0,27.192894,0.18906021
2014-07-15T00:00:00Z,0.0,14.0,64.0,27.747663,0.2552681
2014-07-15T00:00:00Z,0.0,14.0,66.0,28.170675,0.3127594
2014-07-15T00:00:00Z,0.0,14.0,68.0,28.446394,0.3577919
2014-07-15T00:00:00Z,0.0,14.0,70.0,28.611965,0.3977146
2014-07-15T00:00:00Z,0.0,14.0,72.0,28.667892,0.4233322
2014-07-15T00:00:00Z,0.0,14.0,74.0,28.596088,0.4165554
2014-07-15T00:00:00Z,0.0,14.0,76.0,NaN,NaN
2014-07-15T00:00:00Z,0.0,16.0,56.0,25.854158,0.07890129
2014-07-15T00:00:00Z,0.0,16.0,58.0,26.09298,0.15202141
2014-07-15T00:00:00Z,0.0,16.0,60.0,26.592587,0.2086277
2014-07-15T00:00:00Z,0.0,16.0,62.0,27.242634,0.2686119
2014-07-15T00:00:00Z,0.0,16.0,64.0,27.860508,0.34059143
2014-07-15T00:00:00Z,0.0,16.0,66.0,28.301886,0.3948841
2014-07-15T00:00:00Z,0.0,16.0,68.0,28.572903,0.4331112
2014-07-15T00:00:00Z,0.0,16.0,70.0,28.762238,0.4793434
2014-07-15T00:00:00Z,0.0,16.0,72.0,28.865274,0.5047264
2014-07-15T00:00:00Z,0.0,16.0,74.0,28.865051,0.51706886
2014-07-15T00:00:00Z,0.0,16.0,76.0,NaN,NaN
2014-07-15T00:00:00Z,0.0,18.0,56.0,25.703,0.16098213
2014-07-15T00:00:00Z,0.0,18.0,58.0,25.946203,0.23498726
2014-07-15T00:00:00Z,0.0,18.0,60.0,26.588707,0.2915001
2014-07-15T00:00:00Z,0.0,18.0,62.0,27.382402,0.35104942
2014-07-15T00:00:00Z,0.0,18.0,64.0,28.090347,0.4201393
2014-07-15T00:00:00Z,0.0,18.0,66.0,28.58946,0.48010445
2014-07-15T00:00:00Z,0.0,18.0,68.0,28.857742,0.5159073
2014-07-15T00:00:00Z,0.0,18.0,70.0,29.035809,0.5623512
2014-07-15T00:00:00Z,0.0,18.0,72.0,29.140491,0.5780258
2014-07-15T00:00:00Z,0.0,18.0,74.0,NaN,NaN
2014-07-15T00:00:00Z,0.0,18.0,76.0,NaN,NaN
2014-07-15T00:00:00Z,0.0,20.0,56.0,NaN,NaN
2014-07-15T00:00:00Z,0.0,20.0,58.0,26.16528,0.32427788
2014-07-15T00:00:00Z,0.0,20.0,60.0,26.837713,0.37445068
2014-07-15T00:00:00Z,0.0,20.0,62.0,27.611683,0.41822433
2014-07-15T00:00:00Z,0.0,20.0,64.0,28.340496,0.48291016
2014-07-15T00:00:00Z,0.0,20.0,66.0,28.913532,0.5491581
2014-07-15T00:00:00Z,0.0,20.0,68.0,29.197317,0.60090065
2014-07-15T00:00:00Z,0.0,20.0,70.0,29.327673,0.64907837
2014-07-15T00:00:00Z,0.0,20.0,72.0,29.357418,0.6419563
2014-07-15T00:00:00Z,0.0,20.0,74.0,NaN,NaN
2014-07-15T00:00:00Z,0.0,20.0,76.0,NaN,NaN
2014-07-15T00:00:00Z,0.0,22.0,56.0,NaN,NaN
2014-07-15T00:00:00Z,0.0,22.0,58.0,NaN,NaN
2014-07-15T00:00:00Z,0.0,22.0,60.0,28.055307,0.5108986
2014-07-15T00:00:00Z,0.0,22.0,62.0,28.320736,0.51804924
2014-07-15T00:00:00Z,0.0,22.0,64.0,28.718603,0.52854156
2014-07-15T00:00:00Z,0.0,22.0,66.0,29.202074,0.592741
2014-07-15T00:00:00Z,0.0,22.0,68.0,29.455576,0.66625786
2014-07-15T00:00:00Z,0.0,22.0,70.0,29.49807,0.69976616
2014-07-15T00:00:00Z,0.0,22.0,72.0,NaN,NaN
2014-07-15T00:00:00Z,0.0,22.0,74.0,NaN,NaN
2014-07-15T00:00:00Z,0.0,22.0,76.0,NaN,NaN
2014-07-15T00:00:00Z,0.0,24.0,56.0,NaN,NaN
2014-07-15T00:00:00Z,0.0,24.0,58.0,NaN,NaN
2014-07-15T00:00:00Z,0.0,24.0,60.0,29.963522,0.66441727
2014-07-15T00:00:00Z,0.0,24.0,62.0,29.334143,0.59145546
2014-07-15T00:00:00Z,0.0,24.0,64.0,29.171808,0.5724201
2014-07-15T00:00:00Z,0.0,24.0,66.0,29.419104,0.6197643
2014-07-15T00:00:00Z,0.0,24.0,68.0,29.552649,0.675436
2014-07-15T00:00:00Z,0.0,24.0,70.0,NaN,NaN
2014-07-15T00:00:00Z,0.0,24.0,72.0,NaN,NaN
2014-07-15T00:00:00Z,0.0,24.0,74.0,NaN,NaN
2014-07-15T00:00:00Z,0.0,24.0,76.0,NaN,NaN
2014-07-15T00:00:00Z,0.0,26.0,56.0,32.67541,0.87124634
2014-07-15T00:00:00Z,0.0,26.0,58.0,32.174965,0.80049515
2014-07-15T00:00:00Z,0.0,26.0,60.0,31.250618,0.72117424
2014-07-15T00:00:00Z,0.0,26.0,62.0,NaN,NaN
2014-07-15T00:00:00Z,0.0,26.0,64.0,29.390985,0.5683842
2014-07-15T00:00:00Z,0.0,26.0,66.0,29.493626,0.6106167
2014-07-15T00:00:00Z,0.0,26.0,68.0,NaN,NaN
2014-07-15T00:00:00Z,0.0,26.0,70.0,NaN,NaN
2014-07-15T00:00:00Z,0.0,26.0,72.0,NaN,NaN
2014-07-15T00:00:00Z,0.0,26.0,74.0,NaN,NaN
2014-07-15T00:00:00Z,0.0,26.0,76.0,NaN,NaN
2014-08-15T00:00:00Z,0.0,8.0,56.0,25.463589,-0.34026527
2014-08-15T00:00:00Z,0.0,8.0,58.0,26.254892,-0.19669151
2014-08-15T00:00:00Z,0.0,8.0,60.0,27.08456,-0.032878876
2014-08-15T00:00:00Z,0.0,8.0,62.0,27.7847,0.114824295
2014-08-15T00:00:00Z,0.0,8.0,64.0,28.27028,0.2135086
2014-08-15T00:00:00Z,0.0,8.0,66.0,28.539917,0.26949883
2014-08-15T00:00:00Z,0.0,8.0,68.0,28.6307,0.294302
2014-08-15T00:00:00Z,0.0,8.0,70.0,28.599407,0.29369926
2014-08-15T00:00:00Z,0.0,8.0,72.0,28.414341,0.24617386
2014-08-15T00:00:00Z,0.0,8.0,74.0,28.027876,0.15683365
2014-08-15T00:00:00Z,0.0,8.0,76.0,27.573631,0.08293724
2014-08-15T00:00:00Z,0.0,10.0,56.0,24.87286,-0.48734856
2014-08-15T00:00:00Z,0.0,10.0,58.0,25.634254,-0.34685135
2014-08-15T00:00:00Z,0.0,10.0,60.0,26.372469,-0.18830109
2014-08-15T00:00:00Z,0.0,10.0,62.0,27.04163,-0.046848297
2014-08-15T00:00:00Z,0.0,10.0,64.0,27.603687,0.06304169
2014-08-15T00:00:00Z,0.0,10.0,66.0,27.99371,0.1460228
2014-08-15T00:00:00Z,0.0,10.0,68.0,28.212511,0.20459366
2014-08-15T00:00:00Z,0.0,10.0,70.0,28.276453,0.23093224
2014-08-15T00:00:00Z,0.0,10.0,72.0,28.128479,0.20581245
2014-08-15T00:00:00Z,0.0,10.0,74.0,27.757854,0.13643646
2014-08-15T00:00:00Z,0.0,10.0,76.0,27.38259,0.07449913
2014-08-15T00:00:00Z,0.0,12.0,56.0,24.53431,-0.5413151
2014-08-15T00:00:00Z,0.0,12.0,58.0,25.088064,-0.44576836
2014-08-15T00:00:00Z,0.0,12.0,60.0,25.697626,-0.30962372
2014-08-15T00:00:00Z,0.0,12.0,62.0,26.345818,-0.17814064
2014-08-15T00:00:00Z,0.0,12.0,64.0,26.979523,-0.0587883
2014-08-15T00:00:00Z,0.0,12.0,66.0,27.48318,0.045534134
2014-08-15T00:00:00Z,0.0,12.0,68.0,27.826735,0.12565231
2014-08-15T00:00:00Z,0.0,12.0,70.0,28.002684,0.17508125
2014-08-15T00:00:00Z,0.0,12.0,72.0,27.965946,0.18496895
2014-08-15T00:00:00Z,0.0,12.0,74.0,27.715338,0.15078354
2014-08-15T00:00:00Z,0.0,12.0,76.0,27.443384,0.099061966
2014-08-15T00:00:00Z,0.0,14.0,56.0,24.433422,-0.4634323
2014-08-15T00:00:00Z,0.0,14.0,58.0,24.759459,-0.4169178
2014-08-15T00:00:00Z,0.0,14.0,60.0,25.260782,-0.32196808
2014-08-15T00:00:00Z,0.0,14.0,62.0,25.90311,-0.21453667
2014-08-15T00:00:00Z,0.0,14.0,64.0,26.58745,-0.09523773
2014-08-15T00:00:00Z,0.0,14.0,66.0,27.1577,0.007846832
2014-08-15T00:00:00Z,0.0,14.0,68.0,27.569763,0.08334732
2014-08-15T00:00:00Z,0.0,14.0,70.0,27.828417,0.1395626
2014-08-15T00:00:00Z,0.0,14.0,72.0,27.916155,0.17321968
2014-08-15T00:00:00Z,0.0,14.0,74.0,27.847038,0.17846298
2014-08-15T00:00:00Z,0.0,14.0,76.0,NaN,NaN
2014-08-15T00:00:00Z,0.0,16.0,56.0,24.32852,-0.31874466
2014-08-15T00:00:00Z,0.0,16.0,58.0,24.623749,-0.27569008
2014-08-15T00:00:00Z,0.0,16.0,60.0,25.137604,-0.22939873
2014-08-15T00:00:00Z,0.0,16.0,62.0,25.81956,-0.15369225
2014-08-15T00:00:00Z,0.0,16.0,64.0,26.538116,-0.04473877
2014-08-15T00:00:00Z,0.0,16.0,66.0,27.12664,0.04170227
2014-08-15T00:00:00Z,0.0,16.0,68.0,27.541428,0.095947266
2014-08-15T00:00:00Z,0.0,16.0,70.0,27.83087,0.14761925
2014-08-15T00:00:00Z,0.0,16.0,72.0,27.976284,0.17754173
2014-08-15T00:00:00Z,0.0,16.0,74.0,27.990953,0.19704819
2014-08-15T00:00:00Z,0.0,16.0,76.0,NaN,NaN
2014-08-15T00:00:00Z,0.0,18.0,56.0,24.269974,-0.1797123
2014-08-15T00:00:00Z,0.0,18.0,58.0,24.562822,-0.122823715
2014-08-15T00:00:00Z,0.0,18.0,60.0,25.179037,-0.09825516
2014-08-15T00:00:00Z,0.0,18.0,62.0,25.94906,-0.05914879
2014-08-15T00:00:00Z,0.0,18.0,64.0,26.724398,0.024625778
2014-08-15T00:00:00Z,0.0,18.0,66.0,27.360914,0.11189079
2014-08-15T00:00:00Z,0.0,18.0,68.0,27.763334,0.16410446
2014-08-15T00:00:00Z,0.0,18.0,70.0,28.039953,0.22080803
2014-08-15T00:00:00Z,0.0,18.0,72.0,28.192982,0.24211311
2014-08-15T00:00:00Z,0.0,18.0,74.0,NaN,NaN
2014-08-15T00:00:00Z,0.0,18.0,76.0,NaN,NaN
2014-08-15T00:00:00Z,0.0,20.0,56.0,NaN,NaN
2014-08-15T00:00:00Z,0.0,20.0,58.0,24.849407,-0.0047130585
2014-08-15T00:00:00Z,0.0,20.0,60.0,25.490103,0.008218765
2014-08-15T00:00:00Z,0.0,20.0,62.0,26.22337,0.015264511
2014-08-15T00:00:00Z,0.0,20.0,64.0,26.989965,0.06927681
2014-08-15T00:00:00Z,0.0,20.0,66.0,27.689205,0.16649628
2014-08-15T00:00:00Z,0.0,20.0,68.0,28.101791,0.25893593
2014-08-15T00:00:00Z,0.0,20.0,70.0,28.329222,0.3382206
2014-08-15T00:00:00Z,0.0,20.0,72.0,28.417141,0.34877968
2014-08-15T00:00:00Z,0.0,20.0,74.0,NaN,NaN
2014-08-15T00:00:00Z,0.0,20.0,76.0,NaN,NaN
2014-08-15T00:00:00Z,0.0,22.0,56.0,NaN,NaN
2014-08-15T00:00:00Z,0.0,22.0,58.0,NaN,NaN
2014-08-15T00:00:00Z,0.0,22.0,60.0,26.739017,0.14513206
2014-08-15T00:00:00Z,0.0,22.0,62.0,26.946077,0.11420059
2014-08-15T00:00:00Z,0.0,22.0,64.0,27.37262,0.10920334
2014-08-15T00:00:00Z,0.0,22.0,66.0,27.978981,0.20633507
2014-08-15T00:00:00Z,0.0,22.0,68.0,28.357275,0.3376503
2014-08-15T00:00:00Z,0.0,22.0,70.0,28.494452,0.41856194
2014-08-15T00:00:00Z,0.0,22.0,72.0,NaN,NaN
2014-08-15T00:00:00Z,0.0,22.0,74.0,NaN,NaN
2014-08-15T00:00:00Z,0.0,22.0,76.0,NaN,NaN
2014-08-15T00:00:00Z,0.0,24.0,56.0,NaN,NaN
2014-08-15T00:00:00Z,0.0,24.0,58.0,NaN,NaN
2014-08-15T00:00:00Z,0.0,24.0,60.0,28.768213,0.36369705
2014-08-15T00:00:00Z,0.0,24.0,62.0,27.990822,0.22405052
2014-08-15T00:00:00Z,0.0,24.0,64.0,27.82669,0.17416573
2014-08-15T00:00:00Z,0.0,24.0,66.0,28.192488,0.25119781
2014-08-15T00:00:00Z,0.0,24.0,68.0,28.436277,0.3591957
2014-08-15T00:00:00Z,0.0,24.0,70.0,NaN,NaN
2014-08-15T00:00:00Z,0.0,24.0,72.0,NaN,NaN
2014-08-15T00:00:00Z,0.0,24.0,74.0,NaN,NaN
2014-08-15T00:00:00Z,0.0,24.0,76.0,NaN,NaN
2014-08-15T00:00:00Z,0.0,26.0,56.0,32.89641,0.9296627
2014-08-15T00:00:00Z,0.0,26.0,58.0,31.659666,0.7204571
2014-08-15T00:00:00Z,0.0,26.0,60.0,30.27247,0.5380058
2014-08-15T00:00:00Z,0.0,26.0,62.0,NaN,NaN
2014-08-15T00:00:00Z,0.0,26.0,64.0,28.097048,0.21620941
2014-08-15T00:00:00Z,0.0,26.0,66.0,28.275177,0.27659607
2014-08-15T00:00:00Z,0.0,26.0,68.0,NaN,NaN
2014-08-15T00:00:00Z,0.0,26.0,70.0,NaN,NaN
2014-08-15T00:00:00Z,0.0,26.0,72.0,NaN,NaN
2014-08-15T00:00:00Z,0.0,26.0,74.0,NaN,NaN
2014-08-15T00:00:00Z,0.0,26.0,76.0,NaN,NaN
2014-09-15T00:00:00Z,0.0,8.0,56.0,26.287447,0.0034046173
2014-09-15T00:00:00Z,0.0,8.0,58.0,26.888048,0.031129837
2014-09-15T00:00:00Z,0.0,8.0,60.0,27.51761,0.08006859
2014-09-15T00:00:00Z,0.0,8.0,62.0,28.05128,0.14959335
2014-09-15T00:00:00Z,0.0,8.0,64.0,28.416399,0.20598412
2014-09-15T00:00:00Z,0.0,8.0,66.0,28.618979,0.24321175
2014-09-15T00:00:00Z,0.0,8.0,68.0,28.687712,0.2639866
2014-09-15T00:00:00Z,0.0,8.0,70.0,28.666443,0.2661934
2014-09-15T00:00:00Z,0.0,8.0,72.0,28.54723,0.24547958
2014-09-15T00:00:00Z,0.0,8.0,74.0,28.283112,0.20609283
2014-09-15T00:00:00Z,0.0,8.0,76.0,27.971298,0.18774986
2014-09-15T00:00:00Z,0.0,10.0,56.0,25.83497,-0.10379982
2014-09-15T00:00:00Z,0.0,10.0,58.0,26.408924,-0.060390472
2014-09-15T00:00:00Z,0.0,10.0,60.0,26.964117,-0.0049858093
2014-09-15T00:00:00Z,0.0,10.0,62.0,27.483904,0.072029114
2014-09-15T00:00:00Z,0.0,10.0,64.0,27.915756,0.13825798
2014-09-15T00:00:00Z,0.0,10.0,66.0,28.2119,0.18863297
2014-09-15T00:00:00Z,0.0,10.0,68.0,28.371168,0.21648216
2014-09-15T00:00:00Z,0.0,10.0,70.0,28.416512,0.22021866
2014-09-15T00:00:00Z,0.0,10.0,72.0,28.313374,0.19512367
2014-09-15T00:00:00Z,0.0,10.0,74.0,28.045084,0.15410614
2014-09-15T00:00:00Z,0.0,10.0,76.0,27.778421,0.13581085
2014-09-15T00:00:00Z,0.0,12.0,56.0,25.581112,-0.15416145
2014-09-15T00:00:00Z,0.0,12.0,58.0,26.001812,-0.122774124
2014-09-15T00:00:00Z,0.0,12.0,60.0,26.473932,-0.057836533
2014-09-15T00:00:00Z,0.0,12.0,62.0,26.982222,0.021411896
2014-09-15T00:00:00Z,0.0,12.0,64.0,27.469683,0.097120285
2014-09-15T00:00:00Z,0.0,12.0,66.0,27.851841,0.15952873
2014-09-15T00:00:00Z,0.0,12.0,68.0,28.106064,0.18943977
2014-09-15T00:00:00Z,0.0,12.0,70.0,28.225904,0.18811226
2014-09-15T00:00:00Z,0.0,12.0,72.0,28.18047,0.16892624
2014-09-15T00:00:00Z,0.0,12.0,74.0,27.977427,0.13900185
2014-09-15T00:00:00Z,0.0,12.0,76.0,27.778051,0.11445999
2014-09-15T00:00:00Z,0.0,14.0,56.0,25.505999,-0.1273365
2014-09-15T00:00:00Z,0.0,14.0,58.0,25.762959,-0.11181259
2014-09-15T00:00:00Z,0.0,14.0,60.0,26.166292,-0.054143906
2014-09-15T00:00:00Z,0.0,14.0,62.0,26.674484,0.020486832
2014-09-15T00:00:00Z,0.0,14.0,64.0,27.197472,0.101493835
2014-09-15T00:00:00Z,0.0,14.0,66.0,27.629864,0.162426
2014-09-15T00:00:00Z,0.0,14.0,68.0,27.947441,0.18606758
2014-09-15T00:00:00Z,0.0,14.0,70.0,28.13948,0.1850853
2014-09-15T00:00:00Z,0.0,14.0,72.0,28.170328,0.16976547
2014-09-15T00:00:00Z,0.0,14.0,74.0,28.081327,0.15656853
2014-09-15T00:00:00Z,0.0,14.0,76.0,NaN,NaN
2014-09-15T00:00:00Z,0.0,16.0,56.0,25.421377,-0.059713364
2014-09-15T00:00:00Z,0.0,16.0,58.0,25.661678,-0.040676117
2014-09-15T00:00:00Z,0.0,16.0,60.0,26.09082,-0.0030326843
2014-09-15T00:00:00Z,0.0,16.0,62.0,26.631575,0.057512283
2014-09-15T00:00:00Z,0.0,16.0,64.0,27.177027,0.13931847
2014-09-15T00:00:00Z,0.0,16.0,66.0,27.626266,0.19543457
2014-09-15T00:00:00Z,0.0,16.0,68.0,27.965088,0.21456718
2014-09-15T00:00:00Z,0.0,16.0,70.0,28.21023,0.22441673
2014-09-15T00:00:00Z,0.0,16.0,72.0,28.295324,0.20824814
2014-09-15T00:00:00Z,0.0,16.0,74.0,28.250359,0.19353485
2014-09-15T00:00:00Z,0.0,16.0,76.0,NaN,NaN
2014-09-15T00:00:00Z,0.0,18.0,56.0,25.36038,0.010948181
2014-09-15T00:00:00Z,0.0,18.0,58.0,25.59798,0.035495758
2014-09-15T00:00:00Z,0.0,18.0,60.0,26.132275,0.064941406
2014-09-15T00:00:00Z,0.0,18.0,62.0,26.763227,0.1086216
2014-09-15T00:00:00Z,0.0,18.0,64.0,27.356066,0.18156624
2014-09-15T00:00:00Z,0.0,18.0,66.0,27.838333,0.24920845
2014-09-15T00:00:00Z,0.0,18.0,68.0,28.174429,0.28505516
2014-09-15T00:00:00Z,0.0,18.0,70.0,28.431313,0.31702042
2014-09-15T00:00:00Z,0.0,18.0,72.0,28.552711,0.30819702
2014-09-15T00:00:00Z,0.0,18.0,74.0,NaN,NaN
2014-09-15T00:00:00Z,0.0,18.0,76.0,NaN,NaN
2014-09-15T00:00:00Z,0.0,20.0,56.0,NaN,NaN
2014-09-15T00:00:00Z,0.0,20.0,58.0,25.817894,0.1085186
2014-09-15T00:00:00Z,0.0,20.0,60.0,26.382818,0.13669014
2014-09-15T00:00:00Z,0.0,20.0,62.0,27.008213,0.1674633
2014-09-15T00:00:00Z,0.0,20.0,64.0,27.602896,0.23006248
2014-09-15T00:00:00Z,0.0,20.0,66.0,28.120544,0.3169403
2014-09-15T00:00:00Z,0.0,20.0,68.0,28.43628,0.38750648
2014-09-15T00:00:00Z,0.0,20.0,70.0,28.648964,0.44112396
2014-09-15T00:00:00Z,0.0,20.0,72.0,28.75145,0.4324417
2014-09-15T00:00:00Z,0.0,20.0,74.0,NaN,NaN
2014-09-15T00:00:00Z,0.0,20.0,76.0,NaN,NaN
2014-09-15T00:00:00Z,0.0,22.0,56.0,NaN,NaN
2014-09-15T00:00:00Z,0.0,22.0,58.0,NaN,NaN
2014-09-15T00:00:00Z,0.0,22.0,60.0,27.318163,0.2596569
2014-09-15T00:00:00Z,0.0,22.0,62.0,27.530478,0.27435303
2014-09-15T00:00:00Z,0.0,22.0,64.0,27.8772,0.31353378
2014-09-15T00:00:00Z,0.0,22.0,66.0,28.309097,0.4004097
2014-09-15T00:00:00Z,0.0,22.0,68.0,28.570713,0.4908104
2014-09-15T00:00:00Z,0.0,22.0,70.0,28.707153,0.5329132
2014-09-15T00:00:00Z,0.0,22.0,72.0,NaN,NaN
2014-09-15T00:00:00Z,0.0,22.0,74.0,NaN,NaN
2014-09-15T00:00:00Z,0.0,22.0,76.0,NaN,NaN
2014-09-15T00:00:00Z,0.0,24.0,56.0,NaN,NaN
2014-09-15T00:00:00Z,0.0,24.0,58.0,NaN,NaN
2014-09-15T00:00:00Z,0.0,24.0,60.0,28.75011,0.413229
2014-09-15T00:00:00Z,0.0,24.0,62.0,28.209358,0.38591385
2014-09-15T00:00:00Z,0.0,24.0,64.0,28.121824,0.42538834
2014-09-15T00:00:00Z,0.0,24.0,66.0,28.375282,0.49289322
2014-09-15T00:00:00Z,0.0,24.0,68.0,28.556112,0.55127716
2014-09-15T00:00:00Z,0.0,24.0,70.0,NaN,NaN
2014-09-15T00:00:00Z,0.0,24.0,72.0,NaN,NaN
2014-09-15T00:00:00Z,0.0,24.0,74.0,NaN,NaN
2014-09-15T00:00:00Z,0.0,24.0,76.0,NaN,NaN
2014-09-15T00:00:00Z,0.0,26.0,56.0,32.21611,0.6151962
2014-09-15T00:00:00Z,0.0,26.0,58.0,30.967173,0.5505905
2014-09-15T00:00:00Z,0.0,26.0,60.0,29.795408,0.50048065
2014-09-15T00:00:00Z,0.0,26.0,62.0,NaN,NaN
2014-09-15T00:00:00Z,0.0,26.0,64.0,28.233335,0.4960308
2014-09-15T00:00:00Z,0.0,26.0,66.0,28.359497,0.5484524
2014-09-15T00:00:00Z,0.0,26.0,68.0,NaN,NaN
2014-09-15T00:00:00Z,0.0,26.0,70.0,NaN,NaN
2014-09-15T00:00:00Z,0.0,26.0,72.0,NaN,NaN
2014-09-15T00:00:00Z,0.0,26.0,74.0,NaN,NaN
2014-09-15T00:00:00Z,0.0,26.0,76.0,NaN,NaN
2014-10-15T00:00:00Z,0.0,8.0,56.0,28.10971,0.6951065
2014-10-15T00:00:00Z,0.0,8.0,58.0,28.387278,0.62740135
2014-10-15T00:00:00Z,0.0,8.0,60.0,28.675701,0.57317734
2014-10-15T00:00:00Z,0.0,8.0,62.0,28.88059,0.5418186
2014-10-15T00:00:00Z,0.0,8.0,64.0,28.98107,0.513216
2014-10-15T00:00:00Z,0.0,8.0,66.0,29.048632,0.49810982
2014-10-15T00:00:00Z,0.0,8.0,68.0,29.112556,0.5020962
2014-10-15T00:00:00Z,0.0,8.0,70.0,29.166487,0.52077675
2014-10-15T00:00:00Z,0.0,8.0,72.0,29.17457,0.5474014
2014-10-15T00:00:00Z,0.0,8.0,74.0,29.074896,0.56464577
2014-10-15T00:00:00Z,0.0,8.0,76.0,28.889698,0.5703087
2014-10-15T00:00:00Z,0.0,10.0,56.0,27.979967,0.695631
2014-10-15T00:00:00Z,0.0,10.0,58.0,28.229527,0.64619064
2014-10-15T00:00:00Z,0.0,10.0,60.0,28.455135,0.6058006
2014-10-15T00:00:00Z,0.0,10.0,62.0,28.646593,0.5855503
2014-10-15T00:00:00Z,0.0,10.0,64.0,28.787527,0.5580063
2014-10-15T00:00:00Z,0.0,10.0,66.0,28.906853,0.53139496
2014-10-15T00:00:00Z,0.0,10.0,68.0,29.026678,0.5213642
2014-10-15T00:00:00Z,0.0,10.0,70.0,29.145592,0.54042435
2014-10-15T00:00:00Z,0.0,10.0,72.0,29.193539,0.56676674
2014-10-15T00:00:00Z,0.0,10.0,74.0,29.112392,0.58839035
2014-10-15T00:00:00Z,0.0,10.0,76.0,28.964008,0.5999737
2014-10-15T00:00:00Z,0.0,12.0,56.0,28.017797,0.72177696
2014-10-15T00:00:00Z,0.0,12.0,58.0,28.189093,0.68632126
2014-10-15T00:00:00Z,0.0,12.0,60.0,28.333603,0.6593933
2014-10-15T00:00:00Z,0.0,12.0,62.0,28.48727,0.63833237
2014-10-15T00:00:00Z,0.0,12.0,64.0,28.640762,0.6024513
2014-10-15T00:00:00Z,0.0,12.0,66.0,28.800406,0.5655937
2014-10-15T00:00:00Z,0.0,12.0,68.0,28.981222,0.54657555
2014-10-15T00:00:00Z,0.0,12.0,70.0,29.148321,0.549778
2014-10-15T00:00:00Z,0.0,12.0,72.0,29.231457,0.5738945
2014-10-15T00:00:00Z,0.0,12.0,74.0,29.177088,0.59272575
2014-10-15T00:00:00Z,0.0,12.0,76.0,29.074797,0.60489655
2014-10-15T00:00:00Z,0.0,14.0,56.0,28.151974,0.7482033
2014-10-15T00:00:00Z,0.0,14.0,58.0,28.242977,0.7318096
2014-10-15T00:00:00Z,0.0,14.0,60.0,28.341606,0.71754074
2014-10-15T00:00:00Z,0.0,14.0,62.0,28.469444,0.68819237
2014-10-15T00:00:00Z,0.0,14.0,64.0,28.611992,0.64022064
2014-10-15T00:00:00Z,0.0,14.0,66.0,28.779568,0.5935898
2014-10-15T00:00:00Z,0.0,14.0,68.0,28.987514,0.56391144
2014-10-15T00:00:00Z,0.0,14.0,70.0,29.184507,0.55698586
2014-10-15T00:00:00Z,0.0,14.0,72.0,29.273119,0.55936813
2014-10-15T00:00:00Z,0.0,14.0,74.0,29.252317,0.57026863
2014-10-15T00:00:00Z,0.0,14.0,76.0,NaN,NaN
2014-10-15T00:00:00Z,0.0,16.0,56.0,28.190184,0.7472954
2014-10-15T00:00:00Z,0.0,16.0,58.0,28.267864,0.7511978
2014-10-15T00:00:00Z,0.0,16.0,60.0,28.400097,0.7415123
2014-10-15T00:00:00Z,0.0,16.0,62.0,28.552809,0.70820427
2014-10-15T00:00:00Z,0.0,16.0,64.0,28.687714,0.6554642
2014-10-15T00:00:00Z,0.0,16.0,66.0,28.842106,0.6033783
2014-10-15T00:00:00Z,0.0,16.0,68.0,29.042278,0.5622368
2014-10-15T00:00:00Z,0.0,16.0,70.0,29.239368,0.54457664
2014-10-15T00:00:00Z,0.0,16.0,72.0,29.321472,0.52949715
2014-10-15T00:00:00Z,0.0,16.0,74.0,29.309109,0.53292274
2014-10-15T00:00:00Z,0.0,16.0,76.0,NaN,NaN
2014-10-15T00:00:00Z,0.0,18.0,56.0,28.090197,0.7266884
2014-10-15T00:00:00Z,0.0,18.0,58.0,28.141806,0.72364616
2014-10-15T00:00:00Z,0.0,18.0,60.0,28.370457,0.7172699
2014-10-15T00:00:00Z,0.0,18.0,62.0,28.621515,0.6887646
2014-10-15T00:00:00Z,0.0,18.0,64.0,28.793743,0.6391182
2014-10-15T00:00:00Z,0.0,18.0,66.0,28.946552,0.5877609
2014-10-15T00:00:00Z,0.0,18.0,68.0,29.11278,0.5384445
2014-10-15T00:00:00Z,0.0,18.0,70.0,29.26519,0.50354385
2014-10-15T00:00:00Z,0.0,18.0,72.0,29.321224,0.46866608
2014-10-15T00:00:00Z,0.0,18.0,74.0,NaN,NaN
2014-10-15T00:00:00Z,0.0,18.0,76.0,NaN,NaN
2014-10-15T00:00:00Z,0.0,20.0,56.0,NaN,NaN
2014-10-15T00:00:00Z,0.0,20.0,58.0,28.096134,0.68091965
2014-10-15T00:00:00Z,0.0,20.0,60.0,28.357605,0.6673126
2014-10-15T00:00:00Z,0.0,20.0,62.0,28.65708,0.6401634
2014-10-15T00:00:00Z,0.0,20.0,64.0,28.861996,0.6014328
2014-10-15T00:00:00Z,0.0,20.0,66.0,29.005756,0.5542984
2014-10-15T00:00:00Z,0.0,20.0,68.0,29.096039,0.4989338
2014-10-15T00:00:00Z,0.0,20.0,70.0,29.18272,0.46037292
2014-10-15T00:00:00Z,0.0,20.0,72.0,29.220816,0.40238
2014-10-15T00:00:00Z,0.0,20.0,74.0,NaN,NaN
2014-10-15T00:00:00Z,0.0,20.0,76.0,NaN,NaN
2014-10-15T00:00:00Z,0.0,22.0,56.0,NaN,NaN
2014-10-15T00:00:00Z,0.0,22.0,58.0,NaN,NaN
2014-10-15T00:00:00Z,0.0,22.0,60.0,28.64581,0.62441444
2014-10-15T00:00:00Z,0.0,22.0,62.0,28.759377,0.5986271
2014-10-15T00:00:00Z,0.0,22.0,64.0,28.855875,0.5633526
2014-10-15T00:00:00Z,0.0,22.0,66.0,28.927292,0.52220917
2014-10-15T00:00:00Z,0.0,22.0,68.0,28.947948,0.4789753
2014-10-15T00:00:00Z,0.0,22.0,70.0,29.001444,0.4336853
2014-10-15T00:00:00Z,0.0,22.0,72.0,NaN,NaN
2014-10-15T00:00:00Z,0.0,22.0,74.0,NaN,NaN
2014-10-15T00:00:00Z,0.0,22.0,76.0,NaN,NaN
2014-10-15T00:00:00Z,0.0,24.0,56.0,NaN,NaN
2014-10-15T00:00:00Z,0.0,24.0,58.0,NaN,NaN
2014-10-15T00:00:00Z,0.0,24.0,60.0,29.08974,0.57543755
2014-10-15T00:00:00Z,0.0,24.0,62.0,28.873981,0.56731415
2014-10-15T00:00:00Z,0.0,24.0,64.0,28.767395,0.5541935
2014-10-15T00:00:00Z,0.0,24.0,66.0,28.750893,0.5207405
2014-10-15T00:00:00Z,0.0,24.0,68.0,28.766285,0.47592354
2014-10-15T00:00:00Z,0.0,24.0,70.0,NaN,NaN
2014-10-15T00:00:00Z,0.0,24.0,72.0,NaN,NaN
2014-10-15T00:00:00Z,0.0,24.0,74.0,NaN,NaN
2014-10-15T00:00:00Z,0.0,24.0,76.0,NaN,NaN
2014-10-15T00:00:00Z,0.0,26.0,56.0,30.742271,0.5641899
2014-10-15T00:00:00Z,0.0,26.0,58.0,30.00034,0.5539818
2014-10-15T00:00:00Z,0.0,26.0,60.0,29.400337,0.5377121
2014-10-15T00:00:00Z,0.0,26.0,62.0,NaN,NaN
2014-10-15T00:00:00Z,0.0,26.0,64.0,28.63827,0.54372025
2014-10-15T00:00:00Z,0.0,26.0,66.0,28.60975,0.5273533
2014-10-15T00:00:00Z,0.0,26.0,68.0,NaN,NaN
2014-10-15T00:00:00Z,0.0,26.0,70.0,NaN,NaN
2014-10-15T00:00:00Z,0.0,26.0,72.0,NaN,NaN
2014-10-15T00:00:00Z,0.0,26.0,74.0,NaN,NaN
2014-10-15T00:00:00Z,0.0,26.0,76.0,NaN,NaN
2014-11-15T00:00:00Z,0.0,8.0,56.0,28.486477,0.65514374
2014-11-15T00:00:00Z,0.0,8.0,58.0,28.625673,0.58687973
2014-11-15T00:00:00Z,0.0,8.0,60.0,28.760958,0.5163498
2014-11-15T00:00:00Z,0.0,8.0,62.0,28.857338,0.46594048
2014-11-15T00:00:00Z,0.0,8.0,64.0,28.905056,0.41447258
2014-11-15T00:00:00Z,0.0,8.0,66.0,28.966963,0.37623405
2014-11-15T00:00:00Z,0.0,8.0,68.0,29.048395,0.3595829
2014-11-15T00:00:00Z,0.0,8.0,70.0,29.119923,0.37029648
2014-11-15T00:00:00Z,0.0,8.0,72.0,29.15482,0.41242218
2014-11-15T00:00:00Z,0.0,8.0,74.0,29.112522,0.45527267
2014-11-15T00:00:00Z,0.0,8.0,76.0,28.98311,0.4706993
2014-11-15T00:00:00Z,0.0,10.0,56.0,28.225742,0.59420013
2014-11-15T00:00:00Z,0.0,10.0,58.0,28.34516,0.54836655
2014-11-15T00:00:00Z,0.0,10.0,60.0,28.464386,0.5071564
2014-11-15T00:00:00Z,0.0,10.0,62.0,28.570864,0.47634315
2014-11-15T00:00:00Z,0.0,10.0,64.0,28.654665,0.4285183
2014-11-15T00:00:00Z,0.0,10.0,66.0,28.766115,0.3823223
2014-11-15T00:00:00Z,0.0,10.0,68.0,28.916838,0.36252403
2014-11-15T00:00:00Z,0.0,10.0,70.0,29.087908,0.38926315
2014-11-15T00:00:00Z,0.0,10.0,72.0,29.215738,0.44605064
2014-11-15T00:00:00Z,0.0,10.0,74.0,29.227335,0.4944191
2014-11-15T00:00:00Z,0.0,10.0,76.0,29.140036,0.51358414
2014-11-15T00:00:00Z,0.0,12.0,56.0,28.016851,0.53910065
2014-11-15T00:00:00Z,0.0,12.0,58.0,28.104603,0.50764275
2014-11-15T00:00:00Z,0.0,12.0,60.0,28.186378,0.48762894
2014-11-15T00:00:00Z,0.0,12.0,62.0,28.26214,0.45407677
2014-11-15T00:00:00Z,0.0,12.0,64.0,28.352661,0.40007782
2014-11-15T00:00:00Z,0.0,12.0,66.0,28.502184,0.34945488
2014-11-15T00:00:00Z,0.0,12.0,68.0,28.72535,0.33418274
2014-11-15T00:00:00Z,0.0,12.0,70.0,28.979904,0.36411476
2014-11-15T00:00:00Z,0.0,12.0,72.0,29.180876,0.42246056
2014-11-15T00:00:00Z,0.0,12.0,74.0,29.257425,0.47729683
2014-11-15T00:00:00Z,0.0,12.0,76.0,29.245663,0.5119896
2014-11-15T00:00:00Z,0.0,14.0,56.0,27.892038,0.5120392
2014-11-15T00:00:00Z,0.0,14.0,58.0,27.947197,0.4882164
2014-11-15T00:00:00Z,0.0,14.0,60.0,27.993187,0.46089554
2014-11-15T00:00:00Z,0.0,14.0,62.0,28.032623,0.40743637
2014-11-15T00:00:00Z,0.0,14.0,64.0,28.103441,0.34140015
2014-11-15T00:00:00Z,0.0,14.0,66.0,28.264065,0.29018974
2014-11-15T00:00:00Z,0.0,14.0,68.0,28.530695,0.27807045
2014-11-15T00:00:00Z,0.0,14.0,70.0,28.831488,0.30613518
2014-11-15T00:00:00Z,0.0,14.0,72.0,29.047018,0.3448925
2014-11-15T00:00:00Z,0.0,14.0,74.0,29.144863,0.3860855
2014-11-15T00:00:00Z,0.0,14.0,76.0,NaN,NaN
2014-11-15T00:00:00Z,0.0,16.0,56.0,27.80616,0.50754166
2014-11-15T00:00:00Z,0.0,16.0,58.0,27.828419,0.48223114
2014-11-15T00:00:00Z,0.0,16.0,60.0,27.853172,0.4231491
2014-11-15T00:00:00Z,0.0,16.0,62.0,27.872686,0.34397697
2014-11-15T00:00:00Z,0.0,16.0,64.0,27.912622,0.2643528
2014-11-15T00:00:00Z,0.0,16.0,66.0,28.065357,0.21443939
2014-11-15T00:00:00Z,0.0,16.0,68.0,28.344498,0.20230865
2014-11-15T00:00:00Z,0.0,16.0,70.0,28.642525,0.22633743
2014-11-15T00:00:00Z,0.0,16.0,72.0,28.832457,0.24712181
2014-11-15T00:00:00Z,0.0,16.0,74.0,28.947258,0.2743969
2014-11-15T00:00:00Z,0.0,16.0,76.0,NaN,NaN
2014-11-15T00:00:00Z,0.0,18.0,56.0,27.698997,0.5019779
2014-11-15T00:00:00Z,0.0,18.0,58.0,27.652227,0.4520378
2014-11-15T00:00:00Z,0.0,18.0,60.0,27.681362,0.37223625
2014-11-15T00:00:00Z,0.0,18.0,62.0,27.719973,0.27976227
2014-11-15T00:00:00Z,0.0,18.0,64.0,27.751427,0.19202805
2014-11-15T00:00:00Z,0.0,18.0,66.0,27.88107,0.13565063
2014-11-15T00:00:00Z,0.0,18.0,68.0,28.127157,0.12044716
2014-11-15T00:00:00Z,0.0,18.0,70.0,28.348026,0.128191
2014-11-15T00:00:00Z,0.0,18.0,72.0,28.440498,0.12316513
2014-11-15T00:00:00Z,0.0,18.0,74.0,NaN,NaN
2014-11-15T00:00:00Z,0.0,18.0,76.0,NaN,NaN
2014-11-15T00:00:00Z,0.0,20.0,56.0,NaN,NaN
2014-11-15T00:00:00Z,0.0,20.0,58.0,27.501408,0.399889
2014-11-15T00:00:00Z,0.0,20.0,60.0,27.51152,0.31775665
2014-11-15T00:00:00Z,0.0,20.0,62.0,27.571703,0.23059654
2014-11-15T00:00:00Z,0.0,20.0,64.0,27.61143,0.14732552
2014-11-15T00:00:00Z,0.0,20.0,66.0,27.69511,0.088840485
2014-11-15T00:00:00Z,0.0,20.0,68.0,27.817112,0.052402496
2014-11-15T00:00:00Z,0.0,20.0,70.0,27.932041,0.043764114
2014-11-15T00:00:00Z,0.0,20.0,72.0,28.006733,0.009502411
2014-11-15T00:00:00Z,0.0,20.0,74.0,NaN,NaN
2014-11-15T00:00:00Z,0.0,20.0,76.0,NaN,NaN
2014-11-15T00:00:00Z,0.0,22.0,56.0,NaN,NaN
2014-11-15T00:00:00Z,0.0,22.0,58.0,NaN,NaN
2014-11-15T00:00:00Z,0.0,22.0,60.0,27.433813,0.28465462
2014-11-15T00:00:00Z,0.0,22.0,62.0,27.465246,0.22487068
2014-11-15T00:00:00Z,0.0,22.0,64.0,27.4781,0.1588707
2014-11-15T00:00:00Z,0.0,22.0,66.0,27.473417,0.09547806
2014-11-15T00:00:00Z,0.0,22.0,68.0,27.470285,0.04267311
2014-11-15T00:00:00Z,0.0,22.0,70.0,27.547422,-1.7929077E-4
2014-11-15T00:00:00Z,0.0,22.0,72.0,NaN,NaN
2014-11-15T00:00:00Z,0.0,22.0,74.0,NaN,NaN
2014-11-15T00:00:00Z,0.0,22.0,76.0,NaN,NaN
2014-11-15T00:00:00Z,0.0,24.0,56.0,NaN,NaN
2014-11-15T00:00:00Z,0.0,24.0,58.0,NaN,NaN
2014-11-15T00:00:00Z,0.0,24.0,60.0,27.388502,0.26578903
2014-11-15T00:00:00Z,0.0,24.0,62.0,27.35813,0.24084091
2014-11-15T00:00:00Z,0.0,24.0,64.0,27.323341,0.21364784
2014-11-15T00:00:00Z,0.0,24.0,66.0,27.252943,0.15418625
2014-11-15T00:00:00Z,0.0,24.0,68.0,27.228334,0.07353592
2014-11-15T00:00:00Z,0.0,24.0,70.0,NaN,NaN
2014-11-15T00:00:00Z,0.0,24.0,72.0,NaN,NaN
2014-11-15T00:00:00Z,0.0,24.0,74.0,NaN,NaN
2014-11-15T00:00:00Z,0.0,24.0,76.0,NaN,NaN
2014-11-15T00:00:00Z,0.0,26.0,56.0,28.064808,0.36530495
2014-11-15T00:00:00Z,0.0,26.0,58.0,27.659578,0.31093788
2014-11-15T00:00:00Z,0.0,26.0,60.0,27.377665,0.26107407
2014-11-15T00:00:00Z,0.0,26.0,62.0,NaN,NaN
2014-11-15T00:00:00Z,0.0,26.0,64.0,27.18239,0.24215889
2014-11-15T00:00:00Z,0.0,26.0,66.0,27.123837,0.2046032
2014-11-15T00:00:00Z,0.0,26.0,68.0,NaN,NaN
2014-11-15T00:00:00Z,0.0,26.0,70.0,NaN,NaN
2014-11-15T00:00:00Z,0.0,26.0,72.0,NaN,NaN
2014-11-15T00:00:00Z,0.0,26.0,74.0,NaN,NaN
2014-11-15T00:00:00Z,0.0,26.0,76.0,NaN,NaN
2014-12-15T00:00:00Z,0.0,8.0,56.0,27.8901,0.5737877
2014-12-15T00:00:00Z,0.0,8.0,58.0,28.044441,0.52225494
2014-12-15T00:00:00Z,0.0,8.0,60.0,28.180737,0.44969368
2014-12-15T00:00:00Z,0.0,8.0,62.0,28.301912,0.38541222
2014-12-15T00:00:00Z,0.0,8.0,64.0,28.409847,0.3234501
2014-12-15T00:00:00Z,0.0,8.0,66.0,28.540007,0.2837124
2014-12-15T00:00:00Z,0.0,8.0,68.0,28.673483,0.27152443
2014-12-15T00:00:00Z,0.0,8.0,70.0,28.772617,0.28995132
2014-12-15T00:00:00Z,0.0,8.0,72.0,28.810377,0.33654404
2014-12-15T00:00:00Z,0.0,8.0,74.0,28.766104,0.38393784
2014-12-15T00:00:00Z,0.0,8.0,76.0,28.61877,0.40013123
2014-12-15T00:00:00Z,0.0,10.0,56.0,27.605068,0.6170063
2014-12-15T00:00:00Z,0.0,10.0,58.0,27.733267,0.5954113
2014-12-15T00:00:00Z,0.0,10.0,60.0,27.857136,0.5525303
2014-12-15T00:00:00Z,0.0,10.0,62.0,27.982779,0.5052166
2014-12-15T00:00:00Z,0.0,10.0,64.0,28.113981,0.43575096
2014-12-15T00:00:00Z,0.0,10.0,66.0,28.290705,0.37158012
2014-12-15T00:00:00Z,0.0,10.0,68.0,28.501762,0.34147072
2014-12-15T00:00:00Z,0.0,10.0,70.0,28.717392,0.36416245
2014-12-15T00:00:00Z,0.0,10.0,72.0,28.874506,0.41733932
2014-12-15T00:00:00Z,0.0,10.0,74.0,28.908634,0.461071
2014-12-15T00:00:00Z,0.0,10.0,76.0,28.82216,0.47060585
2014-12-15T00:00:00Z,0.0,12.0,56.0,27.260262,0.62301254
2014-12-15T00:00:00Z,0.0,12.0,58.0,27.359932,0.61574364
2014-12-15T00:00:00Z,0.0,12.0,60.0,27.452505,0.5895672
2014-12-15T00:00:00Z,0.0,12.0,62.0,27.541426,0.5363636
2014-12-15T00:00:00Z,0.0,12.0,64.0,27.670563,0.4554386
2014-12-15T00:00:00Z,0.0,12.0,66.0,27.889202,0.37816048
2014-12-15T00:00:00Z,0.0,12.0,68.0,28.191027,0.34565163
2014-12-15T00:00:00Z,0.0,12.0,70.0,28.521763,0.36857414
2014-12-15T00:00:00Z,0.0,12.0,72.0,28.793688,0.42464638
2014-12-15T00:00:00Z,0.0,12.0,74.0,28.92419,0.4703083
2014-12-15T00:00:00Z,0.0,12.0,76.0,28.943188,0.49340248
2014-12-15T00:00:00Z,0.0,14.0,56.0,26.900743,0.59649277
2014-12-15T00:00:00Z,0.0,14.0,58.0,26.987833,0.58799934
2014-12-15T00:00:00Z,0.0,14.0,60.0,27.068817,0.5561924
2014-12-15T00:00:00Z,0.0,14.0,62.0,27.122782,0.48344803
2014-12-15T00:00:00Z,0.0,14.0,64.0,27.221731,0.38923073
2014-12-15T00:00:00Z,0.0,14.0,66.0,27.452759,0.3109455
2014-12-15T00:00:00Z,0.0,14.0,68.0,27.821718,0.28377914
2014-12-15T00:00:00Z,0.0,14.0,70.0,28.236605,0.3101673
2014-12-15T00:00:00Z,0.0,14.0,72.0,28.564463,0.35304642
2014-12-15T00:00:00Z,0.0,14.0,74.0,28.74539,0.39292717
2014-12-15T00:00:00Z,0.0,14.0,76.0,NaN,NaN
2014-12-15T00:00:00Z,0.0,16.0,56.0,26.573956,0.5442333
2014-12-15T00:00:00Z,0.0,16.0,58.0,26.626091,0.5193825
2014-12-15T00:00:00Z,0.0,16.0,60.0,26.701874,0.4626217
2014-12-15T00:00:00Z,0.0,16.0,62.0,26.7452,0.3737812
2014-12-15T00:00:00Z,0.0,16.0,64.0,26.807426,0.27002907
2014-12-15T00:00:00Z,0.0,16.0,66.0,27.031883,0.19827843
2014-12-15T00:00:00Z,0.0,16.0,68.0,27.429403,0.1756115
2014-12-15T00:00:00Z,0.0,16.0,70.0,27.846693,0.1982956
2014-12-15T00:00:00Z,0.0,16.0,72.0,28.160667,0.22891045
2014-12-15T00:00:00Z,0.0,16.0,74.0,28.40422,0.26921272
2014-12-15T00:00:00Z,0.0,16.0,76.0,NaN,NaN
2014-12-15T00:00:00Z,0.0,18.0,56.0,26.339922,0.48844147
2014-12-15T00:00:00Z,0.0,18.0,58.0,26.294798,0.42913818
2014-12-15T00:00:00Z,0.0,18.0,60.0,26.341175,0.35057068
2014-12-15T00:00:00Z,0.0,18.0,62.0,26.385765,0.25655746
2014-12-15T00:00:00Z,0.0,18.0,64.0,26.431013,0.15195084
2014-12-15T00:00:00Z,0.0,18.0,66.0,26.6201,0.07468414
2014-12-15T00:00:00Z,0.0,18.0,68.0,26.960672,0.043569565
2014-12-15T00:00:00Z,0.0,18.0,70.0,27.24578,0.042425156
2014-12-15T00:00:00Z,0.0,18.0,72.0,27.385023,0.042764664
2014-12-15T00:00:00Z,0.0,18.0,74.0,NaN,NaN
2014-12-15T00:00:00Z,0.0,18.0,76.0,NaN,NaN
2014-12-15T00:00:00Z,0.0,20.0,56.0,NaN,NaN
2014-12-15T00:00:00Z,0.0,20.0,58.0,26.05653,0.34360313
2014-12-15T00:00:00Z,0.0,20.0,60.0,26.028961,0.26330185
2014-12-15T00:00:00Z,0.0,20.0,62.0,26.070578,0.17647362
2014-12-15T00:00:00Z,0.0,20.0,64.0,26.114773,0.07598305
2014-12-15T00:00:00Z,0.0,20.0,66.0,26.214642,-0.01354599
2014-12-15T00:00:00Z,0.0,20.0,68.0,26.354624,-0.0768795
2014-12-15T00:00:00Z,0.0,20.0,70.0,26.468924,-0.09655762
2014-12-15T00:00:00Z,0.0,20.0,72.0,26.579422,-0.1301899
2014-12-15T00:00:00Z,0.0,20.0,74.0,NaN,NaN
2014-12-15T00:00:00Z,0.0,20.0,76.0,NaN,NaN
2014-12-15T00:00:00Z,0.0,22.0,56.0,NaN,NaN
2014-12-15T00:00:00Z,0.0,22.0,58.0,NaN,NaN
2014-12-15T00:00:00Z,0.0,22.0,60.0,25.745514,0.21404266
2014-12-15T00:00:00Z,0.0,22.0,62.0,25.802452,0.14842987
2014-12-15T00:00:00Z,0.0,22.0,64.0,25.832912,0.055933
2014-12-15T00:00:00Z,0.0,22.0,66.0,25.800318,-0.04657936
2014-12-15T00:00:00Z,0.0,22.0,68.0,25.749405,-0.1281929
2014-12-15T00:00:00Z,0.0,22.0,70.0,25.83257,-0.17703438
2014-12-15T00:00:00Z,0.0,22.0,72.0,NaN,NaN
2014-12-15T00:00:00Z,0.0,22.0,74.0,NaN,NaN
2014-12-15T00:00:00Z,0.0,22.0,76.0,NaN,NaN
2014-12-15T00:00:00Z,0.0,24.0,56.0,NaN,NaN
2014-12-15T00:00:00Z,0.0,24.0,58.0,NaN,NaN
2014-12-15T00:00:00Z,0.0,24.0,60.0,25.43897,0.16466331
2014-12-15T00:00:00Z,0.0,24.0,62.0,25.550425,0.1339798
2014-12-15T00:00:00Z,0.0,24.0,64.0,25.577898,0.07393074
2014-12-15T00:00:00Z,0.0,24.0,66.0,25.461508,-0.022277832
2014-12-15T00:00:00Z,0.0,24.0,68.0,25.38507,-0.12807655
2014-12-15T00:00:00Z,0.0,24.0,70.0,NaN,NaN
2014-12-15T00:00:00Z,0.0,24.0,72.0,NaN,NaN
2014-12-15T00:00:00Z,0.0,24.0,74.0,NaN,NaN
2014-12-15T00:00:00Z,0.0,24.0,76.0,NaN,NaN
2014-12-15T00:00:00Z,0.0,26.0,56.0,25.350496,0.2757473
2014-12-15T00:00:00Z,0.0,26.0,58.0,25.292448,0.19351578
2014-12-15T00:00:00Z,0.0,26.0,60.0,25.248558,0.13564873
2014-12-15T00:00:00Z,0.0,26.0,62.0,NaN,NaN
2014-12-15T00:00:00Z,0.0,26.0,64.0,25.394093,0.06666374
2014-12-15T00:00:00Z,0.0,26.0,66.0,25.296194,1.7356873E-4
2014-12-15T00:00:00Z,0.0,26.0,68.0,NaN,NaN
2014-12-15T00:00:00Z,0.0,26.0,70.0,NaN,NaN
2014-12-15T00:00:00Z,0.0,26.0,72.0,NaN,NaN
2014-12-15T00:00:00Z,0.0,26.0,74.0,NaN,NaN
2014-12-15T00:00:00Z,0.0,26.0,76.0,NaN,NaN
2015-01-15T00:00:00Z,0.0,8.0,56.0,26.769405,-0.05376053
2015-01-15T00:00:00Z,0.0,8.0,58.0,27.007883,-0.039405823
2015-01-15T00:00:00Z,0.0,8.0,60.0,27.22734,-0.03432274
2015-01-15T00:00:00Z,0.0,8.0,62.0,27.435354,-0.039562225
2015-01-15T00:00:00Z,0.0,8.0,64.0,27.646784,-0.04402733
2015-01-15T00:00:00Z,0.0,8.0,66.0,27.862108,-0.029478073
2015-01-15T00:00:00Z,0.0,8.0,68.0,28.056133,0.0068206787
2015-01-15T00:00:00Z,0.0,8.0,70.0,28.20654,0.06349754
2015-01-15T00:00:00Z,0.0,8.0,72.0,28.290964,0.13110924
2015-01-15T00:00:00Z,0.0,8.0,74.0,28.291254,0.18733788
2015-01-15T00:00:00Z,0.0,8.0,76.0,28.182915,0.22509575
2015-01-15T00:00:00Z,0.0,10.0,56.0,26.400402,3.0517578E-5
2015-01-15T00:00:00Z,0.0,10.0,58.0,26.590523,0.022380829
2015-01-15T00:00:00Z,0.0,10.0,60.0,26.788622,0.047250748
2015-01-15T00:00:00Z,0.0,10.0,62.0,26.996147,0.05516815
2015-01-15T00:00:00Z,0.0,10.0,64.0,27.244186,0.052165985
2015-01-15T00:00:00Z,0.0,10.0,66.0,27.53093,0.055597305
2015-01-15T00:00:00Z,0.0,10.0,68.0,27.814556,0.07411957
2015-01-15T00:00:00Z,0.0,10.0,70.0,28.069807,0.11501503
2015-01-15T00:00:00Z,0.0,10.0,72.0,28.257853,0.16545677
2015-01-15T00:00:00Z,0.0,10.0,74.0,28.344303,0.21105385
2015-01-15T00:00:00Z,0.0,10.0,76.0,28.317848,0.24032211
2015-01-15T00:00:00Z,0.0,12.0,56.0,25.958622,0.044893265
2015-01-15T00:00:00Z,0.0,12.0,58.0,26.104462,0.07583809
2015-01-15T00:00:00Z,0.0,12.0,60.0,26.263191,0.10304642
2015-01-15T00:00:00Z,0.0,12.0,62.0,26.447702,0.11287117
2015-01-15T00:00:00Z,0.0,12.0,64.0,26.707615,0.10259628
2015-01-15T00:00:00Z,0.0,12.0,66.0,27.0507,0.08772278
2015-01-15T00:00:00Z,0.0,12.0,68.0,27.433535,0.09289169
2015-01-15T00:00:00Z,0.0,12.0,70.0,27.800007,0.118881226
2015-01-15T00:00:00Z,0.0,12.0,72.0,28.09426,0.1575489
2015-01-15T00:00:00Z,0.0,12.0,74.0,28.279875,0.2003727
2015-01-15T00:00:00Z,0.0,12.0,76.0,28.365273,0.23124504
2015-01-15T00:00:00Z,0.0,14.0,56.0,25.527756,0.07215309
2015-01-15T00:00:00Z,0.0,14.0,58.0,25.652641,0.107746124
2015-01-15T00:00:00Z,0.0,14.0,60.0,25.794548,0.13081932
2015-01-15T00:00:00Z,0.0,14.0,62.0,25.941835,0.12756538
2015-01-15T00:00:00Z,0.0,14.0,64.0,26.161682,0.0949955
2015-01-15T00:00:00Z,0.0,14.0,66.0,26.518436,0.062084198
2015-01-15T00:00:00Z,0.0,14.0,68.0,26.977348,0.053432465
2015-01-15T00:00:00Z,0.0,14.0,70.0,27.437395,0.06956291
2015-01-15T00:00:00Z,0.0,14.0,72.0,27.81046,0.10320854
2015-01-15T00:00:00Z,0.0,14.0,74.0,28.055742,0.15140724
2015-01-15T00:00:00Z,0.0,14.0,76.0,NaN,NaN
2015-01-15T00:00:00Z,0.0,16.0,56.0,25.15603,0.06679535
2015-01-15T00:00:00Z,0.0,16.0,58.0,25.247179,0.100637436
2015-01-15T00:00:00Z,0.0,16.0,60.0,25.389404,0.119155884
2015-01-15T00:00:00Z,0.0,16.0,62.0,25.50373,0.09600258
2015-01-15T00:00:00Z,0.0,16.0,64.0,25.657858,0.038671494
2015-01-15T00:00:00Z,0.0,16.0,66.0,25.991583,-0.011041641
2015-01-15T00:00:00Z,0.0,16.0,68.0,26.484152,-0.0334301
2015-01-15T00:00:00Z,0.0,16.0,70.0,26.95938,-0.023244858
2015-01-15T00:00:00Z,0.0,16.0,72.0,27.345142,0.015907288
2015-01-15T00:00:00Z,0.0,16.0,74.0,27.660015,0.05911827
2015-01-15T00:00:00Z,0.0,16.0,76.0,NaN,NaN
2015-01-15T00:00:00Z,0.0,18.0,56.0,24.903728,0.054636
2015-01-15T00:00:00Z,0.0,18.0,58.0,24.902767,0.07468414
2015-01-15T00:00:00Z,0.0,18.0,60.0,25.000576,0.0785141
2015-01-15T00:00:00Z,0.0,18.0,62.0,25.080208,0.037353516
2015-01-15T00:00:00Z,0.0,18.0,64.0,25.178493,-0.0418396
2015-01-15T00:00:00Z,0.0,18.0,66.0,25.457401,-0.10984802
2015-01-15T00:00:00Z,0.0,18.0,68.0,25.883797,-0.14826584
2015-01-15T00:00:00Z,0.0,18.0,70.0,26.213388,-0.15577888
2015-01-15T00:00:00Z,0.0,18.0,72.0,26.39336,-0.1361866
2015-01-15T00:00:00Z,0.0,18.0,74.0,NaN,NaN
2015-01-15T00:00:00Z,0.0,18.0,76.0,NaN,NaN
2015-01-15T00:00:00Z,0.0,20.0,56.0,NaN,NaN
2015-01-15T00:00:00Z,0.0,20.0,58.0,24.655909,0.053714752
2015-01-15T00:00:00Z,0.0,20.0,60.0,24.617569,0.026256561
2015-01-15T00:00:00Z,0.0,20.0,62.0,24.64029,-0.038375854
2015-01-15T00:00:00Z,0.0,20.0,64.0,24.703733,-0.13232803
2015-01-15T00:00:00Z,0.0,20.0,66.0,24.869467,-0.21505165
2015-01-15T00:00:00Z,0.0,20.0,68.0,25.086864,-0.2604046
2015-01-15T00:00:00Z,0.0,20.0,70.0,25.2071,-0.29623222
2015-01-15T00:00:00Z,0.0,20.0,72.0,25.375172,-0.3018551
2015-01-15T00:00:00Z,0.0,20.0,74.0,NaN,NaN
2015-01-15T00:00:00Z,0.0,20.0,76.0,NaN,NaN
2015-01-15T00:00:00Z,0.0,22.0,56.0,NaN,NaN
2015-01-15T00:00:00Z,0.0,22.0,58.0,NaN,NaN
2015-01-15T00:00:00Z,0.0,22.0,60.0,24.205833,-0.013126373
2015-01-15T00:00:00Z,0.0,22.0,62.0,24.217701,-0.09138107
2015-01-15T00:00:00Z,0.0,22.0,64.0,24.24291,-0.19246483
2015-01-15T00:00:00Z,0.0,22.0,66.0,24.25411,-0.28403473
2015-01-15T00:00:00Z,0.0,22.0,68.0,24.245573,-0.35170364
2015-01-15T00:00:00Z,0.0,22.0,70.0,24.37275,-0.395813
2015-01-15T00:00:00Z,0.0,22.0,72.0,NaN,NaN
2015-01-15T00:00:00Z,0.0,22.0,74.0,NaN,NaN
2015-01-15T00:00:00Z,0.0,22.0,76.0,NaN,NaN
2015-01-15T00:00:00Z,0.0,24.0,56.0,NaN,NaN
2015-01-15T00:00:00Z,0.0,24.0,58.0,NaN,NaN
2015-01-15T00:00:00Z,0.0,24.0,60.0,23.798683,-0.059576035
2015-01-15T00:00:00Z,0.0,24.0,62.0,23.845982,-0.1474514
2015-01-15T00:00:00Z,0.0,24.0,64.0,23.82707,-0.24975777
2015-01-15T00:00:00Z,0.0,24.0,66.0,23.73787,-0.33257294
2015-01-15T00:00:00Z,0.0,24.0,68.0,23.725254,-0.4005947
2015-01-15T00:00:00Z,0.0,24.0,70.0,NaN,NaN
2015-01-15T00:00:00Z,0.0,24.0,72.0,NaN,NaN
2015-01-15T00:00:00Z,0.0,24.0,74.0,NaN,NaN
2015-01-15T00:00:00Z,0.0,24.0,76.0,NaN,NaN
2015-01-15T00:00:00Z,0.0,26.0,56.0,23.429834,0.2527523
2015-01-15T00:00:00Z,0.0,26.0,58.0,23.598742,0.069589615
2015-01-15T00:00:00Z,0.0,26.0,60.0,23.61391,-0.0519619
2015-01-15T00:00:00Z,0.0,26.0,62.0,NaN,NaN
2015-01-15T00:00:00Z,0.0,26.0,64.0,23.601406,-0.27680779
2015-01-15T00:00:00Z,0.0,26.0,66.0,23.512486,-0.3386898
2015-01-15T00:00:00Z,0.0,26.0,68.0,NaN,NaN
2015-01-15T00:00:00Z,0.0,26.0,70.0,NaN,NaN
2015-01-15T00:00:00Z,0.0,26.0,72.0,NaN,NaN
2015-01-15T00:00:00Z,0.0,26.0,74.0,NaN,NaN
2015-01-15T00:00:00Z,0.0,26.0,76.0,NaN,NaN
2015-02-15T00:00:00Z,0.0,8.0,56.0,26.980505,-0.0493927
2015-02-15T00:00:00Z,0.0,8.0,58.0,27.203098,0.0029735565
2015-02-15T00:00:00Z,0.0,8.0,60.0,27.451212,0.06692314
2015-02-15T00:00:00Z,0.0,8.0,62.0,27.71419,0.11937904
2015-02-15T00:00:00Z,0.0,8.0,64.0,27.97389,0.15726662
2015-02-15T00:00:00Z,0.0,8.0,66.0,28.20933,0.18768692
2015-02-15T00:00:00Z,0.0,8.0,68.0,28.407263,0.2135334
2015-02-15T00:00:00Z,0.0,8.0,70.0,28.561195,0.24315453
2015-02-15T00:00:00Z,0.0,8.0,72.0,28.650103,0.26935387
2015-02-15T00:00:00Z,0.0,8.0,74.0,28.665089,0.28069115
2015-02-15T00:00:00Z,0.0,8.0,76.0,28.568449,0.27713394
2015-02-15T00:00:00Z,0.0,10.0,56.0,26.501919,-0.04239273
2015-02-15T00:00:00Z,0.0,10.0,58.0,26.672285,0.004638672
2015-02-15T00:00:00Z,0.0,10.0,60.0,26.883684,0.067518234
2015-02-15T00:00:00Z,0.0,10.0,62.0,27.14365,0.118421555
2015-02-15T00:00:00Z,0.0,10.0,64.0,27.465723,0.16401672
2015-02-15T00:00:00Z,0.0,10.0,66.0,27.807726,0.20887184
2015-02-15T00:00:00Z,0.0,10.0,68.0,28.121021,0.25091743
2015-02-15T00:00:00Z,0.0,10.0,70.0,28.385717,0.28834343
2015-02-15T00:00:00Z,0.0,10.0,72.0,28.58868,0.32374382
2015-02-15T00:00:00Z,0.0,10.0,74.0,28.707174,0.34510994
2015-02-15T00:00:00Z,0.0,10.0,76.0,28.709778,0.34404564
2015-02-15T00:00:00Z,0.0,12.0,56.0,26.039768,0.004020691
2015-02-15T00:00:00Z,0.0,12.0,58.0,26.169104,0.051416397
2015-02-15T00:00:00Z,0.0,12.0,60.0,26.331514,0.10624313
2015-02-15T00:00:00Z,0.0,12.0,62.0,26.564005,0.15435982
2015-02-15T00:00:00Z,0.0,12.0,64.0,26.914875,0.20156288
2015-02-15T00:00:00Z,0.0,12.0,66.0,27.337706,0.24937248
2015-02-15T00:00:00Z,0.0,12.0,68.0,27.754475,0.29862213
2015-02-15T00:00:00Z,0.0,12.0,70.0,28.126667,0.34508514
2015-02-15T00:00:00Z,0.0,12.0,72.0,28.426504,0.37929726
2015-02-15T00:00:00Z,0.0,12.0,74.0,28.639093,0.40008736
2015-02-15T00:00:00Z,0.0,12.0,76.0,28.753454,0.39902878
2015-02-15T00:00:00Z,0.0,14.0,56.0,25.672596,0.097595215
2015-02-15T00:00:00Z,0.0,14.0,58.0,25.78174,0.14844894
2015-02-15T00:00:00Z,0.0,14.0,60.0,25.91201,0.19211388
2015-02-15T00:00:00Z,0.0,14.0,62.0,26.099863,0.23353004
2015-02-15T00:00:00Z,0.0,14.0,64.0,26.421354,0.274271
2015-02-15T00:00:00Z,0.0,14.0,66.0,26.87424,0.3179493
2015-02-15T00:00:00Z,0.0,14.0,68.0,27.36631,0.359581
2015-02-15T00:00:00Z,0.0,14.0,70.0,27.81189,0.39401627
2015-02-15T00:00:00Z,0.0,14.0,72.0,28.173397,0.42035484
2015-02-15T00:00:00Z,0.0,14.0,74.0,28.424223,0.44117546
2015-02-15T00:00:00Z,0.0,14.0,76.0,NaN,NaN
2015-02-15T00:00:00Z,0.0,16.0,56.0,25.385576,0.1944561
2015-02-15T00:00:00Z,0.0,16.0,58.0,25.470526,0.25748444
2015-02-15T00:00:00Z,0.0,16.0,60.0,25.602154,0.29915237
2015-02-15T00:00:00Z,0.0,16.0,62.0,25.756372,0.330204
2015-02-15T00:00:00Z,0.0,16.0,64.0,26.013243,0.3597641
2015-02-15T00:00:00Z,0.0,16.0,66.0,26.446278,0.3930893
2015-02-15T00:00:00Z,0.0,16.0,68.0,26.96607,0.41654778
2015-02-15T00:00:00Z,0.0,16.0,70.0,27.401438,0.42933464
2015-02-15T00:00:00Z,0.0,16.0,72.0,27.742926,0.43880844
2015-02-15T00:00:00Z,0.0,16.0,74.0,28.048662,0.44428253
2015-02-15T00:00:00Z,0.0,16.0,76.0,NaN,NaN
2015-02-15T00:00:00Z,0.0,18.0,56.0,25.175919,0.27539062
2015-02-15T00:00:00Z,0.0,18.0,58.0,25.180523,0.34207726
2015-02-15T00:00:00Z,0.0,18.0,60.0,25.293571,0.3867569
2015-02-15T00:00:00Z,0.0,18.0,62.0,25.424587,0.41052437
2015-02-15T00:00:00Z,0.0,18.0,64.0,25.622145,0.42570686
2015-02-15T00:00:00Z,0.0,18.0,66.0,25.996777,0.4432354
2015-02-15T00:00:00Z,0.0,18.0,68.0,26.446447,0.44507217
2015-02-15T00:00:00Z,0.0,18.0,70.0,26.726084,0.43543816
2015-02-15T00:00:00Z,0.0,18.0,72.0,26.842958,0.42638206
2015-02-15T00:00:00Z,0.0,18.0,74.0,NaN,NaN
2015-02-15T00:00:00Z,0.0,18.0,76.0,NaN,NaN
2015-02-15T00:00:00Z,0.0,20.0,56.0,NaN,NaN
2015-02-15T00:00:00Z,0.0,20.0,58.0,24.94447,0.3965721
2015-02-15T00:00:00Z,0.0,20.0,60.0,24.925606,0.4256668
2015-02-15T00:00:00Z,0.0,20.0,62.0,25.000715,0.43725586
2015-02-15T00:00:00Z,0.0,20.0,64.0,25.15997,0.44417763
2015-02-15T00:00:00Z,0.0,20.0,66.0,25.42457,0.4470482
2015-02-15T00:00:00Z,0.0,20.0,68.0,25.690525,0.44769287
2015-02-15T00:00:00Z,0.0,20.0,70.0,25.784628,0.4152584
2015-02-15T00:00:00Z,0.0,20.0,72.0,25.90384,0.39154243
2015-02-15T00:00:00Z,0.0,20.0,74.0,NaN,NaN
2015-02-15T00:00:00Z,0.0,20.0,76.0,NaN,NaN
2015-02-15T00:00:00Z,0.0,22.0,56.0,NaN,NaN
2015-02-15T00:00:00Z,0.0,22.0,58.0,NaN,NaN
2015-02-15T00:00:00Z,0.0,22.0,60.0,24.446619,0.4371395
2015-02-15T00:00:00Z,0.0,22.0,62.0,24.498531,0.43323898
2015-02-15T00:00:00Z,0.0,22.0,64.0,24.61202,0.43322945
2015-02-15T00:00:00Z,0.0,22.0,66.0,24.744469,0.43455315
2015-02-15T00:00:00Z,0.0,22.0,68.0,24.833237,0.4233551
2015-02-15T00:00:00Z,0.0,22.0,70.0,24.99027,0.39188194
2015-02-15T00:00:00Z,0.0,22.0,72.0,NaN,NaN
2015-02-15T00:00:00Z,0.0,22.0,74.0,NaN,NaN
2015-02-15T00:00:00Z,0.0,22.0,76.0,NaN,NaN
2015-02-15T00:00:00Z,0.0,24.0,56.0,NaN,NaN
2015-02-15T00:00:00Z,0.0,24.0,58.0,NaN,NaN
2015-02-15T00:00:00Z,0.0,24.0,60.0,23.913992,0.3914299
2015-02-15T00:00:00Z,0.0,24.0,62.0,24.015371,0.38521194
2015-02-15T00:00:00Z,0.0,24.0,64.0,24.084146,0.39357567
2015-02-15T00:00:00Z,0.0,24.0,66.0,24.120869,0.3971901
2015-02-15T00:00:00Z,0.0,24.0,68.0,24.243866,0.39220238
2015-02-15T00:00:00Z,0.0,24.0,70.0,NaN,NaN
2015-02-15T00:00:00Z,0.0,24.0,72.0,NaN,NaN
2015-02-15T00:00:00Z,0.0,24.0,74.0,NaN,NaN
2015-02-15T00:00:00Z,0.0,24.0,76.0,NaN,NaN
2015-02-15T00:00:00Z,0.0,26.0,56.0,22.871506,0.42700577
2015-02-15T00:00:00Z,0.0,26.0,58.0,23.41541,0.39085388
2015-02-15T00:00:00Z,0.0,26.0,60.0,23.631477,0.3690338
2015-02-15T00:00:00Z,0.0,26.0,62.0,NaN,NaN
2015-02-15T00:00:00Z,0.0,26.0,64.0,23.807077,0.38337135
2015-02-15T00:00:00Z,0.0,26.0,66.0,23.80879,0.38482666
2015-02-15T00:00:00Z,0.0,26.0,68.0,NaN,NaN
2015-02-15T00:00:00Z,0.0,26.0,70.0,NaN,NaN
2015-02-15T00:00:00Z,0.0,26.0,72.0,NaN,NaN
2015-02-15T00:00:00Z,0.0,26.0,74.0,NaN,NaN
2015-02-15T00:00:00Z,0.0,26.0,76.0,NaN,NaN
2015-03-15T00:00:00Z,0.0,8.0,56.0,28.071877,0.07562637
2015-03-15T00:00:00Z,0.0,8.0,58.0,28.254808,0.1511631
2015-03-15T00:00:00Z,0.0,8.0,60.0,28.45726,0.2145729
2015-03-15T00:00:00Z,0.0,8.0,62.0,28.66412,0.25151634
2015-03-15T00:00:00Z,0.0,8.0,64.0,28.856337,0.26725578
2015-03-15T00:00:00Z,0.0,8.0,66.0,29.027893,0.27043533
2015-03-15T00:00:00Z,0.0,8.0,68.0,29.186804,0.2733879
2015-03-15T00:00:00Z,0.0,8.0,70.0,29.33968,0.30134773
2015-03-15T00:00:00Z,0.0,8.0,72.0,29.47776,0.356678
2015-03-15T00:00:00Z,0.0,8.0,74.0,29.58334,0.41431808
2015-03-15T00:00:00Z,0.0,8.0,76.0,29.589443,0.45306778
2015-03-15T00:00:00Z,0.0,10.0,56.0,27.552597,-0.02788353
2015-03-15T00:00:00Z,0.0,10.0,58.0,27.691875,0.044729233
2015-03-15T00:00:00Z,0.0,10.0,60.0,27.864546,0.10669327
2015-03-15T00:00:00Z,0.0,10.0,62.0,28.082024,0.14633942
2015-03-15T00:00:00Z,0.0,10.0,64.0,28.332687,0.16652298
2015-03-15T00:00:00Z,0.0,10.0,66.0,28.582476,0.1788311
2015-03-15T00:00:00Z,0.0,10.0,68.0,28.823273,0.20221138
2015-03-15T00:00:00Z,0.0,10.0,70.0,29.063396,0.24850273
2015-03-15T00:00:00Z,0.0,10.0,72.0,29.312147,0.33069038
2015-03-15T00:00:00Z,0.0,10.0,74.0,29.521765,0.4028721
2015-03-15T00:00:00Z,0.0,10.0,76.0,29.623388,0.4418888
2015-03-15T00:00:00Z,0.0,12.0,56.0,27.088526,-0.08305931
2015-03-15T00:00:00Z,0.0,12.0,58.0,27.189346,-0.02381897
2015-03-15T00:00:00Z,0.0,12.0,60.0,27.318933,0.03241539
2015-03-15T00:00:00Z,0.0,12.0,62.0,27.512882,0.07148743
2015-03-15T00:00:00Z,0.0,12.0,64.0,27.788197,0.09442711
2015-03-15T00:00:00Z,0.0,12.0,66.0,28.093859,0.11411095
2015-03-15T00:00:00Z,0.0,12.0,68.0,28.390627,0.14904594
2015-03-15T00:00:00Z,0.0,12.0,70.0,28.700388,0.21505547
2015-03-15T00:00:00Z,0.0,12.0,72.0,29.017813,0.29343796
2015-03-15T00:00:00Z,0.0,12.0,74.0,29.321278,0.3723774
2015-03-15T00:00:00Z,0.0,12.0,76.0,29.530472,0.41501808
2015-03-15T00:00:00Z,0.0,14.0,56.0,26.724882,-0.045785904
2015-03-15T00:00:00Z,0.0,14.0,58.0,26.794556,-0.012714386
2015-03-15T00:00:00Z,0.0,14.0,60.0,26.887796,0.02031517
2015-03-15T00:00:00Z,0.0,14.0,62.0,27.046005,0.05756569
2015-03-15T00:00:00Z,0.0,14.0,64.0,27.305624,0.08668709
2015-03-15T00:00:00Z,0.0,14.0,66.0,27.634989,0.11327934
2015-03-15T00:00:00Z,0.0,14.0,68.0,27.976086,0.15179443
2015-03-15T00:00:00Z,0.0,14.0,70.0,28.31931,0.21149635
2015-03-15T00:00:00Z,0.0,14.0,72.0,28.66549,0.27688217
2015-03-15T00:00:00Z,0.0,14.0,74.0,28.970194,0.33966446
2015-03-15T00:00:00Z,0.0,14.0,76.0,NaN,NaN
2015-03-15T00:00:00Z,0.0,16.0,56.0,26.40399,0.033168793
2015-03-15T00:00:00Z,0.0,16.0,58.0,26.438465,0.058151245
2015-03-15T00:00:00Z,0.0,16.0,60.0,26.537025,0.07498169
2015-03-15T00:00:00Z,0.0,16.0,62.0,26.677292,0.09960365
2015-03-15T00:00:00Z,0.0,16.0,64.0,26.89762,0.12943268
2015-03-15T00:00:00Z,0.0,16.0,66.0,27.220469,0.16286469
2015-03-15T00:00:00Z,0.0,16.0,68.0,27.587223,0.20609856
2015-03-15T00:00:00Z,0.0,16.0,70.0,27.911324,0.2614708
2015-03-15T00:00:00Z,0.0,16.0,72.0,28.21469,0.3032093
2015-03-15T00:00:00Z,0.0,16.0,74.0,28.52864,0.32102776
2015-03-15T00:00:00Z,0.0,16.0,76.0,NaN,NaN
2015-03-15T00:00:00Z,0.0,18.0,56.0,26.124475,0.10605812
2015-03-15T00:00:00Z,0.0,18.0,58.0,26.065256,0.13122177
2015-03-15T00:00:00Z,0.0,18.0,60.0,26.15995,0.14461708
2015-03-15T00:00:00Z,0.0,18.0,62.0,26.303263,0.15751266
2015-03-15T00:00:00Z,0.0,18.0,64.0,26.496773,0.18177414
2015-03-15T00:00:00Z,0.0,18.0,66.0,26.793802,0.22019958
2015-03-15T00:00:00Z,0.0,18.0,68.0,27.12765,0.27406883
2015-03-15T00:00:00Z,0.0,18.0,70.0,27.33597,0.3372631
2015-03-15T00:00:00Z,0.0,18.0,72.0,27.434391,0.37041092
2015-03-15T00:00:00Z,0.0,18.0,74.0,NaN,NaN
2015-03-15T00:00:00Z,0.0,18.0,76.0,NaN,NaN
2015-03-15T00:00:00Z,0.0,20.0,56.0,NaN,NaN
2015-03-15T00:00:00Z,0.0,20.0,58.0,25.760946,0.18141937
2015-03-15T00:00:00Z,0.0,20.0,60.0,25.728683,0.18877983
2015-03-15T00:00:00Z,0.0,20.0,62.0,25.834476,0.19503784
2015-03-15T00:00:00Z,0.0,20.0,64.0,26.014036,0.21433067
2015-03-15T00:00:00Z,0.0,20.0,66.0,26.26099,0.2571373
2015-03-15T00:00:00Z,0.0,20.0,68.0,26.498714,0.33213234
2015-03-15T00:00:00Z,0.0,20.0,70.0,26.579784,0.38043213
2015-03-15T00:00:00Z,0.0,20.0,72.0,26.682915,0.41319275
2015-03-15T00:00:00Z,0.0,20.0,74.0,NaN,NaN
2015-03-15T00:00:00Z,0.0,20.0,76.0,NaN,NaN
2015-03-15T00:00:00Z,0.0,22.0,56.0,NaN,NaN
2015-03-15T00:00:00Z,0.0,22.0,58.0,NaN,NaN
2015-03-15T00:00:00Z,0.0,22.0,60.0,25.24219,0.25209808
2015-03-15T00:00:00Z,0.0,22.0,62.0,25.31817,0.25115013
2015-03-15T00:00:00Z,0.0,22.0,64.0,25.461893,0.2666645
2015-03-15T00:00:00Z,0.0,22.0,66.0,25.636944,0.30967712
2015-03-15T00:00:00Z,0.0,22.0,68.0,25.78064,0.35869598
2015-03-15T00:00:00Z,0.0,22.0,70.0,25.951136,0.3862095
2015-03-15T00:00:00Z,0.0,22.0,72.0,NaN,NaN
2015-03-15T00:00:00Z,0.0,22.0,74.0,NaN,NaN
2015-03-15T00:00:00Z,0.0,22.0,76.0,NaN,NaN
2015-03-15T00:00:00Z,0.0,24.0,56.0,NaN,NaN
2015-03-15T00:00:00Z,0.0,24.0,58.0,NaN,NaN
2015-03-15T00:00:00Z,0.0,24.0,60.0,24.769627,0.32596397
2015-03-15T00:00:00Z,0.0,24.0,62.0,24.859247,0.29289246
2015-03-15T00:00:00Z,0.0,24.0,64.0,24.949356,0.31376648
2015-03-15T00:00:00Z,0.0,24.0,66.0,25.051838,0.34594536
2015-03-15T00:00:00Z,0.0,24.0,68.0,25.246061,0.36502457
2015-03-15T00:00:00Z,0.0,24.0,70.0,NaN,NaN
2015-03-15T00:00:00Z,0.0,24.0,72.0,NaN,NaN
2015-03-15T00:00:00Z,0.0,24.0,74.0,NaN,NaN
2015-03-15T00:00:00Z,0.0,24.0,76.0,NaN,NaN
2015-03-15T00:00:00Z,0.0,26.0,56.0,23.5483,0.51455116
2015-03-15T00:00:00Z,0.0,26.0,58.0,24.249374,0.46949768
2015-03-15T00:00:00Z,0.0,26.0,60.0,24.5411,0.40852356
2015-03-15T00:00:00Z,0.0,26.0,62.0,NaN,NaN
2015-03-15T00:00:00Z,0.0,26.0,64.0,24.697552,0.36618233
2015-03-15T00:00:00Z,0.0,26.0,66.0,24.741512,0.380291
2015-03-15T00:00:00Z,0.0,26.0,68.0,NaN,NaN
2015-03-15T00:00:00Z,0.0,26.0,70.0,NaN,NaN
2015-03-15T00:00:00Z,0.0,26.0,72.0,NaN,NaN
2015-03-15T00:00:00Z,0.0,26.0,74.0,NaN,NaN
2015-03-15T00:00:00Z,0.0,26.0,76.0,NaN,NaN
2015-04-15T00:00:00Z,0.0,8.0,56.0,30.052143,0.68270874
2015-04-15T00:00:00Z,0.0,8.0,58.0,30.067896,0.6375847
2015-04-15T00:00:00Z,0.0,8.0,60.0,30.069101,0.5771847
2015-04-15T00:00:00Z,0.0,8.0,62.0,30.074549,0.508173
2015-04-15T00:00:00Z,0.0,8.0,64.0,30.100906,0.44838715
2015-04-15T00:00:00Z,0.0,8.0,66.0,30.161154,0.41207314
2015-04-15T00:00:00Z,0.0,8.0,68.0,30.240818,0.3959236
2015-04-15T00:00:00Z,0.0,8.0,70.0,30.318798,0.40011215
2015-04-15T00:00:00Z,0.0,8.0,72.0,30.3842,0.42344856
2015-04-15T00:00:00Z,0.0,8.0,74.0,30.42029,0.45022774
2015-04-15T00:00:00Z,0.0,8.0,76.0,30.38273,0.47584915
2015-04-15T00:00:00Z,0.0,10.0,56.0,29.836134,0.7004051
2015-04-15T00:00:00Z,0.0,10.0,58.0,29.851229,0.6772499
2015-04-15T00:00:00Z,0.0,10.0,60.0,29.855389,0.6345959
2015-04-15T00:00:00Z,0.0,10.0,62.0,29.875206,0.57572556
2015-04-15T00:00:00Z,0.0,10.0,64.0,29.92375,0.5158138
2015-04-15T00:00:00Z,0.0,10.0,66.0,30.001345,0.4711361
2015-04-15T00:00:00Z,0.0,10.0,68.0,30.097805,0.44519997
2015-04-15T00:00:00Z,0.0,10.0,70.0,30.205545,0.43481636
2015-04-15T00:00:00Z,0.0,10.0,72.0,30.321896,0.4457302
2015-04-15T00:00:00Z,0.0,10.0,74.0,30.42044,0.4587326
2015-04-15T00:00:00Z,0.0,10.0,76.0,30.456444,0.4659176
2015-04-15T00:00:00Z,0.0,12.0,56.0,29.65879,0.7504978
2015-04-15T00:00:00Z,0.0,12.0,58.0,29.671858,0.746191
2015-04-15T00:00:00Z,0.0,12.0,60.0,29.66904,0.722332
2015-04-15T00:00:00Z,0.0,12.0,62.0,29.68369,0.6746483
2015-04-15T00:00:00Z,0.0,12.0,64.0,29.732586,0.6128788
2015-04-15T00:00:00Z,0.0,12.0,66.0,29.802017,0.55460167
2015-04-15T00:00:00Z,0.0,12.0,68.0,29.880857,0.51041985
2015-04-15T00:00:00Z,0.0,12.0,70.0,29.992117,0.48478317
2015-04-15T00:00:00Z,0.0,12.0,72.0,30.136545,0.46985817
2015-04-15T00:00:00Z,0.0,12.0,74.0,30.298162,0.46499634
2015-04-15T00:00:00Z,0.0,12.0,76.0,30.41663,0.4542408
2015-04-15T00:00:00Z,0.0,14.0,56.0,29.438831,0.81087303
2015-04-15T00:00:00Z,0.0,14.0,58.0,29.453232,0.81635666
2015-04-15T00:00:00Z,0.0,14.0,60.0,29.459574,0.8051586
2015-04-15T00:00:00Z,0.0,14.0,62.0,29.480133,0.7765503
2015-04-15T00:00:00Z,0.0,14.0,64.0,29.522287,0.72057915
2015-04-15T00:00:00Z,0.0,14.0,66.0,29.57995,0.65511894
2015-04-15T00:00:00Z,0.0,14.0,68.0,29.646572,0.5972595
2015-04-15T00:00:00Z,0.0,14.0,70.0,29.748035,0.554327
2015-04-15T00:00:00Z,0.0,14.0,72.0,29.89913,0.5215664
2015-04-15T00:00:00Z,0.0,14.0,74.0,30.067337,0.5072937
2015-04-15T00:00:00Z,0.0,14.0,76.0,NaN,NaN
2015-04-15T00:00:00Z,0.0,16.0,56.0,29.067854,0.8306389
2015-04-15T00:00:00Z,0.0,16.0,58.0,29.063545,0.84435654
2015-04-15T00:00:00Z,0.0,16.0,60.0,29.1278,0.8525715
2015-04-15T00:00:00Z,0.0,16.0,62.0,29.192894,0.84272766
2015-04-15T00:00:00Z,0.0,16.0,64.0,29.241735,0.8020916
2015-04-15T00:00:00Z,0.0,16.0,66.0,29.297459,0.74320984
2015-04-15T00:00:00Z,0.0,16.0,68.0,29.37293,0.6909523
2015-04-15T00:00:00Z,0.0,16.0,70.0,29.460306,0.6554699
2015-04-15T00:00:00Z,0.0,16.0,72.0,29.590332,0.61540604
2015-04-15T00:00:00Z,0.0,16.0,74.0,29.771181,0.5666981
2015-04-15T00:00:00Z,0.0,16.0,76.0,NaN,NaN
2015-04-15T00:00:00Z,0.0,18.0,56.0,28.646975,0.8187599
2015-04-15T00:00:00Z,0.0,18.0,58.0,28.546064,0.8312435
2015-04-15T00:00:00Z,0.0,18.0,60.0,28.65201,0.85421944
2015-04-15T00:00:00Z,0.0,18.0,62.0,28.789026,0.8644867
2015-04-15T00:00:00Z,0.0,18.0,64.0,28.868273,0.84010696
2015-04-15T00:00:00Z,0.0,18.0,66.0,28.932793,0.79916763
2015-04-15T00:00:00Z,0.0,18.0,68.0,28.998987,0.76846504
2015-04-15T00:00:00Z,0.0,18.0,70.0,29.025492,0.76203156
2015-04-15T00:00:00Z,0.0,18.0,72.0,29.034237,0.74162674
2015-04-15T00:00:00Z,0.0,18.0,74.0,NaN,NaN
2015-04-15T00:00:00Z,0.0,18.0,76.0,NaN,NaN
2015-04-15T00:00:00Z,0.0,20.0,56.0,NaN,NaN
2015-04-15T00:00:00Z,0.0,20.0,58.0,28.153166,0.8078308
2015-04-15T00:00:00Z,0.0,20.0,60.0,28.168045,0.8285103
2015-04-15T00:00:00Z,0.0,20.0,62.0,28.306358,0.84773445
2015-04-15T00:00:00Z,0.0,20.0,64.0,28.41135,0.84058
2015-04-15T00:00:00Z,0.0,20.0,66.0,28.473236,0.8202553
2015-04-15T00:00:00Z,0.0,20.0,68.0,28.508217,0.8290272
2015-04-15T00:00:00Z,0.0,20.0,70.0,28.47054,0.8291702
2015-04-15T00:00:00Z,0.0,20.0,72.0,28.505913,0.82930946
2015-04-15T00:00:00Z,0.0,20.0,74.0,NaN,NaN
2015-04-15T00:00:00Z,0.0,20.0,76.0,NaN,NaN
2015-04-15T00:00:00Z,0.0,22.0,56.0,NaN,NaN
2015-04-15T00:00:00Z,0.0,22.0,58.0,NaN,NaN
2015-04-15T00:00:00Z,0.0,22.0,60.0,27.75699,0.81762314
2015-04-15T00:00:00Z,0.0,22.0,62.0,27.831938,0.83037376
2015-04-15T00:00:00Z,0.0,22.0,64.0,27.90508,0.8392887
2015-04-15T00:00:00Z,0.0,22.0,66.0,27.942745,0.8395386
2015-04-15T00:00:00Z,0.0,22.0,68.0,27.958153,0.8458538
2015-04-15T00:00:00Z,0.0,22.0,70.0,28.027895,0.8475876
2015-04-15T00:00:00Z,0.0,22.0,72.0,NaN,NaN
2015-04-15T00:00:00Z,0.0,22.0,74.0,NaN,NaN
2015-04-15T00:00:00Z,0.0,22.0,76.0,NaN,NaN
2015-04-15T00:00:00Z,0.0,24.0,56.0,NaN,NaN
2015-04-15T00:00:00Z,0.0,24.0,58.0,NaN,NaN
2015-04-15T00:00:00Z,0.0,24.0,60.0,27.347517,0.7633381
2015-04-15T00:00:00Z,0.0,24.0,62.0,27.413614,0.79244804
2015-04-15T00:00:00Z,0.0,24.0,64.0,27.412905,0.82471085
2015-04-15T00:00:00Z,0.0,24.0,66.0,27.416729,0.8323822
2015-04-15T00:00:00Z,0.0,24.0,68.0,27.528727,0.834116
2015-04-15T00:00:00Z,0.0,24.0,70.0,NaN,NaN
2015-04-15T00:00:00Z,0.0,24.0,72.0,NaN,NaN
2015-04-15T00:00:00Z,0.0,24.0,74.0,NaN,NaN
2015-04-15T00:00:00Z,0.0,24.0,76.0,NaN,NaN
2015-04-15T00:00:00Z,0.0,26.0,56.0,25.812326,0.51374245
2015-04-15T00:00:00Z,0.0,26.0,58.0,26.706196,0.66744614
2015-04-15T00:00:00Z,0.0,26.0,60.0,27.108541,0.73757935
2015-04-15T00:00:00Z,0.0,26.0,62.0,NaN,NaN
2015-04-15T00:00:00Z,0.0,26.0,64.0,27.134127,0.8365097
2015-04-15T00:00:00Z,0.0,26.0,66.0,27.12046,0.8354721
2015-04-15T00:00:00Z,0.0,26.0,68.0,NaN,NaN
2015-04-15T00:00:00Z,0.0,26.0,70.0,NaN,NaN
2015-04-15T00:00:00Z,0.0,26.0,72.0,NaN,NaN
2015-04-15T00:00:00Z,0.0,26.0,74.0,NaN,NaN
2015-04-15T00:00:00Z,0.0,26.0,76.0,NaN,NaN
2015-05-15T00:00:00Z,0.0,8.0,56.0,30.040977,0.42760468
2015-05-15T00:00:00Z,0.0,8.0,58.0,30.281635,0.48649025
2015-05-15T00:00:00Z,0.0,8.0,60.0,30.418436,0.52675056
2015-05-15T00:00:00Z,0.0,8.0,62.0,30.475677,0.5391998
2015-05-15T00:00:00Z,0.0,8.0,64.0,30.498962,0.5392952
2015-05-15T00:00:00Z,0.0,8.0,66.0,30.529837,0.5526066
2015-05-15T00:00:00Z,0.0,8.0,68.0,30.559563,0.5685005
2015-05-15T00:00:00Z,0.0,8.0,70.0,30.564043,0.56944084
2015-05-15T00:00:00Z,0.0,8.0,72.0,30.533846,0.5630131
2015-05-15T00:00:00Z,0.0,8.0,74.0,30.444298,0.56046295
2015-05-15T00:00:00Z,0.0,8.0,76.0,30.287329,0.5869446
2015-05-15T00:00:00Z,0.0,10.0,56.0,29.975992,0.42538643
2015-05-15T00:00:00Z,0.0,10.0,58.0,30.256664,0.53391457
2015-05-15T00:00:00Z,0.0,10.0,60.0,30.402447,0.5967808
2015-05-15T00:00:00Z,0.0,10.0,62.0,30.46058,0.60743713
2015-05-15T00:00:00Z,0.0,10.0,64.0,30.48374,0.5934925
2015-05-15T00:00:00Z,0.0,10.0,66.0,30.500338,0.579546
2015-05-15T00:00:00Z,0.0,10.0,68.0,30.516314,0.56593895
2015-05-15T00:00:00Z,0.0,10.0,70.0,30.525,0.5413971
2015-05-15T00:00:00Z,0.0,10.0,72.0,30.508389,0.51028633
2015-05-15T00:00:00Z,0.0,10.0,74.0,30.456495,0.49718285
2015-05-15T00:00:00Z,0.0,10.0,76.0,30.373346,0.51073265
2015-05-15T00:00:00Z,0.0,12.0,56.0,30.088581,0.48428917
2015-05-15T00:00:00Z,0.0,12.0,58.0,30.303425,0.617342
2015-05-15T00:00:00Z,0.0,12.0,60.0,30.42352,0.70326996
2015-05-15T00:00:00Z,0.0,12.0,62.0,30.481922,0.72242355
2015-05-15T00:00:00Z,0.0,12.0,64.0,30.505478,0.6974163
2015-05-15T00:00:00Z,0.0,12.0,66.0,30.50309,0.6557789
2015-05-15T00:00:00Z,0.0,12.0,68.0,30.486551,0.60728073
2015-05-15T00:00:00Z,0.0,12.0,70.0,30.477797,0.5546093
2015-05-15T00:00:00Z,0.0,12.0,72.0,30.479898,0.51031685
2015-05-15T00:00:00Z,0.0,12.0,74.0,30.467957,0.47839546
2015-05-15T00:00:00Z,0.0,12.0,76.0,30.437225,0.45986748
2015-05-15T00:00:00Z,0.0,14.0,56.0,30.159578,0.54099464
2015-05-15T00:00:00Z,0.0,14.0,58.0,30.265923,0.66761017
2015-05-15T00:00:00Z,0.0,14.0,60.0,30.386118,0.78128624
2015-05-15T00:00:00Z,0.0,14.0,62.0,30.493593,0.8389683
2015-05-15T00:00:00Z,0.0,14.0,64.0,30.545444,0.8266754
2015-05-15T00:00:00Z,0.0,14.0,66.0,30.530935,0.76852036
2015-05-15T00:00:00Z,0.0,14.0,68.0,30.485865,0.69698906
2015-05-15T00:00:00Z,0.0,14.0,70.0,30.463272,0.6352501
2015-05-15T00:00:00Z,0.0,14.0,72.0,30.476887,0.5877609
2015-05-15T00:00:00Z,0.0,14.0,74.0,30.506227,0.5623131
2015-05-15T00:00:00Z,0.0,14.0,76.0,NaN,NaN
2015-05-15T00:00:00Z,0.0,16.0,56.0,29.898758,0.52293015
2015-05-15T00:00:00Z,0.0,16.0,58.0,29.940792,0.6366253
2015-05-15T00:00:00Z,0.0,16.0,60.0,30.154438,0.78962517
2015-05-15T00:00:00Z,0.0,16.0,62.0,30.384533,0.9030132
2015-05-15T00:00:00Z,0.0,16.0,64.0,30.506165,0.93016434
2015-05-15T00:00:00Z,0.0,16.0,66.0,30.501966,0.8780899
2015-05-15T00:00:00Z,0.0,16.0,68.0,30.456152,0.81183815
2015-05-15T00:00:00Z,0.0,16.0,70.0,30.435322,0.7707157
2015-05-15T00:00:00Z,0.0,16.0,72.0,30.458345,0.73218346
2015-05-15T00:00:00Z,0.0,16.0,74.0,30.507975,0.68323517
2015-05-15T00:00:00Z,0.0,16.0,76.0,NaN,NaN
2015-05-15T00:00:00Z,0.0,18.0,56.0,29.448751,0.47630692
2015-05-15T00:00:00Z,0.0,18.0,58.0,29.424076,0.5828819
2015-05-15T00:00:00Z,0.0,18.0,60.0,29.724556,0.7456398
2015-05-15T00:00:00Z,0.0,18.0,62.0,30.092478,0.89889336
2015-05-15T00:00:00Z,0.0,18.0,64.0,30.303963,0.96406937
2015-05-15T00:00:00Z,0.0,18.0,66.0,30.355995,0.951725
2015-05-15T00:00:00Z,0.0,18.0,68.0,30.331224,0.920805
2015-05-15T00:00:00Z,0.0,18.0,70.0,30.306087,0.92541885
2015-05-15T00:00:00Z,0.0,18.0,72.0,30.29156,0.9162102
2015-05-15T00:00:00Z,0.0,18.0,74.0,NaN,NaN
2015-05-15T00:00:00Z,0.0,18.0,76.0,NaN,NaN
2015-05-15T00:00:00Z,0.0,20.0,56.0,NaN,NaN
2015-05-15T00:00:00Z,0.0,20.0,58.0,29.12559,0.56685066
2015-05-15T00:00:00Z,0.0,20.0,60.0,29.378914,0.70544815
2015-05-15T00:00:00Z,0.0,20.0,62.0,29.742048,0.8456516
2015-05-15T00:00:00Z,0.0,20.0,64.0,29.983831,0.93193626
2015-05-15T00:00:00Z,0.0,20.0,66.0,30.084682,0.96909714
2015-05-15T00:00:00Z,0.0,20.0,68.0,30.100615,1.0135918
2015-05-15T00:00:00Z,0.0,20.0,70.0,30.063112,1.0419006
2015-05-15T00:00:00Z,0.0,20.0,72.0,30.087025,1.056467
2015-05-15T00:00:00Z,0.0,20.0,74.0,NaN,NaN
2015-05-15T00:00:00Z,0.0,20.0,76.0,NaN,NaN
2015-05-15T00:00:00Z,0.0,22.0,56.0,NaN,NaN
2015-05-15T00:00:00Z,0.0,22.0,58.0,NaN,NaN
2015-05-15T00:00:00Z,0.0,22.0,60.0,29.422844,0.7222328
2015-05-15T00:00:00Z,0.0,22.0,62.0,29.566395,0.80233
2015-05-15T00:00:00Z,0.0,22.0,64.0,29.67958,0.8849144
2015-05-15T00:00:00Z,0.0,22.0,66.0,29.748745,0.95936966
2015-05-15T00:00:00Z,0.0,22.0,68.0,29.778381,1.0330372
2015-05-15T00:00:00Z,0.0,22.0,70.0,29.8315,1.0802917
2015-05-15T00:00:00Z,0.0,22.0,72.0,NaN,NaN
2015-05-15T00:00:00Z,0.0,22.0,74.0,NaN,NaN
2015-05-15T00:00:00Z,0.0,22.0,76.0,NaN,NaN
2015-05-15T00:00:00Z,0.0,24.0,56.0,NaN,NaN
2015-05-15T00:00:00Z,0.0,24.0,58.0,NaN,NaN
2015-05-15T00:00:00Z,0.0,24.0,60.0,29.644228,0.713089
2015-05-15T00:00:00Z,0.0,24.0,62.0,29.521576,0.7557907
2015-05-15T00:00:00Z,0.0,24.0,64.0,29.404064,0.8314171
2015-05-15T00:00:00Z,0.0,24.0,66.0,29.38717,0.90426064
2015-05-15T00:00:00Z,0.0,24.0,68.0,29.480207,0.9816246
2015-05-15T00:00:00Z,0.0,24.0,70.0,NaN,NaN
2015-05-15T00:00:00Z,0.0,24.0,72.0,NaN,NaN
2015-05-15T00:00:00Z,0.0,24.0,74.0,NaN,NaN
2015-05-15T00:00:00Z,0.0,24.0,76.0,NaN,NaN
2015-05-15T00:00:00Z,0.0,26.0,56.0,28.856049,0.46988678
2015-05-15T00:00:00Z,0.0,26.0,58.0,29.60875,0.6451683
2015-05-15T00:00:00Z,0.0,26.0,60.0,29.795038,0.7114105
2015-05-15T00:00:00Z,0.0,26.0,62.0,NaN,NaN
2015-05-15T00:00:00Z,0.0,26.0,64.0,29.20973,0.8194504
2015-05-15T00:00:00Z,0.0,26.0,66.0,29.166859,0.8556175
2015-05-15T00:00:00Z,0.0,26.0,68.0,NaN,NaN
2015-05-15T00:00:00Z,0.0,26.0,70.0,NaN,NaN
2015-05-15T00:00:00Z,0.0,26.0,72.0,NaN,NaN
2015-05-15T00:00:00Z,0.0,26.0,74.0,NaN,NaN
2015-05-15T00:00:00Z,0.0,26.0,76.0,NaN,NaN
2015-06-15T00:00:00Z,0.0,8.0,56.0,28.28299,0.2697811
2015-06-15T00:00:00Z,0.0,8.0,58.0,28.830849,0.36218262
2015-06-15T00:00:00Z,0.0,8.0,60.0,29.22672,0.43511772
2015-06-15T00:00:00Z,0.0,8.0,62.0,29.47409,0.4787979
2015-06-15T00:00:00Z,0.0,8.0,64.0,29.623308,0.5062237
2015-06-15T00:00:00Z,0.0,8.0,66.0,29.718721,0.54117775
2015-06-15T00:00:00Z,0.0,8.0,68.0,29.765938,0.56814575
2015-06-15T00:00:00Z,0.0,8.0,70.0,29.75403,0.56557274
2015-06-15T00:00:00Z,0.0,8.0,72.0,29.671532,0.55321884
2015-06-15T00:00:00Z,0.0,8.0,74.0,29.47566,0.5517864
2015-06-15T00:00:00Z,0.0,8.0,76.0,29.188217,0.5829735
2015-06-15T00:00:00Z,0.0,10.0,56.0,28.121727,0.29006195
2015-06-15T00:00:00Z,0.0,10.0,58.0,28.686008,0.3951969
2015-06-15T00:00:00Z,0.0,10.0,60.0,29.060698,0.45717812
2015-06-15T00:00:00Z,0.0,10.0,62.0,29.30328,0.474926
2015-06-15T00:00:00Z,0.0,10.0,64.0,29.476908,0.47649193
2015-06-15T00:00:00Z,0.0,10.0,66.0,29.595177,0.4842186
2015-06-15T00:00:00Z,0.0,10.0,68.0,29.657053,0.48709297
2015-06-15T00:00:00Z,0.0,10.0,70.0,29.653532,0.46957207
2015-06-15T00:00:00Z,0.0,10.0,72.0,29.56026,0.44501114
2015-06-15T00:00:00Z,0.0,10.0,74.0,29.364365,0.44059372
2015-06-15T00:00:00Z,0.0,10.0,76.0,29.144886,0.46501923
2015-06-15T00:00:00Z,0.0,12.0,56.0,28.305311,0.34651756
2015-06-15T00:00:00Z,0.0,12.0,58.0,28.701403,0.45894432
2015-06-15T00:00:00Z,0.0,12.0,60.0,29.008595,0.5295315
2015-06-15T00:00:00Z,0.0,12.0,62.0,29.250277,0.53458977
2015-06-15T00:00:00Z,0.0,12.0,64.0,29.449234,0.51169205
2015-06-15T00:00:00Z,0.0,12.0,66.0,29.579636,0.4859047
2015-06-15T00:00:00Z,0.0,12.0,68.0,29.635921,0.454504
2015-06-15T00:00:00Z,0.0,12.0,70.0,29.631796,0.41919136
2015-06-15T00:00:00Z,0.0,12.0,72.0,29.56457,0.395216
2015-06-15T00:00:00Z,0.0,12.0,74.0,29.415167,0.38800812
2015-06-15T00:00:00Z,0.0,12.0,76.0,29.247446,0.39095497
2015-06-15T00:00:00Z,0.0,14.0,56.0,28.55894,0.36479568
2015-06-15T00:00:00Z,0.0,14.0,58.0,28.737307,0.47428513
2015-06-15T00:00:00Z,0.0,14.0,60.0,29.017012,0.5739269
2015-06-15T00:00:00Z,0.0,14.0,62.0,29.319983,0.60656166
2015-06-15T00:00:00Z,0.0,14.0,64.0,29.558657,0.5821781
2015-06-15T00:00:00Z,0.0,14.0,66.0,29.67794,0.52954483
2015-06-15T00:00:00Z,0.0,14.0,68.0,29.710093,0.4774456
2015-06-15T00:00:00Z,0.0,14.0,70.0,29.71254,0.44606018
2015-06-15T00:00:00Z,0.0,14.0,72.0,29.68668,0.42528534
2015-06-15T00:00:00Z,0.0,14.0,74.0,29.633219,0.4266224
2015-06-15T00:00:00Z,0.0,14.0,76.0,NaN,NaN
2015-06-15T00:00:00Z,0.0,16.0,56.0,28.44549,0.29837227
2015-06-15T00:00:00Z,0.0,16.0,58.0,28.556871,0.3992443
2015-06-15T00:00:00Z,0.0,16.0,60.0,28.957722,0.5394497
2015-06-15T00:00:00Z,0.0,16.0,62.0,29.419285,0.6283245
2015-06-15T00:00:00Z,0.0,16.0,64.0,29.728197,0.6299877
2015-06-15T00:00:00Z,0.0,16.0,66.0,29.841238,0.5771961
2015-06-15T00:00:00Z,0.0,16.0,68.0,29.856083,0.53089714
2015-06-15T00:00:00Z,0.0,16.0,70.0,29.87091,0.5202446
2015-06-15T00:00:00Z,0.0,16.0,72.0,29.885538,0.51578903
2015-06-15T00:00:00Z,0.0,16.0,74.0,29.856123,0.5010681
2015-06-15T00:00:00Z,0.0,16.0,76.0,NaN,NaN
2015-06-15T00:00:00Z,0.0,18.0,56.0,28.085388,0.20858192
2015-06-15T00:00:00Z,0.0,18.0,58.0,28.203255,0.30724716
2015-06-15T00:00:00Z,0.0,18.0,60.0,28.755322,0.45871735
2015-06-15T00:00:00Z,0.0,18.0,62.0,29.400757,0.59236145
2015-06-15T00:00:00Z,0.0,18.0,64.0,29.817822,0.6288643
2015-06-15T00:00:00Z,0.0,18.0,66.0,29.977724,0.5970173
2015-06-15T00:00:00Z,0.0,18.0,68.0,29.997303,0.56546974
2015-06-15T00:00:00Z,0.0,18.0,70.0,30.016127,0.57806396
2015-06-15T00:00:00Z,0.0,18.0,72.0,30.046791,0.5942707
2015-06-15T00:00:00Z,0.0,18.0,74.0,NaN,NaN
2015-06-15T00:00:00Z,0.0,18.0,76.0,NaN,NaN
2015-06-15T00:00:00Z,0.0,20.0,56.0,NaN,NaN
2015-06-15T00:00:00Z,0.0,20.0,58.0,28.135576,0.25667953
2015-06-15T00:00:00Z,0.0,20.0,60.0,28.7108,0.40530014
2015-06-15T00:00:00Z,0.0,20.0,62.0,29.366156,0.54371834
2015-06-15T00:00:00Z,0.0,20.0,64.0,29.817001,0.6003361
2015-06-15T00:00:00Z,0.0,20.0,66.0,30.027815,0.58462715
2015-06-15T00:00:00Z,0.0,20.0,68.0,30.06749,0.57873726
2015-06-15T00:00:00Z,0.0,20.0,70.0,30.050964,0.58231735
2015-06-15T00:00:00Z,0.0,20.0,72.0,30.079763,0.60803986
2015-06-15T00:00:00Z,0.0,20.0,74.0,NaN,NaN
2015-06-15T00:00:00Z,0.0,20.0,76.0,NaN,NaN
2015-06-15T00:00:00Z,0.0,22.0,56.0,NaN,NaN
2015-06-15T00:00:00Z,0.0,22.0,58.0,NaN,NaN
2015-06-15T00:00:00Z,0.0,22.0,60.0,29.39189,0.44342995
2015-06-15T00:00:00Z,0.0,22.0,62.0,29.657654,0.5284462
2015-06-15T00:00:00Z,0.0,22.0,64.0,29.893202,0.5846615
2015-06-15T00:00:00Z,0.0,22.0,66.0,30.03383,0.5829334
2015-06-15T00:00:00Z,0.0,22.0,68.0,30.030157,0.5623512
2015-06-15T00:00:00Z,0.0,22.0,70.0,30.002327,0.5534458
2015-06-15T00:00:00Z,0.0,22.0,72.0,NaN,NaN
2015-06-15T00:00:00Z,0.0,22.0,74.0,NaN,NaN
2015-06-15T00:00:00Z,0.0,22.0,76.0,NaN,NaN
2015-06-15T00:00:00Z,0.0,24.0,56.0,NaN,NaN
2015-06-15T00:00:00Z,0.0,24.0,58.0,NaN,NaN
2015-06-15T00:00:00Z,0.0,24.0,60.0,30.501028,0.4884472
2015-06-15T00:00:00Z,0.0,24.0,62.0,30.17226,0.52425385
2015-06-15T00:00:00Z,0.0,24.0,64.0,30.003126,0.57255745
2015-06-15T00:00:00Z,0.0,24.0,66.0,29.982393,0.5672207
2015-06-15T00:00:00Z,0.0,24.0,68.0,29.953962,0.53912926
2015-06-15T00:00:00Z,0.0,24.0,70.0,NaN,NaN
2015-06-15T00:00:00Z,0.0,24.0,72.0,NaN,NaN
2015-06-15T00:00:00Z,0.0,24.0,74.0,NaN,NaN
2015-06-15T00:00:00Z,0.0,24.0,76.0,NaN,NaN
2015-06-15T00:00:00Z,0.0,26.0,56.0,31.049168,0.21858215
2015-06-15T00:00:00Z,0.0,26.0,58.0,31.46954,0.44828796
2015-06-15T00:00:00Z,0.0,26.0,60.0,31.24614,0.5281429
2015-06-15T00:00:00Z,0.0,26.0,62.0,NaN,NaN
2015-06-15T00:00:00Z,0.0,26.0,64.0,30.028784,0.59083176
2015-06-15T00:00:00Z,0.0,26.0,66.0,29.950994,0.56881714
2015-06-15T00:00:00Z,0.0,26.0,68.0,NaN,NaN
2015-06-15T00:00:00Z,0.0,26.0,70.0,NaN,NaN
2015-06-15T00:00:00Z,0.0,26.0,72.0,NaN,NaN
2015-06-15T00:00:00Z,0.0,26.0,74.0,NaN,NaN
2015-06-15T00:00:00Z,0.0,26.0,76.0,NaN,NaN
2015-07-15T00:00:00Z,0.0,8.0,56.0,26.826357,0.37339783
2015-07-15T00:00:00Z,0.0,8.0,58.0,27.553186,0.46460152
2015-07-15T00:00:00Z,0.0,8.0,60.0,28.199259,0.54000664
2015-07-15T00:00:00Z,0.0,8.0,62.0,28.661968,0.5695934
2015-07-15T00:00:00Z,0.0,8.0,64.0,28.946339,0.5627346
2015-07-15T00:00:00Z,0.0,8.0,66.0,29.097351,0.55706024
2015-07-15T00:00:00Z,0.0,8.0,68.0,29.141384,0.55046844
2015-07-15T00:00:00Z,0.0,8.0,70.0,29.104351,0.53203964
2015-07-15T00:00:00Z,0.0,8.0,72.0,28.985147,0.5246277
2015-07-15T00:00:00Z,0.0,8.0,74.0,28.723755,0.5310898
2015-07-15T00:00:00Z,0.0,8.0,76.0,28.366497,0.5514908
2015-07-15T00:00:00Z,0.0,10.0,56.0,26.34328,0.2783661
2015-07-15T00:00:00Z,0.0,10.0,58.0,27.084429,0.38811684
2015-07-15T00:00:00Z,0.0,10.0,60.0,27.691275,0.47021103
2015-07-15T00:00:00Z,0.0,10.0,62.0,28.147726,0.48983002
2015-07-15T00:00:00Z,0.0,10.0,64.0,28.491194,0.4756298
2015-07-15T00:00:00Z,0.0,10.0,66.0,28.70351,0.45153046
2015-07-15T00:00:00Z,0.0,10.0,68.0,28.806091,0.43227768
2015-07-15T00:00:00Z,0.0,10.0,70.0,28.81559,0.41750717
2015-07-15T00:00:00Z,0.0,10.0,72.0,28.69913,0.4143772
2015-07-15T00:00:00Z,0.0,10.0,74.0,28.43782,0.42859077
2015-07-15T00:00:00Z,0.0,10.0,76.0,28.160948,0.4540882
2015-07-15T00:00:00Z,0.0,12.0,56.0,26.20593,0.27303505
2015-07-15T00:00:00Z,0.0,12.0,58.0,26.766771,0.3918972
2015-07-15T00:00:00Z,0.0,12.0,60.0,27.291119,0.4867859
2015-07-15T00:00:00Z,0.0,12.0,62.0,27.762869,0.50995255
2015-07-15T00:00:00Z,0.0,12.0,64.0,28.169044,0.4881897
2015-07-15T00:00:00Z,0.0,12.0,66.0,28.447763,0.4515133
2015-07-15T00:00:00Z,0.0,12.0,68.0,28.60161,0.41215324
2015-07-15T00:00:00Z,0.0,12.0,70.0,28.652266,0.38178825
2015-07-15T00:00:00Z,0.0,12.0,72.0,28.588406,0.37196732
2015-07-15T00:00:00Z,0.0,12.0,74.0,28.394577,0.37675095
2015-07-15T00:00:00Z,0.0,12.0,76.0,28.185,0.38234138
2015-07-15T00:00:00Z,0.0,14.0,56.0,26.2562,0.3190155
2015-07-15T00:00:00Z,0.0,14.0,58.0,26.576117,0.42451286
2015-07-15T00:00:00Z,0.0,14.0,60.0,27.047676,0.53221893
2015-07-15T00:00:00Z,0.0,14.0,62.0,27.590544,0.58671
2015-07-15T00:00:00Z,0.0,14.0,64.0,28.069675,0.57728004
2015-07-15T00:00:00Z,0.0,14.0,66.0,28.388857,0.530941
2015-07-15T00:00:00Z,0.0,14.0,68.0,28.571194,0.48259163
2015-07-15T00:00:00Z,0.0,14.0,70.0,28.666069,0.45181847
2015-07-15T00:00:00Z,0.0,14.0,72.0,28.667652,0.4230919
2015-07-15T00:00:00Z,0.0,14.0,74.0,28.595749,0.4162159
2015-07-15T00:00:00Z,0.0,14.0,76.0,NaN,NaN
2015-07-15T00:00:00Z,0.0,16.0,56.0,26.10542,0.33016205
2015-07-15T00:00:00Z,0.0,16.0,58.0,26.369764,0.4288063
2015-07-15T00:00:00Z,0.0,16.0,60.0,26.942802,0.5588436
2015-07-15T00:00:00Z,0.0,16.0,62.0,27.62911,0.6550884
2015-07-15T00:00:00Z,0.0,16.0,64.0,28.189568,0.66965103
2015-07-15T00:00:00Z,0.0,16.0,66.0,28.534588,0.62758636
2015-07-15T00:00:00Z,0.0,16.0,68.0,28.72816,0.58836937
2015-07-15T00:00:00Z,0.0,16.0,70.0,28.85243,0.5695362
2015-07-15T00:00:00Z,0.0,16.0,72.0,28.899343,0.5387955
2015-07-15T00:00:00Z,0.0,16.0,74.0,28.846432,0.49844933
2015-07-15T00:00:00Z,0.0,16.0,76.0,NaN,NaN
2015-07-15T00:00:00Z,0.0,18.0,56.0,25.854765,0.31274796
2015-07-15T00:00:00Z,0.0,18.0,58.0,26.135345,0.4241295
2015-07-15T00:00:00Z,0.0,18.0,60.0,26.861517,0.5643101
2015-07-15T00:00:00Z,0.0,18.0,62.0,27.716425,0.68507195
2015-07-15T00:00:00Z,0.0,18.0,64.0,28.386105,0.7158966
2015-07-15T00:00:00Z,0.0,18.0,66.0,28.793123,0.6837673
2015-07-15T00:00:00Z,0.0,18.0,68.0,28.990778,0.64894295
2015-07-15T00:00:00Z,0.0,18.0,70.0,29.108149,0.63469124
2015-07-15T00:00:00Z,0.0,18.0,72.0,29.173187,0.6107216
2015-07-15T00:00:00Z,0.0,18.0,74.0,NaN,NaN
2015-07-15T00:00:00Z,0.0,18.0,76.0,NaN,NaN
2015-07-15T00:00:00Z,0.0,20.0,56.0,NaN,NaN
2015-07-15T00:00:00Z,0.0,20.0,58.0,26.268589,0.4275875
2015-07-15T00:00:00Z,0.0,20.0,60.0,27.03595,0.57268715
2015-07-15T00:00:00Z,0.0,20.0,62.0,27.881844,0.688385
2015-07-15T00:00:00Z,0.0,20.0,64.0,28.570728,0.7131424
2015-07-15T00:00:00Z,0.0,20.0,66.0,29.03681,0.67243576
2015-07-15T00:00:00Z,0.0,20.0,68.0,29.232195,0.6357784
2015-07-15T00:00:00Z,0.0,20.0,70.0,29.271975,0.59338
2015-07-15T00:00:00Z,0.0,20.0,72.0,29.289963,0.57450104
2015-07-15T00:00:00Z,0.0,20.0,74.0,NaN,NaN
2015-07-15T00:00:00Z,0.0,20.0,76.0,NaN,NaN
2015-07-15T00:00:00Z,0.0,22.0,56.0,NaN,NaN
2015-07-15T00:00:00Z,0.0,22.0,58.0,NaN,NaN
2015-07-15T00:00:00Z,0.0,22.0,60.0,28.186665,0.6422558
2015-07-15T00:00:00Z,0.0,22.0,62.0,28.499245,0.696558
2015-07-15T00:00:00Z,0.0,22.0,64.0,28.894873,0.7048111
2015-07-15T00:00:00Z,0.0,22.0,66.0,29.25613,0.6467972
2015-07-15T00:00:00Z,0.0,22.0,68.0,29.356628,0.56731033
2015-07-15T00:00:00Z,0.0,22.0,70.0,29.303267,0.5049629
2015-07-15T00:00:00Z,0.0,22.0,72.0,NaN,NaN
2015-07-15T00:00:00Z,0.0,22.0,74.0,NaN,NaN
2015-07-15T00:00:00Z,0.0,22.0,76.0,NaN,NaN
2015-07-15T00:00:00Z,0.0,24.0,56.0,NaN,NaN
2015-07-15T00:00:00Z,0.0,24.0,58.0,NaN,NaN
2015-07-15T00:00:00Z,0.0,24.0,60.0,30.048283,0.74917793
2015-07-15T00:00:00Z,0.0,24.0,62.0,29.45209,0.7094021
2015-07-15T00:00:00Z,0.0,24.0,64.0,29.28185,0.6824627
2015-07-15T00:00:00Z,0.0,24.0,66.0,29.412548,0.6132088
2015-07-15T00:00:00Z,0.0,24.0,68.0,29.394901,0.51768875
2015-07-15T00:00:00Z,0.0,24.0,70.0,NaN,NaN
2015-07-15T00:00:00Z,0.0,24.0,72.0,NaN,NaN
2015-07-15T00:00:00Z,0.0,24.0,74.0,NaN,NaN
2015-07-15T00:00:00Z,0.0,24.0,76.0,NaN,NaN
2015-07-15T00:00:00Z,0.0,26.0,56.0,32.679104,0.87493896
2015-07-15T00:00:00Z,0.0,26.0,58.0,32.29311,0.91864014
2015-07-15T00:00:00Z,0.0,26.0,60.0,31.38951,0.86006546
2015-07-15T00:00:00Z,0.0,26.0,62.0,NaN,NaN
2015-07-15T00:00:00Z,0.0,26.0,64.0,29.517653,0.6950512
2015-07-15T00:00:00Z,0.0,26.0,66.0,29.50568,0.6226711
2015-07-15T00:00:00Z,0.0,26.0,68.0,NaN,NaN
2015-07-15T00:00:00Z,0.0,26.0,70.0,NaN,NaN
2015-07-15T00:00:00Z,0.0,26.0,72.0,NaN,NaN
2015-07-15T00:00:00Z,0.0,26.0,74.0,NaN,NaN
2015-07-15T00:00:00Z,0.0,26.0,76.0,NaN,NaN
2015-08-15T00:00:00Z,0.0,8.0,56.0,26.755358,0.95150375
2015-08-15T00:00:00Z,0.0,8.0,58.0,27.4336,0.9820156
2015-08-15T00:00:00Z,0.0,8.0,60.0,28.102219,0.98477936
2015-08-15T00:00:00Z,0.0,8.0,62.0,28.613518,0.94364166
2015-08-15T00:00:00Z,0.0,8.0,64.0,28.944592,0.8878193
2015-08-15T00:00:00Z,0.0,8.0,66.0,29.117722,0.8473034
2015-08-15T00:00:00Z,0.0,8.0,68.0,29.156656,0.8202591
2015-08-15T00:00:00Z,0.0,8.0,70.0,29.109138,0.80343056
2015-08-15T00:00:00Z,0.0,8.0,72.0,28.955849,0.7876816
2015-08-15T00:00:00Z,0.0,8.0,74.0,28.63455,0.76350784
2015-08-15T00:00:00Z,0.0,8.0,76.0,28.234915,0.74422073
2015-08-15T00:00:00Z,0.0,10.0,56.0,26.326126,0.9659176
2015-08-15T00:00:00Z,0.0,10.0,58.0,26.975939,0.994833
2015-08-15T00:00:00Z,0.0,10.0,60.0,27.538769,0.97799873
2015-08-15T00:00:00Z,0.0,10.0,62.0,28.000727,0.9122486
2015-08-15T00:00:00Z,0.0,10.0,64.0,28.377008,0.83636284
2015-08-15T00:00:00Z,0.0,10.0,66.0,28.619886,0.77219963
2015-08-15T00:00:00Z,0.0,10.0,68.0,28.744207,0.73629
2015-08-15T00:00:00Z,0.0,10.0,70.0,28.770203,0.72468185
2015-08-15T00:00:00Z,0.0,10.0,72.0,28.639439,0.7167721
2015-08-15T00:00:00Z,0.0,10.0,74.0,28.31848,0.69706154
2015-08-15T00:00:00Z,0.0,10.0,76.0,27.987886,0.6797962
2015-08-15T00:00:00Z,0.0,12.0,56.0,26.075672,1.0000477
2015-08-15T00:00:00Z,0.0,12.0,58.0,26.54194,1.0081081
2015-08-15T00:00:00Z,0.0,12.0,60.0,26.971386,0.9641361
2015-08-15T00:00:00Z,0.0,12.0,62.0,27.400055,0.8760967
2015-08-15T00:00:00Z,0.0,12.0,64.0,27.816467,0.7781563
2015-08-15T00:00:00Z,0.0,12.0,66.0,28.12486,0.6872158
2015-08-15T00:00:00Z,0.0,12.0,68.0,28.335163,0.6340809
2015-08-15T00:00:00Z,0.0,12.0,70.0,28.447954,0.6203518
2015-08-15T00:00:00Z,0.0,12.0,72.0,28.398613,0.6176357
2015-08-15T00:00:00Z,0.0,12.0,74.0,28.179422,0.61486816
2015-08-15T00:00:00Z,0.0,12.0,76.0,27.950754,0.60643196
2015-08-15T00:00:00Z,0.0,14.0,56.0,25.929394,1.0325394
2015-08-15T00:00:00Z,0.0,14.0,58.0,26.167881,0.99150467
2015-08-15T00:00:00Z,0.0,14.0,60.0,26.504444,0.9216938
2015-08-15T00:00:00Z,0.0,14.0,62.0,26.934248,0.8166008
2015-08-15T00:00:00Z,0.0,14.0,64.0,27.381166,0.6984787
2015-08-15T00:00:00Z,0.0,14.0,66.0,27.737171,0.5873184
2015-08-15T00:00:00Z,0.0,14.0,68.0,28.005415,0.5189991
2015-08-15T00:00:00Z,0.0,14.0,70.0,28.191816,0.5029621
2015-08-15T00:00:00Z,0.0,14.0,72.0,28.244677,0.5017414
2015-08-15T00:00:00Z,0.0,14.0,74.0,28.186243,0.5176678
2015-08-15T00:00:00Z,0.0,14.0,76.0,NaN,NaN
2015-08-15T00:00:00Z,0.0,16.0,56.0,25.639805,0.99254036
2015-08-15T00:00:00Z,0.0,16.0,58.0,25.813246,0.9138069
2015-08-15T00:00:00Z,0.0,16.0,60.0,26.19211,0.8251076
2015-08-15T00:00:00Z,0.0,16.0,62.0,26.69367,0.72041893
2015-08-15T00:00:00Z,0.0,16.0,64.0,27.173058,0.59020233
2015-08-15T00:00:00Z,0.0,16.0,66.0,27.558784,0.47384644
2015-08-15T00:00:00Z,0.0,16.0,68.0,27.851103,0.40562248
2015-08-15T00:00:00Z,0.0,16.0,70.0,28.077568,0.39431763
2015-08-15T00:00:00Z,0.0,16.0,72.0,28.205671,0.40692902
2015-08-15T00:00:00Z,0.0,16.0,74.0,28.212627,0.41872215
2015-08-15T00:00:00Z,0.0,16.0,76.0,NaN,NaN
2015-08-15T00:00:00Z,0.0,18.0,56.0,25.333181,0.88349533
2015-08-15T00:00:00Z,0.0,18.0,58.0,25.483776,0.79813004
2015-08-15T00:00:00Z,0.0,18.0,60.0,25.978067,0.70077515
2015-08-15T00:00:00Z,0.0,18.0,62.0,26.61181,0.60360146
2015-08-15T00:00:00Z,0.0,18.0,64.0,27.184132,0.48435974
2015-08-15T00:00:00Z,0.0,18.0,66.0,27.61886,0.3698368
2015-08-15T00:00:00Z,0.0,18.0,68.0,27.903742,0.30451202
2015-08-15T00:00:00Z,0.0,18.0,70.0,28.11547,0.29632568
2015-08-15T00:00:00Z,0.0,18.0,72.0,28.25713,0.30626106
2015-08-15T00:00:00Z,0.0,18.0,74.0,NaN,NaN
2015-08-15T00:00:00Z,0.0,18.0,76.0,NaN,NaN
2015-08-15T00:00:00Z,0.0,20.0,56.0,NaN,NaN
2015-08-15T00:00:00Z,0.0,20.0,58.0,25.52098,0.6668606
2015-08-15T00:00:00Z,0.0,20.0,60.0,26.082787,0.60090256
2015-08-15T00:00:00Z,0.0,20.0,62.0,26.73549,0.5273857
2015-08-15T00:00:00Z,0.0,20.0,64.0,27.33462,0.4139309
2015-08-15T00:00:00Z,0.0,20.0,66.0,27.815804,0.29309464
2015-08-15T00:00:00Z,0.0,20.0,68.0,28.079903,0.2370472
2015-08-15T00:00:00Z,0.0,20.0,70.0,28.199102,0.20810127
2015-08-15T00:00:00Z,0.0,20.0,72.0,28.271358,0.20299721
2015-08-15T00:00:00Z,0.0,20.0,74.0,NaN,NaN
2015-08-15T00:00:00Z,0.0,20.0,76.0,NaN,NaN
2015-08-15T00:00:00Z,0.0,22.0,56.0,NaN,NaN
2015-08-15T00:00:00Z,0.0,22.0,58.0,NaN,NaN
2015-08-15T00:00:00Z,0.0,22.0,60.0,27.183634,0.5897484
2015-08-15T00:00:00Z,0.0,22.0,62.0,27.350195,0.5183182
2015-08-15T00:00:00Z,0.0,22.0,64.0,27.6618,0.3983841
2015-08-15T00:00:00Z,0.0,22.0,66.0,28.049177,0.27653122
2015-08-15T00:00:00Z,0.0,22.0,68.0,28.207083,0.18745804
2015-08-15T00:00:00Z,0.0,22.0,70.0,28.212267,0.13637733
2015-08-15T00:00:00Z,0.0,22.0,72.0,NaN,NaN
2015-08-15T00:00:00Z,0.0,22.0,74.0,NaN,NaN
2015-08-15T00:00:00Z,0.0,22.0,76.0,NaN,NaN
2015-08-15T00:00:00Z,0.0,24.0,56.0,NaN,NaN
2015-08-15T00:00:00Z,0.0,24.0,58.0,NaN,NaN
2015-08-15T00:00:00Z,0.0,24.0,60.0,29.075853,0.6713371
2015-08-15T00:00:00Z,0.0,24.0,62.0,28.294401,0.52762985
2015-08-15T00:00:00Z,0.0,24.0,64.0,28.03532,0.38279533
2015-08-15T00:00:00Z,0.0,24.0,66.0,28.209122,0.2678318
2015-08-15T00:00:00Z,0.0,24.0,68.0,28.241337,0.16425514
2015-08-15T00:00:00Z,0.0,24.0,70.0,NaN,NaN
2015-08-15T00:00:00Z,0.0,24.0,72.0,NaN,NaN
2015-08-15T00:00:00Z,0.0,24.0,74.0,NaN,NaN
2015-08-15T00:00:00Z,0.0,24.0,76.0,NaN,NaN
2015-08-15T00:00:00Z,0.0,26.0,56.0,32.934536,0.9677868
2015-08-15T00:00:00Z,0.0,26.0,58.0,31.854696,0.9154873
2015-08-15T00:00:00Z,0.0,26.0,60.0,30.529871,0.79540634
2015-08-15T00:00:00Z,0.0,26.0,62.0,NaN,NaN
2015-08-15T00:00:00Z,0.0,26.0,64.0,28.28355,0.40271187
2015-08-15T00:00:00Z,0.0,26.0,66.0,28.295738,0.2971573
2015-08-15T00:00:00Z,0.0,26.0,68.0,NaN,NaN
2015-08-15T00:00:00Z,0.0,26.0,70.0,NaN,NaN
2015-08-15T00:00:00Z,0.0,26.0,72.0,NaN,NaN
2015-08-15T00:00:00Z,0.0,26.0,74.0,NaN,NaN
2015-08-15T00:00:00Z,0.0,26.0,76.0,NaN,NaN
2015-09-15T00:00:00Z,0.0,8.0,56.0,27.708391,1.4243488
2015-09-15T00:00:00Z,0.0,8.0,58.0,28.238888,1.3819695
2015-09-15T00:00:00Z,0.0,8.0,60.0,28.76208,1.3245373
2015-09-15T00:00:00Z,0.0,8.0,62.0,29.154203,1.2525177
2015-09-15T00:00:00Z,0.0,8.0,64.0,29.39032,1.1799049
2015-09-15T00:00:00Z,0.0,8.0,66.0,29.498983,1.1232166
2015-09-15T00:00:00Z,0.0,8.0,68.0,29.50484,1.0811157
2015-09-15T00:00:00Z,0.0,8.0,70.0,29.450506,1.0502567
2015-09-15T00:00:00Z,0.0,8.0,72.0,29.317167,1.0154171
2015-09-15T00:00:00Z,0.0,8.0,74.0,29.049913,0.97289467
2015-09-15T00:00:00Z,0.0,8.0,76.0,28.710436,0.9268875
2015-09-15T00:00:00Z,0.0,10.0,56.0,27.477642,1.5388718
2015-09-15T00:00:00Z,0.0,10.0,58.0,27.96614,1.4968262
2015-09-15T00:00:00Z,0.0,10.0,60.0,28.388012,1.4189091
2015-09-15T00:00:00Z,0.0,10.0,62.0,28.737034,1.3251591
2015-09-15T00:00:00Z,0.0,10.0,64.0,29.018696,1.2411976
2015-09-15T00:00:00Z,0.0,10.0,66.0,29.198996,1.1757278
2015-09-15T00:00:00Z,0.0,10.0,68.0,29.28178,1.1270943
2015-09-15T00:00:00Z,0.0,10.0,70.0,29.283758,1.0874653
2015-09-15T00:00:00Z,0.0,10.0,72.0,29.16273,1.0444794
2015-09-15T00:00:00Z,0.0,10.0,74.0,28.87871,0.98773193
2015-09-15T00:00:00Z,0.0,10.0,76.0,28.578976,0.9363651
2015-09-15T00:00:00Z,0.0,12.0,56.0,27.359346,1.624073
2015-09-15T00:00:00Z,0.0,12.0,58.0,27.703548,1.5789623
2015-09-15T00:00:00Z,0.0,12.0,60.0,28.011852,1.4800835
2015-09-15T00:00:00Z,0.0,12.0,62.0,28.32238,1.3615704
2015-09-15T00:00:00Z,0.0,12.0,64.0,28.630629,1.2580662
2015-09-15T00:00:00Z,0.0,12.0,66.0,28.869276,1.1769638
2015-09-15T00:00:00Z,0.0,12.0,68.0,29.03426,1.1176357
2015-09-15T00:00:00Z,0.0,12.0,70.0,29.110582,1.0727901
2015-09-15T00:00:00Z,0.0,12.0,72.0,29.036928,1.0253849
2015-09-15T00:00:00Z,0.0,12.0,74.0,28.814857,0.9764328
2015-09-15T00:00:00Z,0.0,12.0,76.0,28.593035,0.92944336
2015-09-15T00:00:00Z,0.0,14.0,56.0,27.28219,1.6488552
2015-09-15T00:00:00Z,0.0,14.0,58.0,27.459414,1.5846424
2015-09-15T00:00:00Z,0.0,14.0,60.0,27.695002,1.4745655
2015-09-15T00:00:00Z,0.0,14.0,62.0,27.993412,1.3394146
2015-09-15T00:00:00Z,0.0,14.0,64.0,28.311844,1.2158661
2015-09-15T00:00:00Z,0.0,14.0,66.0,28.58553,1.1180916
2015-09-15T00:00:00Z,0.0,14.0,68.0,28.81212,1.0507469
2015-09-15T00:00:00Z,0.0,14.0,70.0,28.962997,1.0086021
2015-09-15T00:00:00Z,0.0,14.0,72.0,28.970253,0.9696903
2015-09-15T00:00:00Z,0.0,14.0,74.0,28.873644,0.94888496
2015-09-15T00:00:00Z,0.0,14.0,76.0,NaN,NaN
2015-09-15T00:00:00Z,0.0,16.0,56.0,27.057854,1.5767632
2015-09-15T00:00:00Z,0.0,16.0,58.0,27.183828,1.4814739
2015-09-15T00:00:00Z,0.0,16.0,60.0,27.4616,1.3677464
2015-09-15T00:00:00Z,0.0,16.0,62.0,27.818275,1.2442131
2015-09-15T00:00:00Z,0.0,16.0,64.0,28.156425,1.1187172
2015-09-15T00:00:00Z,0.0,16.0,66.0,28.449419,1.0185871
2015-09-15T00:00:00Z,0.0,16.0,68.0,28.703012,0.95249176
2015-09-15T00:00:00Z,0.0,16.0,70.0,28.908417,0.9226036
2015-09-15T00:00:00Z,0.0,16.0,72.0,28.996254,0.9091778
2015-09-15T00:00:00Z,0.0,16.0,74.0,28.955654,0.8988304
2015-09-15T00:00:00Z,0.0,16.0,76.0,NaN,NaN
2015-09-15T00:00:00Z,0.0,18.0,56.0,26.78083,1.4313984
2015-09-15T00:00:00Z,0.0,18.0,58.0,26.880283,1.3177986
2015-09-15T00:00:00Z,0.0,18.0,60.0,27.274714,1.2073803
2015-09-15T00:00:00Z,0.0,18.0,62.0,27.767054,1.1124477
2015-09-15T00:00:00Z,0.0,18.0,64.0,28.187712,1.0132122
2015-09-15T00:00:00Z,0.0,18.0,66.0,28.51023,0.92110443
2015-09-15T00:00:00Z,0.0,18.0,68.0,28.749989,0.8606148
2015-09-15T00:00:00Z,0.0,18.0,70.0,28.956589,0.8422966
2015-09-15T00:00:00Z,0.0,18.0,72.0,29.08443,0.8399162
2015-09-15T00:00:00Z,0.0,18.0,74.0,NaN,NaN
2015-09-15T00:00:00Z,0.0,18.0,76.0,NaN,NaN
2015-09-15T00:00:00Z,0.0,20.0,56.0,NaN,NaN
2015-09-15T00:00:00Z,0.0,20.0,58.0,26.855122,1.1457462
2015-09-15T00:00:00Z,0.0,20.0,60.0,27.32148,1.0753517
2015-09-15T00:00:00Z,0.0,20.0,62.0,27.861876,1.0211258
2015-09-15T00:00:00Z,0.0,20.0,64.0,28.315958,0.9431248
2015-09-15T00:00:00Z,0.0,20.0,66.0,28.662584,0.8589802
2015-09-15T00:00:00Z,0.0,20.0,68.0,28.866453,0.81768036
2015-09-15T00:00:00Z,0.0,20.0,70.0,28.996437,0.7885971
2015-09-15T00:00:00Z,0.0,20.0,72.0,29.100655,0.7816467
2015-09-15T00:00:00Z,0.0,20.0,74.0,NaN,NaN
2015-09-15T00:00:00Z,0.0,20.0,76.0,NaN,NaN
2015-09-15T00:00:00Z,0.0,22.0,56.0,NaN,NaN
2015-09-15T00:00:00Z,0.0,22.0,58.0,NaN,NaN
2015-09-15T00:00:00Z,0.0,22.0,60.0,28.076077,1.0175705
2015-09-15T00:00:00Z,0.0,22.0,62.0,28.244207,0.9880829
2015-09-15T00:00:00Z,0.0,22.0,64.0,28.494223,0.93055725
2015-09-15T00:00:00Z,0.0,22.0,66.0,28.762411,0.8537235
2015-09-15T00:00:00Z,0.0,22.0,68.0,28.874119,0.79421616
2015-09-15T00:00:00Z,0.0,22.0,70.0,28.932985,0.7587452
2015-09-15T00:00:00Z,0.0,22.0,72.0,NaN,NaN
2015-09-15T00:00:00Z,0.0,22.0,74.0,NaN,NaN
2015-09-15T00:00:00Z,0.0,22.0,76.0,NaN,NaN
2015-09-15T00:00:00Z,0.0,24.0,56.0,NaN,NaN
2015-09-15T00:00:00Z,0.0,24.0,58.0,NaN,NaN
2015-09-15T00:00:00Z,0.0,24.0,60.0,29.31858,0.981699
2015-09-15T00:00:00Z,0.0,24.0,62.0,28.784523,0.96107864
2015-09-15T00:00:00Z,0.0,24.0,64.0,28.607706,0.91127014
2015-09-15T00:00:00Z,0.0,24.0,66.0,28.725325,0.84293556
2015-09-15T00:00:00Z,0.0,24.0,68.0,28.785824,0.7809887
2015-09-15T00:00:00Z,0.0,24.0,70.0,NaN,NaN
2015-09-15T00:00:00Z,0.0,24.0,72.0,NaN,NaN
2015-09-15T00:00:00Z,0.0,24.0,74.0,NaN,NaN
2015-09-15T00:00:00Z,0.0,24.0,76.0,NaN,NaN
2015-09-15T00:00:00Z,0.0,26.0,56.0,32.403828,0.80291367
2015-09-15T00:00:00Z,0.0,26.0,58.0,31.33121,0.9146271
2015-09-15T00:00:00Z,0.0,26.0,60.0,30.27148,0.97655296
2015-09-15T00:00:00Z,0.0,26.0,62.0,NaN,NaN
2015-09-15T00:00:00Z,0.0,26.0,64.0,28.654938,0.91763306
2015-09-15T00:00:00Z,0.0,26.0,66.0,28.666218,0.8551731
2015-09-15T00:00:00Z,0.0,26.0,68.0,NaN,NaN
2015-09-15T00:00:00Z,0.0,26.0,70.0,NaN,NaN
2015-09-15T00:00:00Z,0.0,26.0,72.0,NaN,NaN
2015-09-15T00:00:00Z,0.0,26.0,74.0,NaN,NaN
2015-09-15T00:00:00Z,0.0,26.0,76.0,NaN,NaN
2015-10-15T00:00:00Z,0.0,8.0,56.0,28.630142,1.215538
2015-10-15T00:00:00Z,0.0,8.0,58.0,28.991875,1.2319984
2015-10-15T00:00:00Z,0.0,8.0,60.0,29.34208,1.2395554
2015-10-15T00:00:00Z,0.0,8.0,62.0,29.564703,1.2259312
2015-10-15T00:00:00Z,0.0,8.0,64.0,29.66093,1.1930771
2015-10-15T00:00:00Z,0.0,8.0,66.0,29.71118,1.1606579
2015-10-15T00:00:00Z,0.0,8.0,68.0,29.751019,1.1405582
2015-10-15T00:00:00Z,0.0,8.0,70.0,29.792381,1.1466713
2015-10-15T00:00:00Z,0.0,8.0,72.0,29.785206,1.1580372
2015-10-15T00:00:00Z,0.0,8.0,74.0,29.669828,1.1595783
2015-10-15T00:00:00Z,0.0,8.0,76.0,29.462185,1.1427956
2015-10-15T00:00:00Z,0.0,10.0,56.0,28.542414,1.2580776
2015-10-15T00:00:00Z,0.0,10.0,58.0,28.866892,1.283556
2015-10-15T00:00:00Z,0.0,10.0,60.0,29.134573,1.2852383
2015-10-15T00:00:00Z,0.0,10.0,62.0,29.31735,1.2563076
2015-10-15T00:00:00Z,0.0,10.0,64.0,29.440626,1.2111053
2015-10-15T00:00:00Z,0.0,10.0,66.0,29.541803,1.1663456
2015-10-15T00:00:00Z,0.0,10.0,68.0,29.646872,1.1415577
2015-10-15T00:00:00Z,0.0,10.0,70.0,29.750578,1.1454105
2015-10-15T00:00:00Z,0.0,10.0,72.0,29.790785,1.1640129
2015-10-15T00:00:00Z,0.0,10.0,74.0,29.689524,1.1655216
2015-10-15T00:00:00Z,0.0,10.0,76.0,29.513306,1.149271
2015-10-15T00:00:00Z,0.0,12.0,56.0,28.598402,1.3023815
2015-10-15T00:00:00Z,0.0,12.0,58.0,28.820236,1.3174648
2015-10-15T00:00:00Z,0.0,12.0,60.0,28.970055,1.295845
2015-10-15T00:00:00Z,0.0,12.0,62.0,29.090275,1.2413368
2015-10-15T00:00:00Z,0.0,12.0,64.0,29.216656,1.1783447
2015-10-15T00:00:00Z,0.0,12.0,66.0,29.358427,1.1236153
2015-10-15T00:00:00Z,0.0,12.0,68.0,29.529535,1.0948887
2015-10-15T00:00:00Z,0.0,12.0,70.0,29.698082,1.0995388
2015-10-15T00:00:00Z,0.0,12.0,72.0,29.774864,1.117302
2015-10-15T00:00:00Z,0.0,12.0,74.0,29.713045,1.1286831
2015-10-15T00:00:00Z,0.0,12.0,76.0,29.58886,1.1189594
2015-10-15T00:00:00Z,0.0,14.0,56.0,28.75691,1.3531399
2015-10-15T00:00:00Z,0.0,14.0,58.0,28.847004,1.3358364
2015-10-15T00:00:00Z,0.0,14.0,60.0,28.90532,1.2812538
2015-10-15T00:00:00Z,0.0,14.0,62.0,28.981644,1.2003918
2015-10-15T00:00:00Z,0.0,14.0,64.0,29.0947,1.1229286
2015-10-15T00:00:00Z,0.0,14.0,66.0,29.245516,1.0595379
2015-10-15T00:00:00Z,0.0,14.0,68.0,29.44676,1.0231571
2015-10-15T00:00:00Z,0.0,14.0,70.0,29.648699,1.0211773
2015-10-15T00:00:00Z,0.0,14.0,72.0,29.750416,1.036665
2015-10-15T00:00:00Z,0.0,14.0,74.0,29.741104,1.0590553
2015-10-15T00:00:00Z,0.0,14.0,76.0,NaN,NaN
2015-10-15T00:00:00Z,0.0,16.0,56.0,28.805725,1.3628368
2015-10-15T00:00:00Z,0.0,16.0,58.0,28.831612,1.3149452
2015-10-15T00:00:00Z,0.0,16.0,60.0,28.894321,1.2357368
2015-10-15T00:00:00Z,0.0,16.0,62.0,28.993073,1.148468
2015-10-15T00:00:00Z,0.0,16.0,64.0,29.099892,1.0676422
2015-10-15T00:00:00Z,0.0,16.0,66.0,29.240303,1.0015755
2015-10-15T00:00:00Z,0.0,16.0,68.0,29.435995,0.9559536
2015-10-15T00:00:00Z,0.0,16.0,70.0,29.641632,0.9468403
2015-10-15T00:00:00Z,0.0,16.0,72.0,29.753813,0.96183777
2015-10-15T00:00:00Z,0.0,16.0,74.0,29.749062,0.9728756
2015-10-15T00:00:00Z,0.0,16.0,76.0,NaN,NaN
2015-10-15T00:00:00Z,0.0,18.0,56.0,28.686474,1.3229656
2015-10-15T00:00:00Z,0.0,18.0,58.0,28.675325,1.2571659
2015-10-15T00:00:00Z,0.0,18.0,60.0,28.824978,1.1717911
2015-10-15T00:00:00Z,0.0,18.0,62.0,29.027302,1.0945511
2015-10-15T00:00:00Z,0.0,18.0,64.0,29.17791,1.0232849
2015-10-15T00:00:00Z,0.0,18.0,66.0,29.319225,0.96043396
2015-10-15T00:00:00Z,0.0,18.0,68.0,29.492783,0.9184475
2015-10-15T00:00:00Z,0.0,18.0,70.0,29.675957,0.91431046
2015-10-15T00:00:00Z,0.0,18.0,72.0,29.774508,0.9219494
2015-10-15T00:00:00Z,0.0,18.0,74.0,NaN,NaN
2015-10-15T00:00:00Z,0.0,18.0,76.0,NaN,NaN
2015-10-15T00:00:00Z,0.0,20.0,56.0,NaN,NaN
2015-10-15T00:00:00Z,0.0,20.0,58.0,28.598043,1.1828289
2015-10-15T00:00:00Z,0.0,20.0,60.0,28.806192,1.1159
2015-10-15T00:00:00Z,0.0,20.0,62.0,29.072412,1.0554962
2015-10-15T00:00:00Z,0.0,20.0,64.0,29.253399,0.992836
2015-10-15T00:00:00Z,0.0,20.0,66.0,29.39406,0.94260216
2015-10-15T00:00:00Z,0.0,20.0,68.0,29.53128,0.9341755
2015-10-15T00:00:00Z,0.0,20.0,70.0,29.65112,0.928772
2015-10-15T00:00:00Z,0.0,20.0,72.0,29.74511,0.9266739
2015-10-15T00:00:00Z,0.0,20.0,74.0,NaN,NaN
2015-10-15T00:00:00Z,0.0,20.0,76.0,NaN,NaN
2015-10-15T00:00:00Z,0.0,22.0,56.0,NaN,NaN
2015-10-15T00:00:00Z,0.0,22.0,58.0,NaN,NaN
2015-10-15T00:00:00Z,0.0,22.0,60.0,29.118052,1.0966568
2015-10-15T00:00:00Z,0.0,22.0,62.0,29.211554,1.0508041
2015-10-15T00:00:00Z,0.0,22.0,64.0,29.288837,0.996315
2015-10-15T00:00:00Z,0.0,22.0,66.0,29.36728,0.96219635
2015-10-15T00:00:00Z,0.0,22.0,68.0,29.426994,0.95802116
2015-10-15T00:00:00Z,0.0,22.0,70.0,29.521278,0.9535198
2015-10-15T00:00:00Z,0.0,22.0,72.0,NaN,NaN
2015-10-15T00:00:00Z,0.0,22.0,74.0,NaN,NaN
2015-10-15T00:00:00Z,0.0,22.0,76.0,NaN,NaN
2015-10-15T00:00:00Z,0.0,24.0,56.0,NaN,NaN
2015-10-15T00:00:00Z,0.0,24.0,58.0,NaN,NaN
2015-10-15T00:00:00Z,0.0,24.0,60.0,29.58719,1.0728874
2015-10-15T00:00:00Z,0.0,24.0,62.0,29.33491,1.0282421
2015-10-15T00:00:00Z,0.0,24.0,64.0,29.191542,0.97834015
2015-10-15T00:00:00Z,0.0,24.0,66.0,29.186144,0.95599174
2015-10-15T00:00:00Z,0.0,24.0,68.0,29.246515,0.95615387
2015-10-15T00:00:00Z,0.0,24.0,70.0,NaN,NaN
2015-10-15T00:00:00Z,0.0,24.0,72.0,NaN,NaN
2015-10-15T00:00:00Z,0.0,24.0,74.0,NaN,NaN
2015-10-15T00:00:00Z,0.0,24.0,76.0,NaN,NaN
2015-10-15T00:00:00Z,0.0,26.0,56.0,31.226633,1.0485516
2015-10-15T00:00:00Z,0.0,26.0,58.0,30.502647,1.0562897
2015-10-15T00:00:00Z,0.0,26.0,60.0,29.92375,1.0611248
2015-10-15T00:00:00Z,0.0,26.0,62.0,NaN,NaN
2015-10-15T00:00:00Z,0.0,26.0,64.0,29.06033,0.96578026
2015-10-15T00:00:00Z,0.0,26.0,66.0,29.031084,0.9486866
2015-10-15T00:00:00Z,0.0,26.0,68.0,NaN,NaN
2015-10-15T00:00:00Z,0.0,26.0,70.0,NaN,NaN
2015-10-15T00:00:00Z,0.0,26.0,72.0,NaN,NaN
2015-10-15T00:00:00Z,0.0,26.0,74.0,NaN,NaN
2015-10-15T00:00:00Z,0.0,26.0,76.0,NaN,NaN
2015-11-15T00:00:00Z,0.0,8.0,56.0,28.77164,0.9403076
2015-11-15T00:00:00Z,0.0,8.0,58.0,28.967236,0.928442
2015-11-15T00:00:00Z,0.0,8.0,60.0,29.162292,0.91768456
2015-11-15T00:00:00Z,0.0,8.0,62.0,29.307856,0.91645813
2015-11-15T00:00:00Z,0.0,8.0,64.0,29.4116,0.9210167
2015-11-15T00:00:00Z,0.0,8.0,66.0,29.519527,0.9287987
2015-11-15T00:00:00Z,0.0,8.0,68.0,29.624624,0.935812
2015-11-15T00:00:00Z,0.0,8.0,70.0,29.69741,0.9477844
2015-11-15T00:00:00Z,0.0,8.0,72.0,29.709936,0.96753883
2015-11-15T00:00:00Z,0.0,8.0,74.0,29.648914,0.9916649
2015-11-15T00:00:00Z,0.0,8.0,76.0,29.52163,1.0092182
2015-11-15T00:00:00Z,0.0,10.0,56.0,28.536028,0.9044857
2015-11-15T00:00:00Z,0.0,10.0,58.0,28.693014,0.89622116
2015-11-15T00:00:00Z,0.0,10.0,60.0,28.846935,0.88970566
2015-11-15T00:00:00Z,0.0,10.0,62.0,28.979078,0.8845577
2015-11-15T00:00:00Z,0.0,10.0,64.0,29.107004,0.88085747
2015-11-15T00:00:00Z,0.0,10.0,66.0,29.269047,0.8852539
2015-11-15T00:00:00Z,0.0,10.0,68.0,29.453793,0.8994789
2015-11-15T00:00:00Z,0.0,10.0,70.0,29.619593,0.920948
2015-11-15T00:00:00Z,0.0,10.0,72.0,29.717678,0.9479904
2015-11-15T00:00:00Z,0.0,10.0,74.0,29.70207,0.96915436
2015-11-15T00:00:00Z,0.0,10.0,76.0,29.61075,0.9842987
2015-11-15T00:00:00Z,0.0,12.0,56.0,28.390385,0.9126339
2015-11-15T00:00:00Z,0.0,12.0,58.0,28.502321,0.9053612
2015-11-15T00:00:00Z,0.0,12.0,60.0,28.59476,0.89601135
2015-11-15T00:00:00Z,0.0,12.0,62.0,28.684328,0.8762646
2015-11-15T00:00:00Z,0.0,12.0,64.0,28.798666,0.8460827
2015-11-15T00:00:00Z,0.0,12.0,66.0,28.980635,0.82790565
2015-11-15T00:00:00Z,0.0,12.0,68.0,29.224972,0.8338051
2015-11-15T00:00:00Z,0.0,12.0,70.0,29.476738,0.86094856
2015-11-15T00:00:00Z,0.0,12.0,72.0,29.64725,0.888834
2015-11-15T00:00:00Z,0.0,12.0,74.0,29.69282,0.9126911
2015-11-15T00:00:00Z,0.0,12.0,76.0,29.660963,0.92728996
2015-11-15T00:00:00Z,0.0,14.0,56.0,28.329472,0.9494724
2015-11-15T00:00:00Z,0.0,14.0,58.0,28.393778,0.9347973
2015-11-15T00:00:00Z,0.0,14.0,60.0,28.450195,0.9179039
2015-11-15T00:00:00Z,0.0,14.0,62.0,28.50571,0.8805237
2015-11-15T00:00:00Z,0.0,14.0,64.0,28.58644,0.82439804
2015-11-15T00:00:00Z,0.0,14.0,66.0,28.752863,0.7789879
2015-11-15T00:00:00Z,0.0,14.0,68.0,29.02033,0.7677059
2015-11-15T00:00:00Z,0.0,14.0,70.0,29.314964,0.7896118
2015-11-15T00:00:00Z,0.0,14.0,72.0,29.521818,0.8196926
2015-11-15T00:00:00Z,0.0,14.0,74.0,29.610518,0.8517399
2015-11-15T00:00:00Z,0.0,14.0,76.0,NaN,NaN
2015-11-15T00:00:00Z,0.0,16.0,56.0,28.25726,0.95864105
2015-11-15T00:00:00Z,0.0,16.0,58.0,28.284023,0.9378357
2015-11-15T00:00:00Z,0.0,16.0,60.0,28.34679,0.9167671
2015-11-15T00:00:00Z,0.0,16.0,62.0,28.400057,0.8713474
2015-11-15T00:00:00Z,0.0,16.0,64.0,28.450182,0.8019123
2015-11-15T00:00:00Z,0.0,16.0,66.0,28.589548,0.7386303
2015-11-15T00:00:00Z,0.0,16.0,68.0,28.855911,0.7137222
2015-11-15T00:00:00Z,0.0,16.0,70.0,29.149519,0.7333317
2015-11-15T00:00:00Z,0.0,16.0,72.0,29.352907,0.7675724
2015-11-15T00:00:00Z,0.0,16.0,74.0,29.461723,0.7888622
2015-11-15T00:00:00Z,0.0,16.0,76.0,NaN,NaN
2015-11-15T00:00:00Z,0.0,18.0,56.0,28.128126,0.93110657
2015-11-15T00:00:00Z,0.0,18.0,58.0,28.111633,0.9114437
2015-11-15T00:00:00Z,0.0,18.0,60.0,28.202847,0.8937206
2015-11-15T00:00:00Z,0.0,18.0,62.0,28.296034,0.8558235
2015-11-15T00:00:00Z,0.0,18.0,64.0,28.341213,0.7818146
2015-11-15T00:00:00Z,0.0,18.0,66.0,28.452677,0.7072582
2015-11-15T00:00:00Z,0.0,18.0,68.0,28.679802,0.6730919
2015-11-15T00:00:00Z,0.0,18.0,70.0,28.908287,0.68845177
2015-11-15T00:00:00Z,0.0,18.0,72.0,29.031694,0.7143612
2015-11-15T00:00:00Z,0.0,18.0,74.0,NaN,NaN
2015-11-15T00:00:00Z,0.0,18.0,76.0,NaN,NaN
2015-11-15T00:00:00Z,0.0,20.0,56.0,NaN,NaN
2015-11-15T00:00:00Z,0.0,20.0,58.0,27.980724,0.8792057
2015-11-15T00:00:00Z,0.0,20.0,60.0,28.071259,0.8774948
2015-11-15T00:00:00Z,0.0,20.0,62.0,28.19441,0.8533039
2015-11-15T00:00:00Z,0.0,20.0,64.0,28.244104,0.7800007
2015-11-15T00:00:00Z,0.0,20.0,66.0,28.304996,0.69872665
2015-11-15T00:00:00Z,0.0,20.0,68.0,28.429817,0.6651077
2015-11-15T00:00:00Z,0.0,20.0,70.0,28.543535,0.6552582
2015-11-15T00:00:00Z,0.0,20.0,72.0,28.663496,0.6662655
2015-11-15T00:00:00Z,0.0,20.0,74.0,NaN,NaN
2015-11-15T00:00:00Z,0.0,20.0,76.0,NaN,NaN
2015-11-15T00:00:00Z,0.0,22.0,56.0,NaN,NaN
2015-11-15T00:00:00Z,0.0,22.0,58.0,NaN,NaN
2015-11-15T00:00:00Z,0.0,22.0,60.0,28.054214,0.905056
2015-11-15T00:00:00Z,0.0,22.0,62.0,28.12245,0.88207436
2015-11-15T00:00:00Z,0.0,22.0,64.0,28.134016,0.8147869
2015-11-15T00:00:00Z,0.0,22.0,66.0,28.11054,0.73260117
2015-11-15T00:00:00Z,0.0,22.0,68.0,28.102802,0.67519
2015-11-15T00:00:00Z,0.0,22.0,70.0,28.188122,0.6405201
2015-11-15T00:00:00Z,0.0,22.0,72.0,NaN,NaN
2015-11-15T00:00:00Z,0.0,22.0,74.0,NaN,NaN
2015-11-15T00:00:00Z,0.0,22.0,76.0,NaN,NaN
2015-11-15T00:00:00Z,0.0,24.0,56.0,NaN,NaN
2015-11-15T00:00:00Z,0.0,24.0,58.0,NaN,NaN
2015-11-15T00:00:00Z,0.0,24.0,60.0,28.04086,0.91814613
2015-11-15T00:00:00Z,0.0,24.0,62.0,27.99751,0.8802223
2015-11-15T00:00:00Z,0.0,24.0,64.0,27.92663,0.8169365
2015-11-15T00:00:00Z,0.0,24.0,66.0,27.849546,0.75078964
2015-11-15T00:00:00Z,0.0,24.0,68.0,27.845366,0.690567
2015-11-15T00:00:00Z,0.0,24.0,70.0,NaN,NaN
2015-11-15T00:00:00Z,0.0,24.0,72.0,NaN,NaN
2015-11-15T00:00:00Z,0.0,24.0,74.0,NaN,NaN
2015-11-15T00:00:00Z,0.0,24.0,76.0,NaN,NaN
2015-11-15T00:00:00Z,0.0,26.0,56.0,28.481577,0.782074
2015-11-15T00:00:00Z,0.0,26.0,58.0,28.241692,0.89305115
2015-11-15T00:00:00Z,0.0,26.0,60.0,28.036741,0.92015076
2015-11-15T00:00:00Z,0.0,26.0,62.0,NaN,NaN
2015-11-15T00:00:00Z,0.0,26.0,64.0,27.748987,0.8087559
2015-11-15T00:00:00Z,0.0,26.0,66.0,27.687023,0.76778984
2015-11-15T00:00:00Z,0.0,26.0,68.0,NaN,NaN
2015-11-15T00:00:00Z,0.0,26.0,70.0,NaN,NaN
2015-11-15T00:00:00Z,0.0,26.0,72.0,NaN,NaN
2015-11-15T00:00:00Z,0.0,26.0,74.0,NaN,NaN
2015-11-15T00:00:00Z,0.0,26.0,76.0,NaN,NaN
2015-12-15T00:00:00Z,0.0,8.0,56.0,28.187471,0.8711586
2015-12-15T00:00:00Z,0.0,8.0,58.0,28.402073,0.8798866
2015-12-15T00:00:00Z,0.0,8.0,60.0,28.614048,0.88300514
2015-12-15T00:00:00Z,0.0,8.0,62.0,28.793158,0.8766575
2015-12-15T00:00:00Z,0.0,8.0,64.0,28.956264,0.8698673
2015-12-15T00:00:00Z,0.0,8.0,66.0,29.128807,0.8725128
2015-12-15T00:00:00Z,0.0,8.0,68.0,29.27729,0.8753319
2015-12-15T00:00:00Z,0.0,8.0,70.0,29.356804,0.8741379
2015-12-15T00:00:00Z,0.0,8.0,72.0,29.363338,0.8895054
2015-12-15T00:00:00Z,0.0,8.0,74.0,29.308937,0.92677116
2015-12-15T00:00:00Z,0.0,8.0,76.0,29.193521,0.9748821
2015-12-15T00:00:00Z,0.0,10.0,56.0,27.828924,0.8408623
2015-12-15T00:00:00Z,0.0,10.0,58.0,27.995653,0.8577976
2015-12-15T00:00:00Z,0.0,10.0,60.0,28.175274,0.8706684
2015-12-15T00:00:00Z,0.0,10.0,62.0,28.340557,0.86299515
2015-12-15T00:00:00Z,0.0,10.0,64.0,28.51638,0.83815
2015-12-15T00:00:00Z,0.0,10.0,66.0,28.738192,0.819067
2015-12-15T00:00:00Z,0.0,10.0,68.0,28.97275,0.81245804
2015-12-15T00:00:00Z,0.0,10.0,70.0,29.167662,0.81443214
2015-12-15T00:00:00Z,0.0,10.0,72.0,29.288666,0.8314991
2015-12-15T00:00:00Z,0.0,10.0,74.0,29.31205,0.8644867
2015-12-15T00:00:00Z,0.0,10.0,76.0,29.25314,0.9015846
2015-12-15T00:00:00Z,0.0,12.0,56.0,27.498571,0.8613224
2015-12-15T00:00:00Z,0.0,12.0,58.0,27.624409,0.8802204
2015-12-15T00:00:00Z,0.0,12.0,60.0,27.758556,0.89561844
2015-12-15T00:00:00Z,0.0,12.0,62.0,27.886442,0.8813801
2015-12-15T00:00:00Z,0.0,12.0,64.0,28.042028,0.8269043
2015-12-15T00:00:00Z,0.0,12.0,66.0,28.278406,0.7673645
2015-12-15T00:00:00Z,0.0,12.0,68.0,28.579355,0.7339802
2015-12-15T00:00:00Z,0.0,12.0,70.0,28.886768,0.73357964
2015-12-15T00:00:00Z,0.0,12.0,72.0,29.121197,0.7521553
2015-12-15T00:00:00Z,0.0,12.0,74.0,29.235798,0.78191566
2015-12-15T00:00:00Z,0.0,12.0,76.0,29.262133,0.8123474
2015-12-15T00:00:00Z,0.0,14.0,56.0,27.1862,0.8819485
2015-12-15T00:00:00Z,0.0,14.0,58.0,27.288864,0.88903046
2015-12-15T00:00:00Z,0.0,14.0,60.0,27.422224,0.9095993
2015-12-15T00:00:00Z,0.0,14.0,62.0,27.526958,0.88762474
2015-12-15T00:00:00Z,0.0,14.0,64.0,27.643333,0.810833
2015-12-15T00:00:00Z,0.0,14.0,66.0,27.863264,0.7214508
2015-12-15T00:00:00Z,0.0,14.0,68.0,28.20572,0.66778183
2015-12-15T00:00:00Z,0.0,14.0,70.0,28.590168,0.6637306
2015-12-15T00:00:00Z,0.0,14.0,72.0,28.892221,0.6808052
2015-12-15T00:00:00Z,0.0,14.0,74.0,29.063814,0.7113514
2015-12-15T00:00:00Z,0.0,14.0,76.0,NaN,NaN
2015-12-15T00:00:00Z,0.0,16.0,56.0,26.87279,0.84306717
2015-12-15T00:00:00Z,0.0,16.0,58.0,26.94791,0.8412018
2015-12-15T00:00:00Z,0.0,16.0,60.0,27.105467,0.86621475
2015-12-15T00:00:00Z,0.0,16.0,62.0,27.217447,0.8460293
2015-12-15T00:00:00Z,0.0,16.0,64.0,27.30076,0.7633629
2015-12-15T00:00:00Z,0.0,16.0,66.0,27.503786,0.6701813
2015-12-15T00:00:00Z,0.0,16.0,68.0,27.872318,0.61852646
2015-12-15T00:00:00Z,0.0,16.0,70.0,28.265741,0.6173439
2015-12-15T00:00:00Z,0.0,16.0,72.0,28.570541,0.6387844
2015-12-15T00:00:00Z,0.0,16.0,74.0,28.790815,0.6558075
2015-12-15T00:00:00Z,0.0,16.0,76.0,NaN,NaN
2015-12-15T00:00:00Z,0.0,18.0,56.0,26.631456,0.7799759
2015-12-15T00:00:00Z,0.0,18.0,58.0,26.646914,0.7812538
2015-12-15T00:00:00Z,0.0,18.0,60.0,26.7935,0.8028965
2015-12-15T00:00:00Z,0.0,18.0,62.0,26.916655,0.787447
2015-12-15T00:00:00Z,0.0,18.0,64.0,26.983145,0.7040825
2015-12-15T00:00:00Z,0.0,18.0,66.0,27.155495,0.6100788
2015-12-15T00:00:00Z,0.0,18.0,68.0,27.474459,0.5573559
2015-12-15T00:00:00Z,0.0,18.0,70.0,27.755323,0.5519676
2015-12-15T00:00:00Z,0.0,18.0,72.0,27.909595,0.56733704
2015-12-15T00:00:00Z,0.0,18.0,74.0,NaN,NaN
2015-12-15T00:00:00Z,0.0,18.0,76.0,NaN,NaN
2015-12-15T00:00:00Z,0.0,20.0,56.0,NaN,NaN
2015-12-15T00:00:00Z,0.0,20.0,58.0,26.465137,0.7522106
2015-12-15T00:00:00Z,0.0,20.0,60.0,26.538336,0.77267647
2015-12-15T00:00:00Z,0.0,20.0,62.0,26.647367,0.7532635
2015-12-15T00:00:00Z,0.0,20.0,64.0,26.699806,0.66101646
2015-12-15T00:00:00Z,0.0,20.0,66.0,26.770235,0.5420475
2015-12-15T00:00:00Z,0.0,20.0,68.0,26.906116,0.4746132
2015-12-15T00:00:00Z,0.0,20.0,70.0,27.0119,0.44641876
2015-12-15T00:00:00Z,0.0,20.0,72.0,27.165604,0.45599174
2015-12-15T00:00:00Z,0.0,20.0,74.0,NaN,NaN
2015-12-15T00:00:00Z,0.0,20.0,76.0,NaN,NaN
2015-12-15T00:00:00Z,0.0,22.0,56.0,NaN,NaN
2015-12-15T00:00:00Z,0.0,22.0,58.0,NaN,NaN
2015-12-15T00:00:00Z,0.0,22.0,60.0,26.320097,0.7886257
2015-12-15T00:00:00Z,0.0,22.0,62.0,26.40333,0.74930763
2015-12-15T00:00:00Z,0.0,22.0,64.0,26.417086,0.6401062
2015-12-15T00:00:00Z,0.0,22.0,66.0,26.340937,0.49403954
2015-12-15T00:00:00Z,0.0,22.0,68.0,26.262903,0.3853054
2015-12-15T00:00:00Z,0.0,22.0,70.0,26.347563,0.3379593
2015-12-15T00:00:00Z,0.0,22.0,72.0,NaN,NaN
2015-12-15T00:00:00Z,0.0,22.0,74.0,NaN,NaN
2015-12-15T00:00:00Z,0.0,22.0,76.0,NaN,NaN
2015-12-15T00:00:00Z,0.0,24.0,56.0,NaN,NaN
2015-12-15T00:00:00Z,0.0,24.0,58.0,NaN,NaN
2015-12-15T00:00:00Z,0.0,24.0,60.0,26.029943,0.7556362
2015-12-15T00:00:00Z,0.0,24.0,62.0,26.116348,0.6999035
2015-12-15T00:00:00Z,0.0,24.0,64.0,26.08564,0.58167267
2015-12-15T00:00:00Z,0.0,24.0,66.0,25.928175,0.44438934
2015-12-15T00:00:00Z,0.0,24.0,68.0,25.840828,0.3276806
2015-12-15T00:00:00Z,0.0,24.0,70.0,NaN,NaN
2015-12-15T00:00:00Z,0.0,24.0,72.0,NaN,NaN
2015-12-15T00:00:00Z,0.0,24.0,74.0,NaN,NaN
2015-12-15T00:00:00Z,0.0,24.0,76.0,NaN,NaN
2015-12-15T00:00:00Z,0.0,26.0,56.0,25.763731,0.688982
2015-12-15T00:00:00Z,0.0,26.0,58.0,25.831255,0.7323227
2015-12-15T00:00:00Z,0.0,26.0,60.0,25.84385,0.73093987
2015-12-15T00:00:00Z,0.0,26.0,62.0,NaN,NaN
2015-12-15T00:00:00Z,0.0,26.0,64.0,25.862513,0.5350838
2015-12-15T00:00:00Z,0.0,26.0,66.0,25.728802,0.43278122
2015-12-15T00:00:00Z,0.0,26.0,68.0,NaN,NaN
2015-12-15T00:00:00Z,0.0,26.0,70.0,NaN,NaN
2015-12-15T00:00:00Z,0.0,26.0,72.0,NaN,NaN
2015-12-15T00:00:00Z,0.0,26.0,74.0,NaN,NaN
2015-12-15T00:00:00Z,0.0,26.0,76.0,NaN,NaN
2016-01-15T00:00:00Z,0.0,8.0,56.0,27.849567,1.0264015
2016-01-15T00:00:00Z,0.0,8.0,58.0,28.080162,1.0328732
2016-01-15T00:00:00Z,0.0,8.0,60.0,28.299059,1.0373955
2016-01-15T00:00:00Z,0.0,8.0,62.0,28.505758,1.0308418
2016-01-15T00:00:00Z,0.0,8.0,64.0,28.701237,1.0104256
2016-01-15T00:00:00Z,0.0,8.0,66.0,28.884916,0.99333
2016-01-15T00:00:00Z,0.0,8.0,68.0,29.034973,0.98566055
2016-01-15T00:00:00Z,0.0,8.0,70.0,29.109966,0.96692467
2016-01-15T00:00:00Z,0.0,8.0,72.0,29.117315,0.9574604
2016-01-15T00:00:00Z,0.0,8.0,74.0,29.045626,0.9417095
2016-01-15T00:00:00Z,0.0,8.0,76.0,28.907095,0.949276
2016-01-15T00:00:00Z,0.0,10.0,56.0,27.411385,1.011013
2016-01-15T00:00:00Z,0.0,10.0,58.0,27.591818,1.0236759
2016-01-15T00:00:00Z,0.0,10.0,60.0,27.777477,1.0361061
2016-01-15T00:00:00Z,0.0,10.0,62.0,27.973099,1.0321198
2016-01-15T00:00:00Z,0.0,10.0,64.0,28.205761,1.0137405
2016-01-15T00:00:00Z,0.0,10.0,66.0,28.476728,1.0013962
2016-01-15T00:00:00Z,0.0,10.0,68.0,28.737095,0.9966583
2016-01-15T00:00:00Z,0.0,10.0,70.0,28.93995,0.9851589
2016-01-15T00:00:00Z,0.0,10.0,72.0,29.06774,0.9753437
2016-01-15T00:00:00Z,0.0,10.0,74.0,29.084803,0.95155334
2016-01-15T00:00:00Z,0.0,10.0,76.0,29.022734,0.9452076
2016-01-15T00:00:00Z,0.0,12.0,56.0,26.935476,1.0217476
2016-01-15T00:00:00Z,0.0,12.0,58.0,27.064186,1.0355625
2016-01-15T00:00:00Z,0.0,12.0,60.0,27.207737,1.0475922
2016-01-15T00:00:00Z,0.0,12.0,62.0,27.3742,1.0393696
2016-01-15T00:00:00Z,0.0,12.0,64.0,27.615072,1.0100536
2016-01-15T00:00:00Z,0.0,12.0,66.0,27.946268,0.9832916
2016-01-15T00:00:00Z,0.0,12.0,68.0,28.3185,0.9778576
2016-01-15T00:00:00Z,0.0,12.0,70.0,28.654829,0.9737034
2016-01-15T00:00:00Z,0.0,12.0,72.0,28.910593,0.9738827
2016-01-15T00:00:00Z,0.0,12.0,74.0,29.02867,0.94916725
2016-01-15T00:00:00Z,0.0,12.0,76.0,29.067507,0.9334793
2016-01-15T00:00:00Z,0.0,14.0,56.0,26.484182,1.0285797
2016-01-15T00:00:00Z,0.0,14.0,58.0,26.58469,1.0397949
2016-01-15T00:00:00Z,0.0,14.0,60.0,26.71789,1.0541611
2016-01-15T00:00:00Z,0.0,14.0,62.0,26.85286,1.0385895
2016-01-15T00:00:00Z,0.0,14.0,64.0,27.06272,0.9960327
2016-01-15T00:00:00Z,0.0,14.0,66.0,27.416874,0.9605217
2016-01-15T00:00:00Z,0.0,14.0,68.0,27.88186,0.95794487
2016-01-15T00:00:00Z,0.0,14.0,70.0,28.332876,0.965044
2016-01-15T00:00:00Z,0.0,14.0,72.0,28.685593,0.97834206
2016-01-15T00:00:00Z,0.0,14.0,74.0,28.867256,0.96292114
2016-01-15T00:00:00Z,0.0,14.0,76.0,NaN,NaN
2016-01-15T00:00:00Z,0.0,16.0,56.0,26.090452,1.0012169
2016-01-15T00:00:00Z,0.0,16.0,58.0,26.153488,1.0069466
2016-01-15T00:00:00Z,0.0,16.0,60.0,26.292929,1.0226803
2016-01-15T00:00:00Z,0.0,16.0,62.0,26.42076,1.013031
2016-01-15T00:00:00Z,0.0,16.0,64.0,26.59683,0.97764397
2016-01-15T00:00:00Z,0.0,16.0,66.0,26.951677,0.9490528
2016-01-15T00:00:00Z,0.0,16.0,68.0,27.468683,0.9511013
2016-01-15T00:00:00Z,0.0,16.0,70.0,27.937704,0.95508003
2016-01-15T00:00:00Z,0.0,16.0,72.0,28.303217,0.97398186
2016-01-15T00:00:00Z,0.0,16.0,74.0,28.579882,0.97898483
2016-01-15T00:00:00Z,0.0,16.0,76.0,NaN,NaN
2016-01-15T00:00:00Z,0.0,18.0,56.0,25.797697,0.9486046
2016-01-15T00:00:00Z,0.0,18.0,58.0,25.77876,0.9506779
2016-01-15T00:00:00Z,0.0,18.0,60.0,25.886898,0.9648361
2016-01-15T00:00:00Z,0.0,18.0,62.0,26.011162,0.9683075
2016-01-15T00:00:00Z,0.0,18.0,64.0,26.16777,0.9474373
2016-01-15T00:00:00Z,0.0,18.0,66.0,26.499315,0.93206596
2016-01-15T00:00:00Z,0.0,18.0,68.0,26.958073,0.92601013
2016-01-15T00:00:00Z,0.0,18.0,70.0,27.27451,0.9053421
2016-01-15T00:00:00Z,0.0,18.0,72.0,27.447054,0.9175072
2016-01-15T00:00:00Z,0.0,18.0,74.0,NaN,NaN
2016-01-15T00:00:00Z,0.0,18.0,76.0,NaN,NaN
2016-01-15T00:00:00Z,0.0,20.0,56.0,NaN,NaN
2016-01-15T00:00:00Z,0.0,20.0,58.0,25.497385,0.8951912
2016-01-15T00:00:00Z,0.0,20.0,60.0,25.49474,0.9034271
2016-01-15T00:00:00Z,0.0,20.0,62.0,25.588037,0.9093723
2016-01-15T00:00:00Z,0.0,20.0,64.0,25.729311,0.8932495
2016-01-15T00:00:00Z,0.0,20.0,66.0,25.952404,0.8678856
2016-01-15T00:00:00Z,0.0,20.0,68.0,26.183937,0.836668
2016-01-15T00:00:00Z,0.0,20.0,70.0,26.330996,0.8276634
2016-01-15T00:00:00Z,0.0,20.0,72.0,26.501102,0.8240757
2016-01-15T00:00:00Z,0.0,20.0,74.0,NaN,NaN
2016-01-15T00:00:00Z,0.0,20.0,76.0,NaN,NaN
2016-01-15T00:00:00Z,0.0,22.0,56.0,NaN,NaN
2016-01-15T00:00:00Z,0.0,22.0,58.0,NaN,NaN
2016-01-15T00:00:00Z,0.0,22.0,60.0,25.046959,0.8279991
2016-01-15T00:00:00Z,0.0,22.0,62.0,25.14062,0.83153725
2016-01-15T00:00:00Z,0.0,22.0,64.0,25.243141,0.80776596
2016-01-15T00:00:00Z,0.0,22.0,66.0,25.304213,0.7660675
2016-01-15T00:00:00Z,0.0,22.0,68.0,25.340015,0.7427387
2016-01-15T00:00:00Z,0.0,22.0,70.0,25.50258,0.7340183
2016-01-15T00:00:00Z,0.0,22.0,72.0,NaN,NaN
2016-01-15T00:00:00Z,0.0,22.0,74.0,NaN,NaN
2016-01-15T00:00:00Z,0.0,22.0,76.0,NaN,NaN
2016-01-15T00:00:00Z,0.0,24.0,56.0,NaN,NaN
2016-01-15T00:00:00Z,0.0,24.0,58.0,NaN,NaN
2016-01-15T00:00:00Z,0.0,24.0,60.0,24.61485,0.7565899
2016-01-15T00:00:00Z,0.0,24.0,62.0,24.758265,0.76483154
2016-01-15T00:00:00Z,0.0,24.0,64.0,24.82994,0.7531128
2016-01-15T00:00:00Z,0.0,24.0,66.0,24.77454,0.70409775
2016-01-15T00:00:00Z,0.0,24.0,68.0,24.790392,0.66454315
2016-01-15T00:00:00Z,0.0,24.0,70.0,NaN,NaN
2016-01-15T00:00:00Z,0.0,24.0,72.0,NaN,NaN
2016-01-15T00:00:00Z,0.0,24.0,74.0,NaN,NaN
2016-01-15T00:00:00Z,0.0,24.0,76.0,NaN,NaN
2016-01-15T00:00:00Z,0.0,26.0,56.0,23.733599,0.55651665
2016-01-15T00:00:00Z,0.0,26.0,58.0,24.160597,0.63144493
2016-01-15T00:00:00Z,0.0,26.0,60.0,24.380976,0.71510315
2016-01-15T00:00:00Z,0.0,26.0,62.0,NaN,NaN
2016-01-15T00:00:00Z,0.0,26.0,64.0,24.59134,0.7131252
2016-01-15T00:00:00Z,0.0,26.0,66.0,24.509716,0.6585407
2016-01-15T00:00:00Z,0.0,26.0,68.0,NaN,NaN
2016-01-15T00:00:00Z,0.0,26.0,70.0,NaN,NaN
2016-01-15T00:00:00Z,0.0,26.0,72.0,NaN,NaN
2016-01-15T00:00:00Z,0.0,26.0,74.0,NaN,NaN
2016-01-15T00:00:00Z,0.0,26.0,76.0,NaN,NaN
2016-02-15T00:00:00Z,0.0,8.0,56.0,27.549524,0.5196266
2016-02-15T00:00:00Z,0.0,8.0,58.0,27.76005,0.5599251
2016-02-15T00:00:00Z,0.0,8.0,60.0,27.975807,0.5915184
2016-02-15T00:00:00Z,0.0,8.0,62.0,28.204306,0.60949516
2016-02-15T00:00:00Z,0.0,8.0,64.0,28.42866,0.61203575
2016-02-15T00:00:00Z,0.0,8.0,66.0,28.633041,0.6113987
2016-02-15T00:00:00Z,0.0,8.0,68.0,28.806961,0.61323166
2016-02-15T00:00:00Z,0.0,8.0,70.0,28.924181,0.60614014
2016-02-15T00:00:00Z,0.0,8.0,72.0,29.007278,0.6265297
2016-02-15T00:00:00Z,0.0,8.0,74.0,29.038486,0.654089
2016-02-15T00:00:00Z,0.0,8.0,76.0,29.000948,0.7096329
2016-02-15T00:00:00Z,0.0,10.0,56.0,26.993553,0.44924164
2016-02-15T00:00:00Z,0.0,10.0,58.0,27.148712,0.48106575
2016-02-15T00:00:00Z,0.0,10.0,60.0,27.342516,0.52635
2016-02-15T00:00:00Z,0.0,10.0,62.0,27.582417,0.55718803
2016-02-15T00:00:00Z,0.0,10.0,64.0,27.871996,0.5702896
2016-02-15T00:00:00Z,0.0,10.0,66.0,28.182077,0.58322334
2016-02-15T00:00:00Z,0.0,10.0,68.0,28.461962,0.5918579
2016-02-15T00:00:00Z,0.0,10.0,70.0,28.68317,0.58579636
2016-02-15T00:00:00Z,0.0,10.0,72.0,28.86102,0.5960827
2016-02-15T00:00:00Z,0.0,10.0,74.0,28.97138,0.6093159
2016-02-15T00:00:00Z,0.0,10.0,76.0,29.014257,0.64852524
2016-02-15T00:00:00Z,0.0,12.0,56.0,26.464622,0.42887497
2016-02-15T00:00:00Z,0.0,12.0,58.0,26.573517,0.45582962
2016-02-15T00:00:00Z,0.0,12.0,60.0,26.73374,0.5084686
2016-02-15T00:00:00Z,0.0,12.0,62.0,26.954542,0.5448971
2016-02-15T00:00:00Z,0.0,12.0,64.0,27.276989,0.56367683
2016-02-15T00:00:00Z,0.0,12.0,66.0,27.66279,0.57445717
2016-02-15T00:00:00Z,0.0,12.0,68.0,28.042238,0.5863857
2016-02-15T00:00:00Z,0.0,12.0,70.0,28.36411,0.58252907
2016-02-15T00:00:00Z,0.0,12.0,72.0,28.62743,0.5802231
2016-02-15T00:00:00Z,0.0,12.0,74.0,28.816805,0.57779884
2016-02-15T00:00:00Z,0.0,12.0,76.0,28.949457,0.59503174
2016-02-15T00:00:00Z,0.0,14.0,56.0,26.021336,0.44633484
2016-02-15T00:00:00Z,0.0,14.0,58.0,26.106615,0.47332382
2016-02-15T00:00:00Z,0.0,14.0,60.0,26.248648,0.5287514
2016-02-15T00:00:00Z,0.0,14.0,62.0,26.431942,0.565609
2016-02-15T00:00:00Z,0.0,14.0,64.0,26.729025,0.5819416
2016-02-15T00:00:00Z,0.0,14.0,66.0,27.152876,0.5965843
2016-02-15T00:00:00Z,0.0,14.0,68.0,27.623589,0.61685944
2016-02-15T00:00:00Z,0.0,14.0,70.0,28.035316,0.6174431
2016-02-15T00:00:00Z,0.0,14.0,72.0,28.365887,0.61284447
2016-02-15T00:00:00Z,0.0,14.0,74.0,28.576038,0.5929909
2016-02-15T00:00:00Z,0.0,14.0,76.0,NaN,NaN
2016-02-15T00:00:00Z,0.0,16.0,56.0,25.67199,0.4808693
2016-02-15T00:00:00Z,0.0,16.0,58.0,25.72666,0.51361847
2016-02-15T00:00:00Z,0.0,16.0,60.0,25.8681,0.5650978
2016-02-15T00:00:00Z,0.0,16.0,62.0,26.02871,0.60254097
2016-02-15T00:00:00Z,0.0,16.0,64.0,26.270796,0.6173172
2016-02-15T00:00:00Z,0.0,16.0,66.0,26.69474,0.641552
2016-02-15T00:00:00Z,0.0,16.0,68.0,27.220999,0.67147636
2016-02-15T00:00:00Z,0.0,16.0,70.0,27.64169,0.6695862
2016-02-15T00:00:00Z,0.0,16.0,72.0,27.962482,0.65836525
2016-02-15T00:00:00Z,0.0,16.0,74.0,28.241756,0.6373768
2016-02-15T00:00:00Z,0.0,16.0,76.0,NaN,NaN
2016-02-15T00:00:00Z,0.0,18.0,56.0,25.425499,0.524971
2016-02-15T00:00:00Z,0.0,18.0,58.0,25.402819,0.564373
2016-02-15T00:00:00Z,0.0,18.0,60.0,25.519068,0.6122532
2016-02-15T00:00:00Z,0.0,18.0,62.0,25.661657,0.64759445
2016-02-15T00:00:00Z,0.0,18.0,64.0,25.856518,0.66007996
2016-02-15T00:00:00Z,0.0,18.0,66.0,26.227032,0.6734905
2016-02-15T00:00:00Z,0.0,18.0,68.0,26.688425,0.68704987
2016-02-15T00:00:00Z,0.0,18.0,70.0,26.944357,0.6537113
2016-02-15T00:00:00Z,0.0,18.0,72.0,27.052704,0.6361275
2016-02-15T00:00:00Z,0.0,18.0,74.0,NaN,NaN
2016-02-15T00:00:00Z,0.0,18.0,76.0,NaN,NaN
2016-02-15T00:00:00Z,0.0,20.0,56.0,NaN,NaN
2016-02-15T00:00:00Z,0.0,20.0,58.0,25.171837,0.6239395
2016-02-15T00:00:00Z,0.0,20.0,60.0,25.160307,0.66036797
2016-02-15T00:00:00Z,0.0,20.0,62.0,25.247324,0.6838646
2016-02-15T00:00:00Z,0.0,20.0,64.0,25.392612,0.67682076
2016-02-15T00:00:00Z,0.0,20.0,66.0,25.625471,0.6479492
2016-02-15T00:00:00Z,0.0,20.0,68.0,25.843359,0.6005268
2016-02-15T00:00:00Z,0.0,20.0,70.0,25.930481,0.56111145
2016-02-15T00:00:00Z,0.0,20.0,72.0,26.047274,0.53497696
2016-02-15T00:00:00Z,0.0,20.0,74.0,NaN,NaN
2016-02-15T00:00:00Z,0.0,20.0,76.0,NaN,NaN
2016-02-15T00:00:00Z,0.0,22.0,56.0,NaN,NaN
2016-02-15T00:00:00Z,0.0,22.0,58.0,NaN,NaN
2016-02-15T00:00:00Z,0.0,22.0,60.0,24.701017,0.69153786
2016-02-15T00:00:00Z,0.0,22.0,62.0,24.764519,0.6992264
2016-02-15T00:00:00Z,0.0,22.0,64.0,24.845726,0.66693497
2016-02-15T00:00:00Z,0.0,22.0,66.0,24.894056,0.5841408
2016-02-15T00:00:00Z,0.0,22.0,68.0,24.90852,0.49863815
2016-02-15T00:00:00Z,0.0,22.0,70.0,25.039654,0.4412651
2016-02-15T00:00:00Z,0.0,22.0,72.0,NaN,NaN
2016-02-15T00:00:00Z,0.0,22.0,74.0,NaN,NaN
2016-02-15T00:00:00Z,0.0,22.0,76.0,NaN,NaN
2016-02-15T00:00:00Z,0.0,24.0,56.0,NaN,NaN
2016-02-15T00:00:00Z,0.0,24.0,58.0,NaN,NaN
2016-02-15T00:00:00Z,0.0,24.0,60.0,24.229097,0.70653534
2016-02-15T00:00:00Z,0.0,24.0,62.0,24.334198,0.7040386
2016-02-15T00:00:00Z,0.0,24.0,64.0,24.366926,0.67635536
2016-02-15T00:00:00Z,0.0,24.0,66.0,24.291273,0.5675945
2016-02-15T00:00:00Z,0.0,24.0,68.0,24.293116,0.44145203
2016-02-15T00:00:00Z,0.0,24.0,70.0,NaN,NaN
2016-02-15T00:00:00Z,0.0,24.0,72.0,NaN,NaN
2016-02-15T00:00:00Z,0.0,24.0,74.0,NaN,NaN
2016-02-15T00:00:00Z,0.0,24.0,76.0,NaN,NaN
2016-02-15T00:00:00Z,0.0,26.0,56.0,23.078978,0.6344776
2016-02-15T00:00:00Z,0.0,26.0,58.0,23.681667,0.6571121
2016-02-15T00:00:00Z,0.0,26.0,60.0,23.96071,0.698267
2016-02-15T00:00:00Z,0.0,26.0,62.0,NaN,NaN
2016-02-15T00:00:00Z,0.0,26.0,64.0,24.09699,0.67328453
2016-02-15T00:00:00Z,0.0,26.0,66.0,23.99338,0.56941605
2016-02-15T00:00:00Z,0.0,26.0,68.0,NaN,NaN
2016-02-15T00:00:00Z,0.0,26.0,70.0,NaN,NaN
2016-02-15T00:00:00Z,0.0,26.0,72.0,NaN,NaN
2016-02-15T00:00:00Z,0.0,26.0,74.0,NaN,NaN
2016-02-15T00:00:00Z,0.0,26.0,76.0,NaN,NaN
2016-03-15T00:00:00Z,0.0,8.0,56.0,28.945564,0.9493141
2016-03-15T00:00:00Z,0.0,8.0,58.0,29.145845,1.0422001
2016-03-15T00:00:00Z,0.0,8.0,60.0,29.337807,1.0951195
2016-03-15T00:00:00Z,0.0,8.0,62.0,29.509846,1.0972424
2016-03-15T00:00:00Z,0.0,8.0,64.0,29.646378,1.0572968
2016-03-15T00:00:00Z,0.0,8.0,66.0,29.758406,1.000948
2016-03-15T00:00:00Z,0.0,8.0,68.0,29.860739,0.94732285
2016-03-15T00:00:00Z,0.0,8.0,70.0,29.943348,0.90501595
2016-03-15T00:00:00Z,0.0,8.0,72.0,30.035072,0.91399
2016-03-15T00:00:00Z,0.0,8.0,74.0,30.111996,0.9429741
2016-03-15T00:00:00Z,0.0,8.0,76.0,30.120811,0.98443604
2016-03-15T00:00:00Z,0.0,10.0,56.0,28.49512,0.9146385
2016-03-15T00:00:00Z,0.0,10.0,58.0,28.656963,1.0098171
2016-03-15T00:00:00Z,0.0,10.0,60.0,28.831902,1.074049
2016-03-15T00:00:00Z,0.0,10.0,62.0,29.018936,1.083252
2016-03-15T00:00:00Z,0.0,10.0,64.0,29.218018,1.0518532
2016-03-15T00:00:00Z,0.0,10.0,66.0,29.411348,1.0077038
2016-03-15T00:00:00Z,0.0,10.0,68.0,29.588308,0.967247
2016-03-15T00:00:00Z,0.0,10.0,70.0,29.751638,0.9367447
2016-03-15T00:00:00Z,0.0,10.0,72.0,29.937605,0.95614815
2016-03-15T00:00:00Z,0.0,10.0,74.0,30.09667,0.9777775
2016-03-15T00:00:00Z,0.0,10.0,76.0,30.179407,0.99790764
2016-03-15T00:00:00Z,0.0,12.0,56.0,28.07722,0.90563583
2016-03-15T00:00:00Z,0.0,12.0,58.0,28.191967,0.9788017
2016-03-15T00:00:00Z,0.0,12.0,60.0,28.327143,1.0406246
2016-03-15T00:00:00Z,0.0,12.0,62.0,28.506847,1.0654526
2016-03-15T00:00:00Z,0.0,12.0,64.0,28.76077,1.0670013
2016-03-15T00:00:00Z,0.0,12.0,66.0,29.034803,1.0550556
2016-03-15T00:00:00Z,0.0,12.0,68.0,29.28445,1.0428696
2016-03-15T00:00:00Z,0.0,12.0,70.0,29.514061,1.0287285
2016-03-15T00:00:00Z,0.0,12.0,72.0,29.75501,1.0306358
2016-03-15T00:00:00Z,0.0,12.0,74.0,29.97573,1.0268307
2016-03-15T00:00:00Z,0.0,12.0,76.0,30.135592,1.0201378
2016-03-15T00:00:00Z,0.0,14.0,56.0,27.720568,0.9498997
2016-03-15T00:00:00Z,0.0,14.0,58.0,27.790106,0.98283577
2016-03-15T00:00:00Z,0.0,14.0,60.0,27.891102,1.0236206
2016-03-15T00:00:00Z,0.0,14.0,62.0,28.054165,1.0657253
2016-03-15T00:00:00Z,0.0,14.0,64.0,28.334484,1.1155472
2016-03-15T00:00:00Z,0.0,14.0,66.0,28.683685,1.1619759
2016-03-15T00:00:00Z,0.0,14.0,68.0,29.015764,1.191473
2016-03-15T00:00:00Z,0.0,14.0,70.0,29.290688,1.1828747
2016-03-15T00:00:00Z,0.0,14.0,72.0,29.544895,1.1562881
2016-03-15T00:00:00Z,0.0,14.0,74.0,29.740576,1.1100464
2016-03-15T00:00:00Z,0.0,14.0,76.0,NaN,NaN
2016-03-15T00:00:00Z,0.0,16.0,56.0,27.407478,1.0366573
2016-03-15T00:00:00Z,0.0,16.0,58.0,27.424734,1.0444202
2016-03-15T00:00:00Z,0.0,16.0,60.0,27.520458,1.0584145
2016-03-15T00:00:00Z,0.0,16.0,62.0,27.693348,1.1156597
2016-03-15T00:00:00Z,0.0,16.0,64.0,27.978539,1.210352
2016-03-15T00:00:00Z,0.0,16.0,66.0,28.374723,1.3171196
2016-03-15T00:00:00Z,0.0,16.0,68.0,28.765577,1.3844528
2016-03-15T00:00:00Z,0.0,16.0,70.0,29.016079,1.3662262
2016-03-15T00:00:00Z,0.0,16.0,72.0,29.212639,1.3011589
2016-03-15T00:00:00Z,0.0,16.0,74.0,29.430365,1.2227516
2016-03-15T00:00:00Z,0.0,16.0,76.0,NaN,NaN
2016-03-15T00:00:00Z,0.0,18.0,56.0,27.152739,1.1343212
2016-03-15T00:00:00Z,0.0,18.0,58.0,27.076618,1.1425838
2016-03-15T00:00:00Z,0.0,18.0,60.0,27.169897,1.1545639
2016-03-15T00:00:00Z,0.0,18.0,62.0,27.368877,1.2231274
2016-03-15T00:00:00Z,0.0,18.0,64.0,27.657732,1.3427334
2016-03-15T00:00:00Z,0.0,18.0,66.0,28.039988,1.4663849
2016-03-15T00:00:00Z,0.0,18.0,68.0,28.391798,1.5382175
2016-03-15T00:00:00Z,0.0,18.0,70.0,28.501492,1.5027847
2016-03-15T00:00:00Z,0.0,18.0,72.0,28.504236,1.4402561
2016-03-15T00:00:00Z,0.0,18.0,74.0,NaN,NaN
2016-03-15T00:00:00Z,0.0,18.0,76.0,NaN,NaN
2016-03-15T00:00:00Z,0.0,20.0,56.0,NaN,NaN
2016-03-15T00:00:00Z,0.0,20.0,58.0,26.833271,1.2537441
2016-03-15T00:00:00Z,0.0,20.0,60.0,26.825487,1.2855835
2016-03-15T00:00:00Z,0.0,20.0,62.0,27.000734,1.3612957
2016-03-15T00:00:00Z,0.0,20.0,64.0,27.267815,1.4681091
2016-03-15T00:00:00Z,0.0,20.0,66.0,27.558725,1.5548725
2016-03-15T00:00:00Z,0.0,20.0,68.0,27.750256,1.5836735
2016-03-15T00:00:00Z,0.0,20.0,70.0,27.763893,1.5645409
2016-03-15T00:00:00Z,0.0,20.0,72.0,27.78673,1.5170078
2016-03-15T00:00:00Z,0.0,20.0,74.0,NaN,NaN
2016-03-15T00:00:00Z,0.0,20.0,76.0,NaN,NaN
2016-03-15T00:00:00Z,0.0,22.0,56.0,NaN,NaN
2016-03-15T00:00:00Z,0.0,22.0,58.0,NaN,NaN
2016-03-15T00:00:00Z,0.0,22.0,60.0,26.408813,1.4187222
2016-03-15T00:00:00Z,0.0,22.0,62.0,26.549734,1.4827137
2016-03-15T00:00:00Z,0.0,22.0,64.0,26.74543,1.5502014
2016-03-15T00:00:00Z,0.0,22.0,66.0,26.904024,1.5767574
2016-03-15T00:00:00Z,0.0,22.0,68.0,26.99647,1.5745258
2016-03-15T00:00:00Z,0.0,22.0,70.0,27.11394,1.5490131
2016-03-15T00:00:00Z,0.0,22.0,72.0,NaN,NaN
2016-03-15T00:00:00Z,0.0,22.0,74.0,NaN,NaN
2016-03-15T00:00:00Z,0.0,22.0,76.0,NaN,NaN
2016-03-15T00:00:00Z,0.0,24.0,56.0,NaN,NaN
2016-03-15T00:00:00Z,0.0,24.0,58.0,NaN,NaN
2016-03-15T00:00:00Z,0.0,24.0,60.0,25.953453,1.5097904
2016-03-15T00:00:00Z,0.0,24.0,62.0,26.117199,1.5508442
2016-03-15T00:00:00Z,0.0,24.0,64.0,26.25466,1.61907
2016-03-15T00:00:00Z,0.0,24.0,66.0,26.302355,1.5964622
2016-03-15T00:00:00Z,0.0,24.0,68.0,26.423958,1.5429211
2016-03-15T00:00:00Z,0.0,24.0,70.0,NaN,NaN
2016-03-15T00:00:00Z,0.0,24.0,72.0,NaN,NaN
2016-03-15T00:00:00Z,0.0,24.0,74.0,NaN,NaN
2016-03-15T00:00:00Z,0.0,24.0,76.0,NaN,NaN
2016-03-15T00:00:00Z,0.0,26.0,56.0,24.54495,1.5112019
2016-03-15T00:00:00Z,0.0,26.0,58.0,25.254055,1.4741783
2016-03-15T00:00:00Z,0.0,26.0,60.0,25.643732,1.5111561
2016-03-15T00:00:00Z,0.0,26.0,62.0,NaN,NaN
2016-03-15T00:00:00Z,0.0,26.0,64.0,25.975351,1.6439819
2016-03-15T00:00:00Z,0.0,26.0,66.0,25.95411,1.5928879
2016-03-15T00:00:00Z,0.0,26.0,68.0,NaN,NaN
2016-03-15T00:00:00Z,0.0,26.0,70.0,NaN,NaN
2016-03-15T00:00:00Z,0.0,26.0,72.0,NaN,NaN
2016-03-15T00:00:00Z,0.0,26.0,74.0,NaN,NaN
2016-03-15T00:00:00Z,0.0,26.0,76.0,NaN,NaN
2016-04-15T00:00:00Z,0.0,8.0,56.0,30.259104,0.8896694
2016-04-15T00:00:00Z,0.0,8.0,58.0,30.351051,0.9207401
2016-04-15T00:00:00Z,0.0,8.0,60.0,30.437351,0.9454346
2016-04-15T00:00:00Z,0.0,8.0,62.0,30.51836,0.9519844
2016-04-15T00:00:00Z,0.0,8.0,64.0,30.59903,0.9465103
2016-04-15T00:00:00Z,0.0,8.0,66.0,30.690495,0.9414139
2016-04-15T00:00:00Z,0.0,8.0,68.0,30.785791,0.940897
2016-04-15T00:00:00Z,0.0,8.0,70.0,30.850801,0.93211555
2016-04-15T00:00:00Z,0.0,8.0,72.0,30.910202,0.94945145
2016-04-15T00:00:00Z,0.0,8.0,74.0,30.941723,0.9716606
2016-04-15T00:00:00Z,0.0,8.0,76.0,30.922441,1.0155602
2016-04-15T00:00:00Z,0.0,10.0,56.0,30.052189,0.91646004
2016-04-15T00:00:00Z,0.0,10.0,58.0,30.113789,0.9398098
2016-04-15T00:00:00Z,0.0,10.0,60.0,30.173557,0.9527645
2016-04-15T00:00:00Z,0.0,10.0,62.0,30.251408,0.9519272
2016-04-15T00:00:00Z,0.0,10.0,64.0,30.357132,0.94919586
2016-04-15T00:00:00Z,0.0,10.0,66.0,30.483574,0.9533653
2016-04-15T00:00:00Z,0.0,10.0,68.0,30.604496,0.95189095
2016-04-15T00:00:00Z,0.0,10.0,70.0,30.701996,0.9312668
2016-04-15T00:00:00Z,0.0,10.0,72.0,30.806444,0.9302788
2016-04-15T00:00:00Z,0.0,10.0,74.0,30.897131,0.9354229
2016-04-15T00:00:00Z,0.0,10.0,76.0,30.955122,0.9645958
2016-04-15T00:00:00Z,0.0,12.0,56.0,29.866392,0.95809937
2016-04-15T00:00:00Z,0.0,12.0,58.0,29.894062,0.96839523
2016-04-15T00:00:00Z,0.0,12.0,60.0,29.916845,0.97013664
2016-04-15T00:00:00Z,0.0,12.0,62.0,29.97926,0.97021866
2016-04-15T00:00:00Z,0.0,12.0,64.0,30.096157,0.97644997
2016-04-15T00:00:00Z,0.0,12.0,66.0,30.230078,0.9826622
2016-04-15T00:00:00Z,0.0,12.0,68.0,30.351269,0.98083115
2016-04-15T00:00:00Z,0.0,12.0,70.0,30.462748,0.9554138
2016-04-15T00:00:00Z,0.0,12.0,72.0,30.601515,0.9348278
2016-04-15T00:00:00Z,0.0,12.0,74.0,30.756687,0.92352104
2016-04-15T00:00:00Z,0.0,12.0,76.0,30.898743,0.9363537
2016-04-15T00:00:00Z,0.0,14.0,56.0,29.616367,0.98840904
2016-04-15T00:00:00Z,0.0,14.0,58.0,29.61605,0.97917557
2016-04-15T00:00:00Z,0.0,14.0,60.0,29.635952,0.98153687
2016-04-15T00:00:00Z,0.0,14.0,62.0,29.689793,0.98620987
2016-04-15T00:00:00Z,0.0,14.0,64.0,29.80464,1.0029316
2016-04-15T00:00:00Z,0.0,14.0,66.0,29.947779,1.0229473
2016-04-15T00:00:00Z,0.0,14.0,68.0,30.07827,1.0289574
2016-04-15T00:00:00Z,0.0,14.0,70.0,30.194273,1.0005646
2016-04-15T00:00:00Z,0.0,14.0,72.0,30.344774,0.96721077
2016-04-15T00:00:00Z,0.0,14.0,74.0,30.49836,0.93831635
2016-04-15T00:00:00Z,0.0,14.0,76.0,NaN,NaN
2016-04-15T00:00:00Z,0.0,16.0,56.0,29.230654,0.9934387
2016-04-15T00:00:00Z,0.0,16.0,58.0,29.19015,0.9709606
2016-04-15T00:00:00Z,0.0,16.0,60.0,29.247736,0.9725075
2016-04-15T00:00:00Z,0.0,16.0,62.0,29.3435,0.9933338
2016-04-15T00:00:00Z,0.0,16.0,64.0,29.467876,1.0282326
2016-04-15T00:00:00Z,0.0,16.0,66.0,29.629066,1.0748177
2016-04-15T00:00:00Z,0.0,16.0,68.0,29.779892,1.0979137
2016-04-15T00:00:00Z,0.0,16.0,70.0,29.871176,1.0663395
2016-04-15T00:00:00Z,0.0,16.0,72.0,29.998108,1.0231819
2016-04-15T00:00:00Z,0.0,16.0,74.0,30.188663,0.98418045
2016-04-15T00:00:00Z,0.0,16.0,76.0,NaN,NaN
2016-04-15T00:00:00Z,0.0,18.0,56.0,28.811337,0.9831219
2016-04-15T00:00:00Z,0.0,18.0,58.0,28.67403,0.95920944
2016-04-15T00:00:00Z,0.0,18.0,60.0,28.758915,0.9611244
2016-04-15T00:00:00Z,0.0,18.0,62.0,28.924202,0.9996624
2016-04-15T00:00:00Z,0.0,18.0,64.0,29.090927,1.0627613
2016-04-15T00:00:00Z,0.0,18.0,66.0,29.259775,1.1261501
2016-04-15T00:00:00Z,0.0,18.0,68.0,29.38936,1.1588383
2016-04-15T00:00:00Z,0.0,18.0,70.0,29.388302,1.1248417
2016-04-15T00:00:00Z,0.0,18.0,72.0,29.38797,1.0953598
2016-04-15T00:00:00Z,0.0,18.0,74.0,NaN,NaN
2016-04-15T00:00:00Z,0.0,18.0,76.0,NaN,NaN
2016-04-15T00:00:00Z,0.0,20.0,56.0,NaN,NaN
2016-04-15T00:00:00Z,0.0,20.0,58.0,28.312546,0.96721077
2016-04-15T00:00:00Z,0.0,20.0,60.0,28.313477,0.9739418
2016-04-15T00:00:00Z,0.0,20.0,62.0,28.477526,1.0189018
2016-04-15T00:00:00Z,0.0,20.0,64.0,28.65939,1.0886192
2016-04-15T00:00:00Z,0.0,20.0,66.0,28.795774,1.1427937
2016-04-15T00:00:00Z,0.0,20.0,68.0,28.839436,1.1602459
2016-04-15T00:00:00Z,0.0,20.0,70.0,28.79998,1.1586113
2016-04-15T00:00:00Z,0.0,20.0,72.0,28.81639,1.1397858
2016-04-15T00:00:00Z,0.0,20.0,74.0,NaN,NaN
2016-04-15T00:00:00Z,0.0,20.0,76.0,NaN,NaN
2016-04-15T00:00:00Z,0.0,22.0,56.0,NaN,NaN
2016-04-15T00:00:00Z,0.0,22.0,58.0,NaN,NaN
2016-04-15T00:00:00Z,0.0,22.0,60.0,27.94203,1.0026627
2016-04-15T00:00:00Z,0.0,22.0,62.0,28.046692,1.0451279
2016-04-15T00:00:00Z,0.0,22.0,64.0,28.163149,1.0973568
2016-04-15T00:00:00Z,0.0,22.0,66.0,28.228119,1.1249123
2016-04-15T00:00:00Z,0.0,22.0,68.0,28.25201,1.1397114
2016-04-15T00:00:00Z,0.0,22.0,70.0,28.320597,1.1402893
2016-04-15T00:00:00Z,0.0,22.0,72.0,NaN,NaN
2016-04-15T00:00:00Z,0.0,22.0,74.0,NaN,NaN
2016-04-15T00:00:00Z,0.0,22.0,76.0,NaN,NaN
2016-04-15T00:00:00Z,0.0,24.0,56.0,NaN,NaN
2016-04-15T00:00:00Z,0.0,24.0,58.0,NaN,NaN
2016-04-15T00:00:00Z,0.0,24.0,60.0,27.600424,1.0162449
2016-04-15T00:00:00Z,0.0,24.0,62.0,27.685217,1.0640507
2016-04-15T00:00:00Z,0.0,24.0,64.0,27.725458,1.1372643
2016-04-15T00:00:00Z,0.0,24.0,66.0,27.717432,1.1330853
2016-04-15T00:00:00Z,0.0,24.0,68.0,27.802042,1.1074314
2016-04-15T00:00:00Z,0.0,24.0,70.0,NaN,NaN
2016-04-15T00:00:00Z,0.0,24.0,72.0,NaN,NaN
2016-04-15T00:00:00Z,0.0,24.0,74.0,NaN,NaN
2016-04-15T00:00:00Z,0.0,24.0,76.0,NaN,NaN
2016-04-15T00:00:00Z,0.0,26.0,56.0,26.1527,0.85411644
2016-04-15T00:00:00Z,0.0,26.0,58.0,26.940773,0.9020233
2016-04-15T00:00:00Z,0.0,26.0,60.0,27.367542,0.9965801
2016-04-15T00:00:00Z,0.0,26.0,62.0,NaN,NaN
2016-04-15T00:00:00Z,0.0,26.0,64.0,27.47771,1.1800938
2016-04-15T00:00:00Z,0.0,26.0,66.0,27.424688,1.1396999
2016-04-15T00:00:00Z,0.0,26.0,68.0,NaN,NaN
2016-04-15T00:00:00Z,0.0,26.0,70.0,NaN,NaN
2016-04-15T00:00:00Z,0.0,26.0,72.0,NaN,NaN
2016-04-15T00:00:00Z,0.0,26.0,74.0,NaN,NaN
2016-04-15T00:00:00Z,0.0,26.0,76.0,NaN,NaN
2016-05-15T00:00:00Z,0.0,8.0,56.0,30.416355,0.80298233
2016-05-15T00:00:00Z,0.0,8.0,58.0,30.675625,0.8804798
2016-05-15T00:00:00Z,0.0,8.0,60.0,30.824394,0.93270874
2016-05-15T00:00:00Z,0.0,8.0,62.0,30.875988,0.93951035
2016-05-15T00:00:00Z,0.0,8.0,64.0,30.867582,0.9079151
2016-05-15T00:00:00Z,0.0,8.0,66.0,30.847975,0.8707447
2016-05-15T00:00:00Z,0.0,8.0,68.0,30.838324,0.8472614
2016-05-15T00:00:00Z,0.0,8.0,70.0,30.825884,0.83128166
2016-05-15T00:00:00Z,0.0,8.0,72.0,30.805208,0.8343754
2016-05-15T00:00:00Z,0.0,8.0,74.0,30.708895,0.8250599
2016-05-15T00:00:00Z,0.0,8.0,76.0,30.52307,0.82268524
2016-05-15T00:00:00Z,0.0,10.0,56.0,30.484676,0.9340706
2016-05-15T00:00:00Z,0.0,10.0,58.0,30.71991,0.99715996
2016-05-15T00:00:00Z,0.0,10.0,60.0,30.827593,1.0219269
2016-05-15T00:00:00Z,0.0,10.0,62.0,30.8613,1.0081558
2016-05-15T00:00:00Z,0.0,10.0,64.0,30.868122,0.97787476
2016-05-15T00:00:00Z,0.0,10.0,66.0,30.866804,0.9460125
2016-05-15T00:00:00Z,0.0,10.0,68.0,30.870401,0.9200268
2016-05-15T00:00:00Z,0.0,10.0,70.0,30.87756,0.89395714
2016-05-15T00:00:00Z,0.0,10.0,72.0,30.882767,0.88466454
2016-05-15T00:00:00Z,0.0,10.0,74.0,30.811005,0.8516922
2016-05-15T00:00:00Z,0.0,10.0,76.0,30.688978,0.8263645
2016-05-15T00:00:00Z,0.0,12.0,56.0,30.624224,1.0199318
2016-05-15T00:00:00Z,0.0,12.0,58.0,30.751791,1.0657082
2016-05-15T00:00:00Z,0.0,12.0,60.0,30.796349,1.0760994
2016-05-15T00:00:00Z,0.0,12.0,62.0,30.819849,1.0603504
2016-05-15T00:00:00Z,0.0,12.0,64.0,30.849014,1.0409527
2016-05-15T00:00:00Z,0.0,12.0,66.0,30.864233,1.016922
2016-05-15T00:00:00Z,0.0,12.0,68.0,30.878359,0.9990883
2016-05-15T00:00:00Z,0.0,12.0,70.0,30.897713,0.97452545
2016-05-15T00:00:00Z,0.0,12.0,72.0,30.91589,0.94630814
2016-05-15T00:00:00Z,0.0,12.0,74.0,30.891281,0.90172005
2016-05-15T00:00:00Z,0.0,12.0,76.0,30.840384,0.86302567
2016-05-15T00:00:00Z,0.0,14.0,56.0,30.677773,1.0591888
2016-05-15T00:00:00Z,0.0,14.0,58.0,30.67307,1.0747585
2016-05-15T00:00:00Z,0.0,14.0,60.0,30.68091,1.0760784
2016-05-15T00:00:00Z,0.0,14.0,62.0,30.732506,1.0778809
2016-05-15T00:00:00Z,0.0,14.0,64.0,30.798798,1.0800285
2016-05-15T00:00:00Z,0.0,14.0,66.0,30.83729,1.0748749
2016-05-15T00:00:00Z,0.0,14.0,68.0,30.857805,1.0689297
2016-05-15T00:00:00Z,0.0,14.0,70.0,30.868626,1.0406036
2016-05-15T00:00:00Z,0.0,14.0,72.0,30.893162,1.004036
2016-05-15T00:00:00Z,0.0,14.0,74.0,30.90065,0.9567356
2016-05-15T00:00:00Z,0.0,14.0,76.0,NaN,NaN
2016-05-15T00:00:00Z,0.0,16.0,56.0,30.405903,1.0300751
2016-05-15T00:00:00Z,0.0,16.0,58.0,30.326006,1.0218391
2016-05-15T00:00:00Z,0.0,16.0,60.0,30.390142,1.0253296
2016-05-15T00:00:00Z,0.0,16.0,62.0,30.535671,1.0541515
2016-05-15T00:00:00Z,0.0,16.0,64.0,30.671722,1.0957222
2016-05-15T00:00:00Z,0.0,16.0,66.0,30.746819,1.122942
2016-05-15T00:00:00Z,0.0,16.0,68.0,30.774466,1.1301517
2016-05-15T00:00:00Z,0.0,16.0,70.0,30.754051,1.0894451
2016-05-15T00:00:00Z,0.0,16.0,72.0,30.768614,1.0424519
2016-05-15T00:00:00Z,0.0,16.0,74.0,30.827019,1.0022793
2016-05-15T00:00:00Z,0.0,16.0,76.0,NaN,NaN
2016-05-15T00:00:00Z,0.0,18.0,56.0,29.925867,0.95342255
2016-05-15T00:00:00Z,0.0,18.0,58.0,29.765486,0.9242916
2016-05-15T00:00:00Z,0.0,18.0,60.0,29.906494,0.927578
2016-05-15T00:00:00Z,0.0,18.0,62.0,30.178307,0.98472214
2016-05-15T00:00:00Z,0.0,18.0,64.0,30.40512,1.0652275
2016-05-15T00:00:00Z,0.0,18.0,66.0,30.5379,1.1336308
2016-05-15T00:00:00Z,0.0,18.0,68.0,30.560583,1.1501637
2016-05-15T00:00:00Z,0.0,18.0,70.0,30.471434,1.090765
2016-05-15T00:00:00Z,0.0,18.0,72.0,30.421047,1.0456982
2016-05-15T00:00:00Z,0.0,18.0,74.0,NaN,NaN
2016-05-15T00:00:00Z,0.0,18.0,76.0,NaN,NaN
2016-05-15T00:00:00Z,0.0,20.0,56.0,NaN,NaN
2016-05-15T00:00:00Z,0.0,20.0,58.0,29.392197,0.83345795
2016-05-15T00:00:00Z,0.0,20.0,60.0,29.492424,0.8189583
2016-05-15T00:00:00Z,0.0,20.0,62.0,29.764717,0.86832047
2016-05-15T00:00:00Z,0.0,20.0,64.0,30.015226,0.9633312
2016-05-15T00:00:00Z,0.0,20.0,66.0,30.163393,1.0478077
2016-05-15T00:00:00Z,0.0,20.0,68.0,30.151854,1.0648308
2016-05-15T00:00:00Z,0.0,20.0,70.0,30.059835,1.0386238
2016-05-15T00:00:00Z,0.0,20.0,72.0,30.028973,0.998415
2016-05-15T00:00:00Z,0.0,20.0,74.0,NaN,NaN
2016-05-15T00:00:00Z,0.0,20.0,76.0,NaN,NaN
2016-05-15T00:00:00Z,0.0,22.0,56.0,NaN,NaN
2016-05-15T00:00:00Z,0.0,22.0,58.0,NaN,NaN
2016-05-15T00:00:00Z,0.0,22.0,60.0,29.424114,0.7235031
2016-05-15T00:00:00Z,0.0,22.0,62.0,29.51358,0.74951553
2016-05-15T00:00:00Z,0.0,22.0,64.0,29.605633,0.8109665
2016-05-15T00:00:00Z,0.0,22.0,66.0,29.669197,0.8798218
2016-05-15T00:00:00Z,0.0,22.0,68.0,29.673391,0.9280472
2016-05-15T00:00:00Z,0.0,22.0,70.0,29.685522,0.9343147
2016-05-15T00:00:00Z,0.0,22.0,72.0,NaN,NaN
2016-05-15T00:00:00Z,0.0,22.0,74.0,NaN,NaN
2016-05-15T00:00:00Z,0.0,22.0,76.0,NaN,NaN
2016-05-15T00:00:00Z,0.0,24.0,56.0,NaN,NaN
2016-05-15T00:00:00Z,0.0,24.0,58.0,NaN,NaN
2016-05-15T00:00:00Z,0.0,24.0,60.0,29.60597,0.6748314
2016-05-15T00:00:00Z,0.0,24.0,62.0,29.439497,0.6737118
2016-05-15T00:00:00Z,0.0,24.0,64.0,29.288876,0.7162285
2016-05-15T00:00:00Z,0.0,24.0,66.0,29.229866,0.7469559
2016-05-15T00:00:00Z,0.0,24.0,68.0,29.27858,0.7799969
2016-05-15T00:00:00Z,0.0,24.0,70.0,NaN,NaN
2016-05-15T00:00:00Z,0.0,24.0,72.0,NaN,NaN
2016-05-15T00:00:00Z,0.0,24.0,74.0,NaN,NaN
2016-05-15T00:00:00Z,0.0,24.0,76.0,NaN,NaN
2016-05-15T00:00:00Z,0.0,26.0,56.0,28.938927,0.5527649
2016-05-15T00:00:00Z,0.0,26.0,58.0,29.577095,0.61351395
2016-05-15T00:00:00Z,0.0,26.0,60.0,29.754503,0.67087555
2016-05-15T00:00:00Z,0.0,26.0,62.0,NaN,NaN
2016-05-15T00:00:00Z,0.0,26.0,64.0,29.071243,0.6809635
2016-05-15T00:00:00Z,0.0,26.0,66.0,28.974482,0.66324043
2016-05-15T00:00:00Z,0.0,26.0,68.0,NaN,NaN
2016-05-15T00:00:00Z,0.0,26.0,70.0,NaN,NaN
2016-05-15T00:00:00Z,0.0,26.0,72.0,NaN,NaN
2016-05-15T00:00:00Z,0.0,26.0,74.0,NaN,NaN
2016-05-15T00:00:00Z,0.0,26.0,76.0,NaN,NaN
2016-06-15T00:00:00Z,0.0,8.0,56.0,27.94553,-0.06767845
2016-06-15T00:00:00Z,0.0,8.0,58.0,28.551432,0.08276558
2016-06-15T00:00:00Z,0.0,8.0,60.0,29.007965,0.216362
2016-06-15T00:00:00Z,0.0,8.0,62.0,29.318624,0.32333183
2016-06-15T00:00:00Z,0.0,8.0,64.0,29.52044,0.40335464
2016-06-15T00:00:00Z,0.0,8.0,66.0,29.64079,0.4632473
2016-06-15T00:00:00Z,0.0,8.0,68.0,29.700348,0.50255585
2016-06-15T00:00:00Z,0.0,8.0,70.0,29.700111,0.5116539
2016-06-15T00:00:00Z,0.0,8.0,72.0,29.63509,0.51677704
2016-06-15T00:00:00Z,0.0,8.0,74.0,29.427193,0.5033188
2016-06-15T00:00:00Z,0.0,8.0,76.0,29.108238,0.50299454
2016-06-15T00:00:00Z,0.0,10.0,56.0,27.791542,-0.040122986
2016-06-15T00:00:00Z,0.0,10.0,58.0,28.392689,0.10187721
2016-06-15T00:00:00Z,0.0,10.0,60.0,28.82149,0.2179699
2016-06-15T00:00:00Z,0.0,10.0,62.0,29.144772,0.3164177
2016-06-15T00:00:00Z,0.0,10.0,64.0,29.415974,0.41555786
2016-06-15T00:00:00Z,0.0,10.0,66.0,29.619251,0.50829315
2016-06-15T00:00:00Z,0.0,10.0,68.0,29.742563,0.5726032
2016-06-15T00:00:00Z,0.0,10.0,70.0,29.779072,0.59511185
2016-06-15T00:00:00Z,0.0,10.0,72.0,29.717497,0.60224724
2016-06-15T00:00:00Z,0.0,10.0,74.0,29.50729,0.583519
2016-06-15T00:00:00Z,0.0,10.0,76.0,29.255625,0.575758
2016-06-15T00:00:00Z,0.0,12.0,56.0,27.992895,0.034101486
2016-06-15T00:00:00Z,0.0,12.0,58.0,28.389626,0.1471672
2016-06-15T00:00:00Z,0.0,12.0,60.0,28.729046,0.24998283
2016-06-15T00:00:00Z,0.0,12.0,62.0,29.063448,0.34776115
2016-06-15T00:00:00Z,0.0,12.0,64.0,29.398836,0.46129417
2016-06-15T00:00:00Z,0.0,12.0,66.0,29.670828,0.57709694
2016-06-15T00:00:00Z,0.0,12.0,68.0,29.852238,0.67082024
2016-06-15T00:00:00Z,0.0,12.0,70.0,29.923605,0.71100044
2016-06-15T00:00:00Z,0.0,12.0,72.0,29.887959,0.71860504
2016-06-15T00:00:00Z,0.0,12.0,74.0,29.719614,0.6924553
2016-06-15T00:00:00Z,0.0,12.0,76.0,29.529018,0.6725273
2016-06-15T00:00:00Z,0.0,14.0,56.0,28.336777,0.14263153
2016-06-15T00:00:00Z,0.0,14.0,58.0,28.484154,0.22113228
2016-06-15T00:00:00Z,0.0,14.0,60.0,28.751549,0.30846405
2016-06-15T00:00:00Z,0.0,14.0,62.0,29.129084,0.41566277
2016-06-15T00:00:00Z,0.0,14.0,64.0,29.520632,0.5441532
2016-06-15T00:00:00Z,0.0,14.0,66.0,29.82756,0.6791649
2016-06-15T00:00:00Z,0.0,14.0,68.0,30.022345,0.78969765
2016-06-15T00:00:00Z,0.0,14.0,70.0,30.101278,0.8347988
2016-06-15T00:00:00Z,0.0,14.0,72.0,30.10137,0.83997536
2016-06-15T00:00:00Z,0.0,14.0,74.0,30.019852,0.8132553
2016-06-15T00:00:00Z,0.0,14.0,76.0,NaN,NaN
2016-06-15T00:00:00Z,0.0,16.0,56.0,28.385288,0.23817062
2016-06-15T00:00:00Z,0.0,16.0,58.0,28.465973,0.3083458
2016-06-15T00:00:00Z,0.0,16.0,60.0,28.812155,0.39388275
2016-06-15T00:00:00Z,0.0,16.0,62.0,29.300135,0.50917435
2016-06-15T00:00:00Z,0.0,16.0,64.0,29.761738,0.66352844
2016-06-15T00:00:00Z,0.0,16.0,66.0,30.077374,0.8133316
2016-06-15T00:00:00Z,0.0,16.0,68.0,30.248981,0.9237957
2016-06-15T00:00:00Z,0.0,16.0,70.0,30.301023,0.95035744
2016-06-15T00:00:00Z,0.0,16.0,72.0,30.308346,0.9385967
2016-06-15T00:00:00Z,0.0,16.0,74.0,30.269886,0.91483116
2016-06-15T00:00:00Z,0.0,16.0,76.0,NaN,NaN
2016-06-15T00:00:00Z,0.0,18.0,56.0,28.18748,0.31067467
2016-06-15T00:00:00Z,0.0,18.0,58.0,28.28232,0.38631248
2016-06-15T00:00:00Z,0.0,18.0,60.0,28.776089,0.47948456
2016-06-15T00:00:00Z,0.0,18.0,62.0,29.418468,0.6100731
2016-06-15T00:00:00Z,0.0,18.0,64.0,29.970005,0.7810478
2016-06-15T00:00:00Z,0.0,18.0,66.0,30.329018,0.94831085
2016-06-15T00:00:00Z,0.0,18.0,68.0,30.47336,1.0415268
2016-06-15T00:00:00Z,0.0,18.0,70.0,30.470655,1.0325928
2016-06-15T00:00:00Z,0.0,18.0,72.0,30.463861,1.0113411
2016-06-15T00:00:00Z,0.0,18.0,74.0,NaN,NaN
2016-06-15T00:00:00Z,0.0,18.0,76.0,NaN,NaN
2016-06-15T00:00:00Z,0.0,20.0,56.0,NaN,NaN
2016-06-15T00:00:00Z,0.0,20.0,58.0,28.355387,0.47649002
2016-06-15T00:00:00Z,0.0,20.0,60.0,28.871443,0.56594276
2016-06-15T00:00:00Z,0.0,20.0,62.0,29.514875,0.6924381
2016-06-15T00:00:00Z,0.0,20.0,64.0,30.083168,0.86650276
2016-06-15T00:00:00Z,0.0,20.0,66.0,30.47021,1.0270214
2016-06-15T00:00:00Z,0.0,20.0,68.0,30.58108,1.0923271
2016-06-15T00:00:00Z,0.0,20.0,70.0,30.552755,1.0841084
2016-06-15T00:00:00Z,0.0,20.0,72.0,30.516552,1.0448284
2016-06-15T00:00:00Z,0.0,20.0,74.0,NaN,NaN
2016-06-15T00:00:00Z,0.0,20.0,76.0,NaN,NaN
2016-06-15T00:00:00Z,0.0,22.0,56.0,NaN,NaN
2016-06-15T00:00:00Z,0.0,22.0,58.0,NaN,NaN
2016-06-15T00:00:00Z,0.0,22.0,60.0,29.62792,0.6794605
2016-06-15T00:00:00Z,0.0,22.0,62.0,29.904709,0.77550125
2016-06-15T00:00:00Z,0.0,22.0,64.0,30.21815,0.90960884
2016-06-15T00:00:00Z,0.0,22.0,66.0,30.489584,1.0386868
2016-06-15T00:00:00Z,0.0,22.0,68.0,30.57686,1.1090546
2016-06-15T00:00:00Z,0.0,22.0,70.0,30.544165,1.0952835
2016-06-15T00:00:00Z,0.0,22.0,72.0,NaN,NaN
2016-06-15T00:00:00Z,0.0,22.0,74.0,NaN,NaN
2016-06-15T00:00:00Z,0.0,22.0,76.0,NaN,NaN
2016-06-15T00:00:00Z,0.0,24.0,56.0,NaN,NaN
2016-06-15T00:00:00Z,0.0,24.0,58.0,NaN,NaN
2016-06-15T00:00:00Z,0.0,24.0,60.0,30.81367,0.80108833
2016-06-15T00:00:00Z,0.0,24.0,62.0,30.484535,0.8365288
2016-06-15T00:00:00Z,0.0,24.0,64.0,30.397432,0.96686363
2016-06-15T00:00:00Z,0.0,24.0,66.0,30.46569,1.050518
2016-06-15T00:00:00Z,0.0,24.0,68.0,30.503887,1.0890541
2016-06-15T00:00:00Z,0.0,24.0,70.0,NaN,NaN
2016-06-15T00:00:00Z,0.0,24.0,72.0,NaN,NaN
2016-06-15T00:00:00Z,0.0,24.0,74.0,NaN,NaN
2016-06-15T00:00:00Z,0.0,24.0,76.0,NaN,NaN
2016-06-15T00:00:00Z,0.0,26.0,56.0,31.641567,0.81098175
2016-06-15T00:00:00Z,0.0,26.0,58.0,31.837442,0.8161907
2016-06-15T00:00:00Z,0.0,26.0,60.0,31.557394,0.83939743
2016-06-15T00:00:00Z,0.0,26.0,62.0,NaN,NaN
2016-06-15T00:00:00Z,0.0,26.0,64.0,30.438982,1.00103
2016-06-15T00:00:00Z,0.0,26.0,66.0,30.414011,1.0318336
2016-06-15T00:00:00Z,0.0,26.0,68.0,NaN,NaN
2016-06-15T00:00:00Z,0.0,26.0,70.0,NaN,NaN
2016-06-15T00:00:00Z,0.0,26.0,72.0,NaN,NaN
2016-06-15T00:00:00Z,0.0,26.0,74.0,NaN,NaN
2016-06-15T00:00:00Z,0.0,26.0,76.0,NaN,NaN
2016-07-15T00:00:00Z,0.0,8.0,56.0,25.481491,-0.971468
2016-07-15T00:00:00Z,0.0,8.0,58.0,26.381025,-0.7075596
2016-07-15T00:00:00Z,0.0,8.0,60.0,27.205593,-0.45365906
2016-07-15T00:00:00Z,0.0,8.0,62.0,27.86322,-0.22915459
2016-07-15T00:00:00Z,0.0,8.0,64.0,28.34278,-0.04082489
2016-07-15T00:00:00Z,0.0,8.0,66.0,28.636297,0.09600639
2016-07-15T00:00:00Z,0.0,8.0,68.0,28.767157,0.17624092
2016-07-15T00:00:00Z,0.0,8.0,70.0,28.770685,0.1983738
2016-07-15T00:00:00Z,0.0,8.0,72.0,28.658031,0.19751167
2016-07-15T00:00:00Z,0.0,8.0,74.0,28.353018,0.1603527
2016-07-15T00:00:00Z,0.0,8.0,76.0,27.96068,0.14567375
2016-07-15T00:00:00Z,0.0,10.0,56.0,24.954031,-1.1108837
2016-07-15T00:00:00Z,0.0,10.0,58.0,25.82624,-0.8700714
2016-07-15T00:00:00Z,0.0,10.0,60.0,26.590023,-0.6310406
2016-07-15T00:00:00Z,0.0,10.0,62.0,27.247688,-0.41020775
2016-07-15T00:00:00Z,0.0,10.0,64.0,27.82109,-0.19447327
2016-07-15T00:00:00Z,0.0,10.0,66.0,28.24565,-0.00633049
2016-07-15T00:00:00Z,0.0,10.0,68.0,28.49631,0.12249565
2016-07-15T00:00:00Z,0.0,10.0,70.0,28.576279,0.17819595
2016-07-15T00:00:00Z,0.0,10.0,72.0,28.476591,0.19183922
2016-07-15T00:00:00Z,0.0,10.0,74.0,28.168356,0.15912628
2016-07-15T00:00:00Z,0.0,10.0,76.0,27.845371,0.13851166
2016-07-15T00:00:00Z,0.0,12.0,56.0,24.81949,-1.1134052
2016-07-15T00:00:00Z,0.0,12.0,58.0,25.43411,-0.9407635
2016-07-15T00:00:00Z,0.0,12.0,60.0,26.068533,-0.7357998
2016-07-15T00:00:00Z,0.0,12.0,62.0,26.737179,-0.51573753
2016-07-15T00:00:00Z,0.0,12.0,64.0,27.398796,-0.28205872
2016-07-15T00:00:00Z,0.0,12.0,66.0,27.935019,-0.061231613
2016-07-15T00:00:00Z,0.0,12.0,68.0,28.301157,0.11170006
2016-07-15T00:00:00Z,0.0,12.0,70.0,28.473305,0.20282745
2016-07-15T00:00:00Z,0.0,12.0,72.0,28.449453,0.23301506
2016-07-15T00:00:00Z,0.0,12.0,74.0,28.229673,0.2118473
2016-07-15T00:00:00Z,0.0,12.0,76.0,27.9893,0.1866417
2016-07-15T00:00:00Z,0.0,14.0,56.0,24.975475,-0.96171
2016-07-15T00:00:00Z,0.0,14.0,58.0,25.291475,-0.8601284
2016-07-15T00:00:00Z,0.0,14.0,60.0,25.80959,-0.70586777
2016-07-15T00:00:00Z,0.0,14.0,62.0,26.507885,-0.4959488
2016-07-15T00:00:00Z,0.0,14.0,64.0,27.239025,-0.25337029
2016-07-15T00:00:00Z,0.0,14.0,66.0,27.839054,-0.01886177
2016-07-15T00:00:00Z,0.0,14.0,68.0,28.252684,0.16408157
2016-07-15T00:00:00Z,0.0,14.0,70.0,28.471197,0.25694656
2016-07-15T00:00:00Z,0.0,14.0,72.0,28.54015,0.29558945
2016-07-15T00:00:00Z,0.0,14.0,74.0,28.465088,0.2855549
2016-07-15T00:00:00Z,0.0,14.0,76.0,NaN,NaN
2016-07-15T00:00:00Z,0.0,16.0,56.0,25.045198,-0.73005867
2016-07-15T00:00:00Z,0.0,16.0,58.0,25.302046,-0.6389122
2016-07-15T00:00:00Z,0.0,16.0,60.0,25.864145,-0.51981354
2016-07-15T00:00:00Z,0.0,16.0,62.0,26.633495,-0.34052658
2016-07-15T00:00:00Z,0.0,16.0,64.0,27.424017,-0.09589958
2016-07-15T00:00:00Z,0.0,16.0,66.0,28.038828,0.1318264
2016-07-15T00:00:00Z,0.0,16.0,68.0,28.43453,0.29473877
2016-07-15T00:00:00Z,0.0,16.0,70.0,28.6447,0.36180496
2016-07-15T00:00:00Z,0.0,16.0,72.0,28.736713,0.3761654
2016-07-15T00:00:00Z,0.0,16.0,74.0,28.705128,0.3571453
2016-07-15T00:00:00Z,0.0,16.0,76.0,NaN,NaN
2016-07-15T00:00:00Z,0.0,18.0,56.0,25.039457,-0.50255966
2016-07-15T00:00:00Z,0.0,18.0,58.0,25.336409,-0.37480736
2016-07-15T00:00:00Z,0.0,18.0,60.0,26.040194,-0.25701332
2016-07-15T00:00:00Z,0.0,18.0,62.0,26.92994,-0.10141373
2016-07-15T00:00:00Z,0.0,18.0,64.0,27.790407,0.1201992
2016-07-15T00:00:00Z,0.0,18.0,66.0,28.451748,0.34239197
2016-07-15T00:00:00Z,0.0,18.0,68.0,28.827509,0.4856739
2016-07-15T00:00:00Z,0.0,18.0,70.0,29.00567,0.5322132
2016-07-15T00:00:00Z,0.0,18.0,72.0,29.100594,0.5381279
2016-07-15T00:00:00Z,0.0,18.0,74.0,NaN,NaN
2016-07-15T00:00:00Z,0.0,18.0,76.0,NaN,NaN
2016-07-15T00:00:00Z,0.0,20.0,56.0,NaN,NaN
2016-07-15T00:00:00Z,0.0,20.0,58.0,25.716629,-0.12437248
2016-07-15T00:00:00Z,0.0,20.0,60.0,26.468548,0.005285263
2016-07-15T00:00:00Z,0.0,20.0,62.0,27.340843,0.14738464
2016-07-15T00:00:00Z,0.0,20.0,64.0,28.193806,0.3362198
2016-07-15T00:00:00Z,0.0,20.0,66.0,28.907179,0.5428047
2016-07-15T00:00:00Z,0.0,20.0,68.0,29.277203,0.68078613
2016-07-15T00:00:00Z,0.0,20.0,70.0,29.419237,0.74064255
2016-07-15T00:00:00Z,0.0,20.0,72.0,29.447155,0.73169327
2016-07-15T00:00:00Z,0.0,20.0,74.0,NaN,NaN
2016-07-15T00:00:00Z,0.0,20.0,76.0,NaN,NaN
2016-07-15T00:00:00Z,0.0,22.0,56.0,NaN,NaN
2016-07-15T00:00:00Z,0.0,22.0,58.0,NaN,NaN
2016-07-15T00:00:00Z,0.0,22.0,60.0,27.875935,0.3315258
2016-07-15T00:00:00Z,0.0,22.0,62.0,28.21469,0.41200256
2016-07-15T00:00:00Z,0.0,22.0,64.0,28.716444,0.52638245
2016-07-15T00:00:00Z,0.0,22.0,66.0,29.315468,0.7061348
2016-07-15T00:00:00Z,0.0,22.0,68.0,29.646416,0.8570976
2016-07-15T00:00:00Z,0.0,22.0,70.0,29.692673,0.8943691
2016-07-15T00:00:00Z,0.0,22.0,72.0,NaN,NaN
2016-07-15T00:00:00Z,0.0,22.0,74.0,NaN,NaN
2016-07-15T00:00:00Z,0.0,22.0,76.0,NaN,NaN
2016-07-15T00:00:00Z,0.0,24.0,56.0,NaN,NaN
2016-07-15T00:00:00Z,0.0,24.0,58.0,NaN,NaN
2016-07-15T00:00:00Z,0.0,24.0,60.0,30.075003,0.775898
2016-07-15T00:00:00Z,0.0,24.0,62.0,29.398436,0.65574837
2016-07-15T00:00:00Z,0.0,24.0,64.0,29.319962,0.7205734
2016-07-15T00:00:00Z,0.0,24.0,66.0,29.64772,0.84838104
2016-07-15T00:00:00Z,0.0,24.0,68.0,29.824186,0.9469738
2016-07-15T00:00:00Z,0.0,24.0,70.0,NaN,NaN
2016-07-15T00:00:00Z,0.0,24.0,72.0,NaN,NaN
2016-07-15T00:00:00Z,0.0,24.0,74.0,NaN,NaN
2016-07-15T00:00:00Z,0.0,24.0,76.0,NaN,NaN
2016-07-15T00:00:00Z,0.0,26.0,56.0,33.27792,1.4737549
2016-07-15T00:00:00Z,0.0,26.0,58.0,32.642857,1.2683868
2016-07-15T00:00:00Z,0.0,26.0,60.0,31.585022,1.0555782
2016-07-15T00:00:00Z,0.0,26.0,62.0,NaN,NaN
2016-07-15T00:00:00Z,0.0,26.0,64.0,29.654,0.831398
2016-07-15T00:00:00Z,0.0,26.0,66.0,29.781986,0.8989773
2016-07-15T00:00:00Z,0.0,26.0,68.0,NaN,NaN
2016-07-15T00:00:00Z,0.0,26.0,70.0,NaN,NaN
2016-07-15T00:00:00Z,0.0,26.0,72.0,NaN,NaN
2016-07-15T00:00:00Z,0.0,26.0,74.0,NaN,NaN
2016-07-15T00:00:00Z,0.0,26.0,76.0,NaN,NaN
2016-08-15T00:00:00Z,0.0,8.0,56.0,25.767803,-0.036050797
2016-08-15T00:00:00Z,0.0,8.0,58.0,26.544136,0.092552185
2016-08-15T00:00:00Z,0.0,8.0,60.0,27.297129,0.1796894
2016-08-15T00:00:00Z,0.0,8.0,62.0,27.896973,0.22709656
2016-08-15T00:00:00Z,0.0,8.0,64.0,28.30903,0.2522583
2016-08-15T00:00:00Z,0.0,8.0,66.0,28.528166,0.25774765
2016-08-15T00:00:00Z,0.0,8.0,68.0,28.593992,0.25759506
2016-08-15T00:00:00Z,0.0,8.0,70.0,28.562197,0.2564888
2016-08-15T00:00:00Z,0.0,8.0,72.0,28.446491,0.27832413
2016-08-15T00:00:00Z,0.0,8.0,74.0,28.15332,0.28227806
2016-08-15T00:00:00Z,0.0,8.0,76.0,27.791468,0.30077362
2016-08-15T00:00:00Z,0.0,10.0,56.0,25.207727,-0.15248108
2016-08-15T00:00:00Z,0.0,10.0,58.0,25.955309,-0.02579689
2016-08-15T00:00:00Z,0.0,10.0,60.0,26.61436,0.053590775
2016-08-15T00:00:00Z,0.0,10.0,62.0,27.189081,0.1006031
2016-08-15T00:00:00Z,0.0,10.0,64.0,27.682207,0.14156151
2016-08-15T00:00:00Z,0.0,10.0,66.0,28.026133,0.17844582
2016-08-15T00:00:00Z,0.0,10.0,68.0,28.212057,0.20413971
2016-08-15T00:00:00Z,0.0,10.0,70.0,28.264769,0.21924782
2016-08-15T00:00:00Z,0.0,10.0,72.0,28.17905,0.2563839
2016-08-15T00:00:00Z,0.0,10.0,74.0,27.890272,0.26885414
2016-08-15T00:00:00Z,0.0,10.0,76.0,27.589472,0.2813816
2016-08-15T00:00:00Z,0.0,12.0,56.0,24.874338,-0.20128632
2016-08-15T00:00:00Z,0.0,12.0,58.0,25.405394,-0.12843895
2016-08-15T00:00:00Z,0.0,12.0,60.0,25.938887,-0.06836319
2016-08-15T00:00:00Z,0.0,12.0,62.0,26.518764,-0.0051937103
2016-08-15T00:00:00Z,0.0,12.0,64.0,27.099926,0.06161499
2016-08-15T00:00:00Z,0.0,12.0,66.0,27.561186,0.12354088
2016-08-15T00:00:00Z,0.0,12.0,68.0,27.877977,0.17689514
2016-08-15T00:00:00Z,0.0,12.0,70.0,28.045494,0.2178917
2016-08-15T00:00:00Z,0.0,12.0,72.0,28.040188,0.2592106
2016-08-15T00:00:00Z,0.0,12.0,74.0,27.846218,0.2816639
2016-08-15T00:00:00Z,0.0,12.0,76.0,27.634188,0.2898655
2016-08-15T00:00:00Z,0.0,14.0,56.0,24.742126,-0.15472794
2016-08-15T00:00:00Z,0.0,14.0,58.0,25.029398,-0.14697838
2016-08-15T00:00:00Z,0.0,14.0,60.0,25.459295,-0.12345505
2016-08-15T00:00:00Z,0.0,14.0,62.0,26.062832,-0.054815292
2016-08-15T00:00:00Z,0.0,14.0,64.0,26.721598,0.038909912
2016-08-15T00:00:00Z,0.0,14.0,66.0,27.278543,0.12869072
2016-08-15T00:00:00Z,0.0,14.0,68.0,27.687468,0.20105171
2016-08-15T00:00:00Z,0.0,14.0,70.0,27.93562,0.24676514
2016-08-15T00:00:00Z,0.0,14.0,72.0,28.031044,0.28810883
2016-08-15T00:00:00Z,0.0,14.0,74.0,27.970552,0.30197716
2016-08-15T00:00:00Z,0.0,14.0,76.0,NaN,NaN
2016-08-15T00:00:00Z,0.0,16.0,56.0,24.596035,-0.051229477
2016-08-15T00:00:00Z,0.0,16.0,58.0,24.830658,-0.0687809
2016-08-15T00:00:00Z,0.0,16.0,60.0,25.284855,-0.0821476
2016-08-15T00:00:00Z,0.0,16.0,62.0,25.94051,-0.032741547
2016-08-15T00:00:00Z,0.0,16.0,64.0,26.670023,0.08716774
2016-08-15T00:00:00Z,0.0,16.0,66.0,27.286772,0.20183372
2016-08-15T00:00:00Z,0.0,16.0,68.0,27.734291,0.28881073
2016-08-15T00:00:00Z,0.0,16.0,70.0,28.014143,0.33089256
2016-08-15T00:00:00Z,0.0,16.0,72.0,28.150568,0.3518257
2016-08-15T00:00:00Z,0.0,16.0,74.0,28.137053,0.34314728
2016-08-15T00:00:00Z,0.0,16.0,76.0,NaN,NaN
2016-08-15T00:00:00Z,0.0,18.0,56.0,24.491308,0.041622162
2016-08-15T00:00:00Z,0.0,18.0,58.0,24.723576,0.037929535
2016-08-15T00:00:00Z,0.0,18.0,60.0,25.296782,0.019489288
2016-08-15T00:00:00Z,0.0,18.0,62.0,26.063234,0.0550251
2016-08-15T00:00:00Z,0.0,18.0,64.0,26.878084,0.1783123
2016-08-15T00:00:00Z,0.0,18.0,66.0,27.572063,0.32304
2016-08-15T00:00:00Z,0.0,18.0,68.0,28.024755,0.42552567
2016-08-15T00:00:00Z,0.0,18.0,70.0,28.296436,0.4772911
2016-08-15T00:00:00Z,0.0,18.0,72.0,28.454866,0.5039978
2016-08-15T00:00:00Z,0.0,18.0,74.0,NaN,NaN
2016-08-15T00:00:00Z,0.0,18.0,76.0,NaN,NaN
2016-08-15T00:00:00Z,0.0,20.0,56.0,NaN,NaN
2016-08-15T00:00:00Z,0.0,20.0,58.0,24.992607,0.13848686
2016-08-15T00:00:00Z,0.0,20.0,60.0,25.627657,0.14577293
2016-08-15T00:00:00Z,0.0,20.0,62.0,26.400904,0.19279861
2016-08-15T00:00:00Z,0.0,20.0,64.0,27.233706,0.3130169
2016-08-15T00:00:00Z,0.0,20.0,66.0,27.98665,0.46394157
2016-08-15T00:00:00Z,0.0,20.0,68.0,28.425396,0.5825405
2016-08-15T00:00:00Z,0.0,20.0,70.0,28.652077,0.6610756
2016-08-15T00:00:00Z,0.0,20.0,72.0,28.752274,0.6839123
2016-08-15T00:00:00Z,0.0,20.0,74.0,NaN,NaN
2016-08-15T00:00:00Z,0.0,20.0,76.0,NaN,NaN
2016-08-15T00:00:00Z,0.0,22.0,56.0,NaN,NaN
2016-08-15T00:00:00Z,0.0,22.0,58.0,NaN,NaN
2016-08-15T00:00:00Z,0.0,22.0,60.0,26.951674,0.3577881
2016-08-15T00:00:00Z,0.0,22.0,62.0,27.229025,0.39714813
2016-08-15T00:00:00Z,0.0,22.0,64.0,27.74003,0.476614
2016-08-15T00:00:00Z,0.0,22.0,66.0,28.39118,0.6185341
2016-08-15T00:00:00Z,0.0,22.0,68.0,28.769848,0.75022316
2016-08-15T00:00:00Z,0.0,22.0,70.0,28.8742,0.79831123
2016-08-15T00:00:00Z,0.0,22.0,72.0,NaN,NaN
2016-08-15T00:00:00Z,0.0,22.0,74.0,NaN,NaN
2016-08-15T00:00:00Z,0.0,22.0,76.0,NaN,NaN
2016-08-15T00:00:00Z,0.0,24.0,56.0,NaN,NaN
2016-08-15T00:00:00Z,0.0,24.0,58.0,NaN,NaN
2016-08-15T00:00:00Z,0.0,24.0,60.0,29.12038,0.7158642
2016-08-15T00:00:00Z,0.0,24.0,62.0,28.38477,0.6179981
2016-08-15T00:00:00Z,0.0,24.0,64.0,28.337032,0.68450737
2016-08-15T00:00:00Z,0.0,24.0,66.0,28.731882,0.7905922
2016-08-15T00:00:00Z,0.0,24.0,68.0,28.941473,0.8643913
2016-08-15T00:00:00Z,0.0,24.0,70.0,NaN,NaN
2016-08-15T00:00:00Z,0.0,24.0,72.0,NaN,NaN
2016-08-15T00:00:00Z,0.0,24.0,74.0,NaN,NaN
2016-08-15T00:00:00Z,0.0,24.0,76.0,NaN,NaN
2016-08-15T00:00:00Z,0.0,26.0,56.0,33.243366,1.276617
2016-08-15T00:00:00Z,0.0,26.0,58.0,32.05783,1.1186218
2016-08-15T00:00:00Z,0.0,26.0,60.0,30.698584,0.96411896
2016-08-15T00:00:00Z,0.0,26.0,62.0,NaN,NaN
2016-08-15T00:00:00Z,0.0,26.0,64.0,28.702616,0.82177734
2016-08-15T00:00:00Z,0.0,26.0,66.0,28.87721,0.8786297
2016-08-15T00:00:00Z,0.0,26.0,68.0,NaN,NaN
2016-08-15T00:00:00Z,0.0,26.0,70.0,NaN,NaN
2016-08-15T00:00:00Z,0.0,26.0,72.0,NaN,NaN
2016-08-15T00:00:00Z,0.0,26.0,74.0,NaN,NaN
2016-08-15T00:00:00Z,0.0,26.0,76.0,NaN,NaN
2016-09-15T00:00:00Z,0.0,8.0,56.0,26.096672,-0.1873703
2016-09-15T00:00:00Z,0.0,8.0,58.0,26.766386,-0.0905323
2016-09-15T00:00:00Z,0.0,8.0,60.0,27.427744,-0.00979805
2016-09-15T00:00:00Z,0.0,8.0,62.0,27.939009,0.037322998
2016-09-15T00:00:00Z,0.0,8.0,64.0,28.267416,0.057001114
2016-09-15T00:00:00Z,0.0,8.0,66.0,28.426695,0.050928116
2016-09-15T00:00:00Z,0.0,8.0,68.0,28.451914,0.028188705
2016-09-15T00:00:00Z,0.0,8.0,70.0,28.379051,-0.021198273
2016-09-15T00:00:00Z,0.0,8.0,72.0,28.22846,-0.07328987
2016-09-15T00:00:00Z,0.0,8.0,74.0,27.921015,-0.15600395
2016-09-15T00:00:00Z,0.0,8.0,76.0,27.574203,-0.20934486
2016-09-15T00:00:00Z,0.0,10.0,56.0,25.599947,-0.33882332
2016-09-15T00:00:00Z,0.0,10.0,58.0,26.231709,-0.23760605
2016-09-15T00:00:00Z,0.0,10.0,60.0,26.808449,-0.16065407
2016-09-15T00:00:00Z,0.0,10.0,62.0,27.30237,-0.1095047
2016-09-15T00:00:00Z,0.0,10.0,64.0,27.716969,-0.06052971
2016-09-15T00:00:00Z,0.0,10.0,66.0,28.000132,-0.023136139
2016-09-15T00:00:00Z,0.0,10.0,68.0,28.14398,-0.010705948
2016-09-15T00:00:00Z,0.0,10.0,70.0,28.163658,-0.032634735
2016-09-15T00:00:00Z,0.0,10.0,72.0,28.05344,-0.0648098
2016-09-15T00:00:00Z,0.0,10.0,74.0,27.76068,-0.13029861
2016-09-15T00:00:00Z,0.0,10.0,76.0,27.462442,-0.18016815
2016-09-15T00:00:00Z,0.0,12.0,56.0,25.335794,-0.3994789
2016-09-15T00:00:00Z,0.0,12.0,58.0,25.789698,-0.33488846
2016-09-15T00:00:00Z,0.0,12.0,60.0,26.256306,-0.2754631
2016-09-15T00:00:00Z,0.0,12.0,62.0,26.75967,-0.20113945
2016-09-15T00:00:00Z,0.0,12.0,64.0,27.259096,-0.11346626
2016-09-15T00:00:00Z,0.0,12.0,66.0,27.656137,-0.036174774
2016-09-15T00:00:00Z,0.0,12.0,68.0,27.926891,0.010267258
2016-09-15T00:00:00Z,0.0,12.0,70.0,28.052303,0.014511108
2016-09-15T00:00:00Z,0.0,12.0,72.0,28.012186,6.427765E-4
2016-09-15T00:00:00Z,0.0,12.0,74.0,27.793549,-0.0448761
2016-09-15T00:00:00Z,0.0,12.0,76.0,27.567797,-0.09579468
2016-09-15T00:00:00Z,0.0,14.0,56.0,25.298414,-0.33492088
2016-09-15T00:00:00Z,0.0,14.0,58.0,25.551125,-0.32364655
2016-09-15T00:00:00Z,0.0,14.0,60.0,25.925243,-0.29519272
2016-09-15T00:00:00Z,0.0,14.0,62.0,26.443533,-0.21046448
2016-09-15T00:00:00Z,0.0,14.0,64.0,27.006094,-0.089883804
2016-09-15T00:00:00Z,0.0,14.0,66.0,27.48727,0.019832611
2016-09-15T00:00:00Z,0.0,14.0,68.0,27.849884,0.08851051
2016-09-15T00:00:00Z,0.0,14.0,70.0,28.059444,0.10504913
2016-09-15T00:00:00Z,0.0,14.0,72.0,28.104162,0.10359955
2016-09-15T00:00:00Z,0.0,14.0,74.0,27.996553,0.07179451
2016-09-15T00:00:00Z,0.0,14.0,76.0,NaN,NaN
2016-09-15T00:00:00Z,0.0,16.0,56.0,25.280924,-0.2001667
2016-09-15T00:00:00Z,0.0,16.0,58.0,25.494217,-0.20813751
2016-09-15T00:00:00Z,0.0,16.0,60.0,25.882622,-0.21123123
2016-09-15T00:00:00Z,0.0,16.0,62.0,26.432507,-0.14155579
2016-09-15T00:00:00Z,0.0,16.0,64.0,27.036127,-0.001581192
2016-09-15T00:00:00Z,0.0,16.0,66.0,27.55922,0.12838745
2016-09-15T00:00:00Z,0.0,16.0,68.0,27.960829,0.21030807
2016-09-15T00:00:00Z,0.0,16.0,70.0,28.216171,0.23035812
2016-09-15T00:00:00Z,0.0,16.0,72.0,28.308968,0.2218914
2016-09-15T00:00:00Z,0.0,16.0,74.0,28.243286,0.1864624
2016-09-15T00:00:00Z,0.0,16.0,76.0,NaN,NaN
2016-09-15T00:00:00Z,0.0,18.0,56.0,25.277311,-0.07212067
2016-09-15T00:00:00Z,0.0,18.0,58.0,25.495295,-0.06719017
2016-09-15T00:00:00Z,0.0,18.0,60.0,25.996666,-0.07066727
2016-09-15T00:00:00Z,0.0,18.0,62.0,26.635897,-0.018709183
2016-09-15T00:00:00Z,0.0,18.0,64.0,27.29157,0.11707115
2016-09-15T00:00:00Z,0.0,18.0,66.0,27.853685,0.2645607
2016-09-15T00:00:00Z,0.0,18.0,68.0,28.246292,0.35691833
2016-09-15T00:00:00Z,0.0,18.0,70.0,28.4968,0.38250732
2016-09-15T00:00:00Z,0.0,18.0,72.0,28.626175,0.38166046
2016-09-15T00:00:00Z,0.0,18.0,74.0,NaN,NaN
2016-09-15T00:00:00Z,0.0,18.0,76.0,NaN,NaN
2016-09-15T00:00:00Z,0.0,20.0,56.0,NaN,NaN
2016-09-15T00:00:00Z,0.0,20.0,58.0,25.787462,0.07808685
2016-09-15T00:00:00Z,0.0,20.0,60.0,26.336016,0.08988762
2016-09-15T00:00:00Z,0.0,20.0,62.0,26.979519,0.13876915
2016-09-15T00:00:00Z,0.0,20.0,64.0,27.635557,0.26272392
2016-09-15T00:00:00Z,0.0,20.0,66.0,28.21322,0.40961647
2016-09-15T00:00:00Z,0.0,20.0,68.0,28.55734,0.5085678
2016-09-15T00:00:00Z,0.0,20.0,70.0,28.76107,0.5532303
2016-09-15T00:00:00Z,0.0,20.0,72.0,28.863337,0.5443287
2016-09-15T00:00:00Z,0.0,20.0,74.0,NaN,NaN
2016-09-15T00:00:00Z,0.0,20.0,76.0,NaN,NaN
2016-09-15T00:00:00Z,0.0,22.0,56.0,NaN,NaN
2016-09-15T00:00:00Z,0.0,22.0,58.0,NaN,NaN
2016-09-15T00:00:00Z,0.0,22.0,60.0,27.39174,0.3332348
2016-09-15T00:00:00Z,0.0,22.0,62.0,27.62256,0.366436
2016-09-15T00:00:00Z,0.0,22.0,64.0,28.002234,0.43856812
2016-09-15T00:00:00Z,0.0,22.0,66.0,28.470695,0.5620079
2016-09-15T00:00:00Z,0.0,22.0,68.0,28.741032,0.661129
2016-09-15T00:00:00Z,0.0,22.0,70.0,28.849092,0.6748524
2016-09-15T00:00:00Z,0.0,22.0,72.0,NaN,NaN
2016-09-15T00:00:00Z,0.0,22.0,74.0,NaN,NaN
2016-09-15T00:00:00Z,0.0,22.0,76.0,NaN,NaN
2016-09-15T00:00:00Z,0.0,24.0,56.0,NaN,NaN
2016-09-15T00:00:00Z,0.0,24.0,58.0,NaN,NaN
2016-09-15T00:00:00Z,0.0,24.0,60.0,29.037865,0.70098305
2016-09-15T00:00:00Z,0.0,24.0,62.0,28.4269,0.6034565
2016-09-15T00:00:00Z,0.0,24.0,64.0,28.354486,0.65805054
2016-09-15T00:00:00Z,0.0,24.0,66.0,28.61852,0.73613167
2016-09-15T00:00:00Z,0.0,24.0,68.0,28.77688,0.77204514
2016-09-15T00:00:00Z,0.0,24.0,70.0,NaN,NaN
2016-09-15T00:00:00Z,0.0,24.0,72.0,NaN,NaN
2016-09-15T00:00:00Z,0.0,24.0,74.0,NaN,NaN
2016-09-15T00:00:00Z,0.0,24.0,76.0,NaN,NaN
2016-09-15T00:00:00Z,0.0,26.0,56.0,32.76931,1.168396
2016-09-15T00:00:00Z,0.0,26.0,58.0,31.478271,1.0616894
2016-09-15T00:00:00Z,0.0,26.0,60.0,30.230213,0.93528557
2016-09-15T00:00:00Z,0.0,26.0,62.0,NaN,NaN
2016-09-15T00:00:00Z,0.0,26.0,64.0,28.538912,0.80160713
2016-09-15T00:00:00Z,0.0,26.0,66.0,28.642048,0.8310032
2016-09-15T00:00:00Z,0.0,26.0,68.0,NaN,NaN
2016-09-15T00:00:00Z,0.0,26.0,70.0,NaN,NaN
2016-09-15T00:00:00Z,0.0,26.0,72.0,NaN,NaN
2016-09-15T00:00:00Z,0.0,26.0,74.0,NaN,NaN
2016-09-15T00:00:00Z,0.0,26.0,76.0,NaN,NaN
2016-10-15T00:00:00Z,0.0,8.0,56.0,27.242884,-0.1717205
2016-10-15T00:00:00Z,0.0,8.0,58.0,27.643265,-0.11661148
2016-10-15T00:00:00Z,0.0,8.0,60.0,28.045242,-0.057281494
2016-10-15T00:00:00Z,0.0,8.0,62.0,28.339273,5.016327E-4
2016-10-15T00:00:00Z,0.0,8.0,64.0,28.513914,0.046060562
2016-10-15T00:00:00Z,0.0,8.0,66.0,28.617739,0.06721687
2016-10-15T00:00:00Z,0.0,8.0,68.0,28.684702,0.07424164
2016-10-15T00:00:00Z,0.0,8.0,70.0,28.713785,0.06807518
2016-10-15T00:00:00Z,0.0,8.0,72.0,28.689653,0.06248474
2016-10-15T00:00:00Z,0.0,8.0,74.0,28.529806,0.019556046
2016-10-15T00:00:00Z,0.0,8.0,76.0,28.314594,-0.0047950745
2016-10-15T00:00:00Z,0.0,10.0,56.0,26.960308,-0.32402802
2016-10-15T00:00:00Z,0.0,10.0,58.0,27.292057,-0.29127884
2016-10-15T00:00:00Z,0.0,10.0,60.0,27.597345,-0.25198936
2016-10-15T00:00:00Z,0.0,10.0,62.0,27.85995,-0.20109367
2016-10-15T00:00:00Z,0.0,10.0,64.0,28.078758,-0.15076256
2016-10-15T00:00:00Z,0.0,10.0,66.0,28.260777,-0.114681244
2016-10-15T00:00:00Z,0.0,10.0,68.0,28.421577,-0.08373642
2016-10-15T00:00:00Z,0.0,10.0,70.0,28.548952,-0.056215286
2016-10-15T00:00:00Z,0.0,10.0,72.0,28.59521,-0.031562805
2016-10-15T00:00:00Z,0.0,10.0,74.0,28.473986,-0.050016403
2016-10-15T00:00:00Z,0.0,10.0,76.0,28.303982,-0.06005287
2016-10-15T00:00:00Z,0.0,12.0,56.0,26.88942,-0.40660095
2016-10-15T00:00:00Z,0.0,12.0,58.0,27.092072,-0.41069984
2016-10-15T00:00:00Z,0.0,12.0,60.0,27.273071,-0.4011383
2016-10-15T00:00:00Z,0.0,12.0,62.0,27.48601,-0.3629284
2016-10-15T00:00:00Z,0.0,12.0,64.0,27.72841,-0.30990028
2016-10-15T00:00:00Z,0.0,12.0,66.0,27.971426,-0.26338577
2016-10-15T00:00:00Z,0.0,12.0,68.0,28.220613,-0.21403313
2016-10-15T00:00:00Z,0.0,12.0,70.0,28.433983,-0.16456032
2016-10-15T00:00:00Z,0.0,12.0,72.0,28.54563,-0.111932755
2016-10-15T00:00:00Z,0.0,12.0,74.0,28.491001,-0.0933609
2016-10-15T00:00:00Z,0.0,12.0,76.0,28.379545,-0.09035492
2016-10-15T00:00:00Z,0.0,14.0,56.0,27.029152,-0.37461853
2016-10-15T00:00:00Z,0.0,14.0,58.0,27.089224,-0.42194366
2016-10-15T00:00:00Z,0.0,14.0,60.0,27.166754,-0.45731163
2016-10-15T00:00:00Z,0.0,14.0,62.0,27.329767,-0.45148468
2016-10-15T00:00:00Z,0.0,14.0,64.0,27.558449,-0.41332245
2016-10-15T00:00:00Z,0.0,14.0,66.0,27.817526,-0.36845207
2016-10-15T00:00:00Z,0.0,14.0,68.0,28.107595,-0.3160076
2016-10-15T00:00:00Z,0.0,14.0,70.0,28.369625,-0.25789642
2016-10-15T00:00:00Z,0.0,14.0,72.0,28.529263,-0.1844883
2016-10-15T00:00:00Z,0.0,14.0,74.0,28.533184,-0.14886475
2016-10-15T00:00:00Z,0.0,14.0,76.0,NaN,NaN
2016-10-15T00:00:00Z,0.0,16.0,56.0,27.174562,-0.2683258
2016-10-15T00:00:00Z,0.0,16.0,58.0,27.188374,-0.32829285
2016-10-15T00:00:00Z,0.0,16.0,60.0,27.251503,-0.4070816
2016-10-15T00:00:00Z,0.0,16.0,62.0,27.39195,-0.45265388
2016-10-15T00:00:00Z,0.0,16.0,64.0,27.57652,-0.45572853
2016-10-15T00:00:00Z,0.0,16.0,66.0,27.807558,-0.4311695
2016-10-15T00:00:00Z,0.0,16.0,68.0,28.091991,-0.38805008
2016-10-15T00:00:00Z,0.0,16.0,70.0,28.363106,-0.33168602
2016-10-15T00:00:00Z,0.0,16.0,72.0,28.537916,-0.25405884
2016-10-15T00:00:00Z,0.0,16.0,74.0,28.568235,-0.20795059
2016-10-15T00:00:00Z,0.0,16.0,76.0,NaN,NaN
2016-10-15T00:00:00Z,0.0,18.0,56.0,27.202631,-0.16087723
2016-10-15T00:00:00Z,0.0,18.0,58.0,27.21412,-0.20403862
2016-10-15T00:00:00Z,0.0,18.0,60.0,27.364368,-0.28881836
2016-10-15T00:00:00Z,0.0,18.0,62.0,27.554096,-0.37865448
2016-10-15T00:00:00Z,0.0,18.0,64.0,27.72461,-0.43001556
2016-10-15T00:00:00Z,0.0,18.0,66.0,27.916098,-0.4426937
2016-10-15T00:00:00Z,0.0,18.0,68.0,28.158216,-0.41611862
2016-10-15T00:00:00Z,0.0,18.0,70.0,28.382845,-0.37880135
2016-10-15T00:00:00Z,0.0,18.0,72.0,28.529917,-0.32264137
2016-10-15T00:00:00Z,0.0,18.0,74.0,NaN,NaN
2016-10-15T00:00:00Z,0.0,18.0,76.0,NaN,NaN
2016-10-15T00:00:00Z,0.0,20.0,56.0,NaN,NaN
2016-10-15T00:00:00Z,0.0,20.0,58.0,27.32757,-0.08764458
2016-10-15T00:00:00Z,0.0,20.0,60.0,27.545927,-0.14436531
2016-10-15T00:00:00Z,0.0,20.0,62.0,27.781769,-0.23514748
2016-10-15T00:00:00Z,0.0,20.0,64.0,27.935987,-0.32457542
2016-10-15T00:00:00Z,0.0,20.0,66.0,28.079964,-0.3714943
2016-10-15T00:00:00Z,0.0,20.0,68.0,28.216345,-0.3807602
2016-10-15T00:00:00Z,0.0,20.0,70.0,28.363604,-0.35874367
2016-10-15T00:00:00Z,0.0,20.0,72.0,28.46883,-0.34960556
2016-10-15T00:00:00Z,0.0,20.0,74.0,NaN,NaN
2016-10-15T00:00:00Z,0.0,20.0,76.0,NaN,NaN
2016-10-15T00:00:00Z,0.0,22.0,56.0,NaN,NaN
2016-10-15T00:00:00Z,0.0,22.0,58.0,NaN,NaN
2016-10-15T00:00:00Z,0.0,22.0,60.0,28.101017,0.07962227
2016-10-15T00:00:00Z,0.0,22.0,62.0,28.153637,-0.007112503
2016-10-15T00:00:00Z,0.0,22.0,64.0,28.152138,-0.14038467
2016-10-15T00:00:00Z,0.0,22.0,66.0,28.18246,-0.22262192
2016-10-15T00:00:00Z,0.0,22.0,68.0,28.206684,-0.26228905
2016-10-15T00:00:00Z,0.0,22.0,70.0,28.26335,-0.30440903
2016-10-15T00:00:00Z,0.0,22.0,72.0,NaN,NaN
2016-10-15T00:00:00Z,0.0,22.0,74.0,NaN,NaN
2016-10-15T00:00:00Z,0.0,22.0,76.0,NaN,NaN
2016-10-15T00:00:00Z,0.0,24.0,56.0,NaN,NaN
2016-10-15T00:00:00Z,0.0,24.0,58.0,NaN,NaN
2016-10-15T00:00:00Z,0.0,24.0,60.0,28.981613,0.46730995
2016-10-15T00:00:00Z,0.0,24.0,62.0,28.536516,0.22984886
2016-10-15T00:00:00Z,0.0,24.0,64.0,28.281254,0.06805229
2016-10-15T00:00:00Z,0.0,24.0,66.0,28.204338,-0.025814056
2016-10-15T00:00:00Z,0.0,24.0,68.0,28.165041,-0.12532043
2016-10-15T00:00:00Z,0.0,24.0,70.0,NaN,NaN
2016-10-15T00:00:00Z,0.0,24.0,72.0,NaN,NaN
2016-10-15T00:00:00Z,0.0,24.0,74.0,NaN,NaN
2016-10-15T00:00:00Z,0.0,24.0,76.0,NaN,NaN
2016-10-15T00:00:00Z,0.0,26.0,56.0,31.390436,1.2123547
2016-10-15T00:00:00Z,0.0,26.0,58.0,30.417423,0.9710655
2016-10-15T00:00:00Z,0.0,26.0,60.0,29.60326,0.7406349
2016-10-15T00:00:00Z,0.0,26.0,62.0,NaN,NaN
2016-10-15T00:00:00Z,0.0,26.0,64.0,28.267826,0.1732769
2016-10-15T00:00:00Z,0.0,26.0,66.0,28.172926,0.09052849
2016-10-15T00:00:00Z,0.0,26.0,68.0,NaN,NaN
2016-10-15T00:00:00Z,0.0,26.0,70.0,NaN,NaN
2016-10-15T00:00:00Z,0.0,26.0,72.0,NaN,NaN
2016-10-15T00:00:00Z,0.0,26.0,74.0,NaN,NaN
2016-10-15T00:00:00Z,0.0,26.0,76.0,NaN,NaN
2016-11-15T00:00:00Z,0.0,8.0,56.0,28.134209,0.30287552
2016-11-15T00:00:00Z,0.0,8.0,58.0,28.294012,0.2552185
2016-11-15T00:00:00Z,0.0,8.0,60.0,28.445349,0.20074081
2016-11-15T00:00:00Z,0.0,8.0,62.0,28.549301,0.15790367
2016-11-15T00:00:00Z,0.0,8.0,64.0,28.623442,0.13285828
2016-11-15T00:00:00Z,0.0,8.0,66.0,28.714235,0.123506546
2016-11-15T00:00:00Z,0.0,8.0,68.0,28.829084,0.14027214
2016-11-15T00:00:00Z,0.0,8.0,70.0,28.930042,0.1804161
2016-11-15T00:00:00Z,0.0,8.0,72.0,28.98701,0.24461174
2016-11-15T00:00:00Z,0.0,8.0,74.0,28.936401,0.27915192
2016-11-15T00:00:00Z,0.0,8.0,76.0,28.825209,0.31279755
2016-11-15T00:00:00Z,0.0,10.0,56.0,27.857088,0.22554588
2016-11-15T00:00:00Z,0.0,10.0,58.0,27.975061,0.17826843
2016-11-15T00:00:00Z,0.0,10.0,60.0,28.0787,0.1214695
2016-11-15T00:00:00Z,0.0,10.0,62.0,28.181288,0.0867672
2016-11-15T00:00:00Z,0.0,10.0,64.0,28.285717,0.059570312
2016-11-15T00:00:00Z,0.0,10.0,66.0,28.424143,0.04034996
2016-11-15T00:00:00Z,0.0,10.0,68.0,28.611343,0.057029724
2016-11-15T00:00:00Z,0.0,10.0,70.0,28.815165,0.11651993
2016-11-15T00:00:00Z,0.0,10.0,72.0,28.972485,0.20279694
2016-11-15T00:00:00Z,0.0,10.0,74.0,28.988314,0.2553978
2016-11-15T00:00:00Z,0.0,10.0,76.0,28.923231,0.29677963
2016-11-15T00:00:00Z,0.0,12.0,56.0,27.637785,0.16003418
2016-11-15T00:00:00Z,0.0,12.0,58.0,27.704689,0.10772896
2016-11-15T00:00:00Z,0.0,12.0,60.0,27.742453,0.04370308
2016-11-15T00:00:00Z,0.0,12.0,62.0,27.811205,0.0031414032
2016-11-15T00:00:00Z,0.0,12.0,64.0,27.922718,-0.029865265
2016-11-15T00:00:00Z,0.0,12.0,66.0,28.09465,-0.058078766
2016-11-15T00:00:00Z,0.0,12.0,68.0,28.348713,-0.042453766
2016-11-15T00:00:00Z,0.0,12.0,70.0,28.633999,0.018209457
2016-11-15T00:00:00Z,0.0,12.0,72.0,28.87441,0.11599541
2016-11-15T00:00:00Z,0.0,12.0,74.0,28.971117,0.19098854
2016-11-15T00:00:00Z,0.0,12.0,76.0,28.98118,0.2475071
2016-11-15T00:00:00Z,0.0,14.0,56.0,27.528032,0.14803314
2016-11-15T00:00:00Z,0.0,14.0,58.0,27.538385,0.07940483
2016-11-15T00:00:00Z,0.0,14.0,60.0,27.524115,-0.008176804
2016-11-15T00:00:00Z,0.0,14.0,62.0,27.544746,-0.08044052
2016-11-15T00:00:00Z,0.0,14.0,64.0,27.622972,-0.1390686
2016-11-15T00:00:00Z,0.0,14.0,66.0,27.796799,-0.17707634
2016-11-15T00:00:00Z,0.0,14.0,68.0,28.088959,-0.16366577
2016-11-15T00:00:00Z,0.0,14.0,70.0,28.42273,-0.102622986
2016-11-15T00:00:00Z,0.0,14.0,72.0,28.70171,-4.15802E-4
2016-11-15T00:00:00Z,0.0,14.0,74.0,28.830647,0.0718689
2016-11-15T00:00:00Z,0.0,14.0,76.0,NaN,NaN
2016-11-15T00:00:00Z,0.0,16.0,56.0,27.471117,0.1724987
2016-11-15T00:00:00Z,0.0,16.0,58.0,27.443623,0.097435
2016-11-15T00:00:00Z,0.0,16.0,60.0,27.412048,-0.017974854
2016-11-15T00:00:00Z,0.0,16.0,62.0,27.387392,-0.14131737
2016-11-15T00:00:00Z,0.0,16.0,64.0,27.395164,-0.25310516
2016-11-15T00:00:00Z,0.0,16.0,66.0,27.538746,-0.31217194
2016-11-15T00:00:00Z,0.0,16.0,68.0,27.838945,-0.30324364
2016-11-15T00:00:00Z,0.0,16.0,70.0,28.174137,-0.24205017
2016-11-15T00:00:00Z,0.0,16.0,72.0,28.451761,-0.13357353
2016-11-15T00:00:00Z,0.0,16.0,74.0,28.621069,-0.051792145
2016-11-15T00:00:00Z,0.0,16.0,76.0,NaN,NaN
2016-11-15T00:00:00Z,0.0,18.0,56.0,27.39259,0.19556999
2016-11-15T00:00:00Z,0.0,18.0,58.0,27.3267,0.12651062
2016-11-15T00:00:00Z,0.0,18.0,60.0,27.31446,0.005334854
2016-11-15T00:00:00Z,0.0,18.0,62.0,27.282194,-0.1580162
2016-11-15T00:00:00Z,0.0,18.0,64.0,27.241173,-0.31822586
2016-11-15T00:00:00Z,0.0,18.0,66.0,27.326298,-0.4191208
2016-11-15T00:00:00Z,0.0,18.0,68.0,27.580008,-0.4267025
2016-11-15T00:00:00Z,0.0,18.0,70.0,27.830725,-0.38911057
2016-11-15T00:00:00Z,0.0,18.0,72.0,28.009335,-0.30799866
2016-11-15T00:00:00Z,0.0,18.0,74.0,NaN,NaN
2016-11-15T00:00:00Z,0.0,18.0,76.0,NaN,NaN
2016-11-15T00:00:00Z,0.0,20.0,56.0,NaN,NaN
2016-11-15T00:00:00Z,0.0,20.0,58.0,27.237936,0.13641739
2016-11-15T00:00:00Z,0.0,20.0,60.0,27.233767,0.040002823
2016-11-15T00:00:00Z,0.0,20.0,62.0,27.22946,-0.11164665
2016-11-15T00:00:00Z,0.0,20.0,64.0,27.166214,-0.2978897
2016-11-15T00:00:00Z,0.0,20.0,66.0,27.170517,-0.43575287
2016-11-15T00:00:00Z,0.0,20.0,68.0,27.270948,-0.49376106
2016-11-15T00:00:00Z,0.0,20.0,70.0,27.411215,-0.47706223
2016-11-15T00:00:00Z,0.0,20.0,72.0,27.545103,-0.45212746
2016-11-15T00:00:00Z,0.0,20.0,74.0,NaN,NaN
2016-11-15T00:00:00Z,0.0,20.0,76.0,NaN,NaN
2016-11-15T00:00:00Z,0.0,22.0,56.0,NaN,NaN
2016-11-15T00:00:00Z,0.0,22.0,58.0,NaN,NaN
2016-11-15T00:00:00Z,0.0,22.0,60.0,27.261227,0.112068176
2016-11-15T00:00:00Z,0.0,22.0,62.0,27.233967,-0.0064086914
2016-11-15T00:00:00Z,0.0,22.0,64.0,27.119518,-0.19971085
2016-11-15T00:00:00Z,0.0,22.0,66.0,27.016249,-0.36169052
2016-11-15T00:00:00Z,0.0,22.0,68.0,26.970882,-0.4567299
2016-11-15T00:00:00Z,0.0,22.0,70.0,27.040012,-0.50758934
2016-11-15T00:00:00Z,0.0,22.0,72.0,NaN,NaN
2016-11-15T00:00:00Z,0.0,22.0,74.0,NaN,NaN
2016-11-15T00:00:00Z,0.0,22.0,76.0,NaN,NaN
2016-11-15T00:00:00Z,0.0,24.0,56.0,NaN,NaN
2016-11-15T00:00:00Z,0.0,24.0,58.0,NaN,NaN
2016-11-15T00:00:00Z,0.0,24.0,60.0,27.432575,0.30986214
2016-11-15T00:00:00Z,0.0,24.0,62.0,27.228315,0.111026764
2016-11-15T00:00:00Z,0.0,24.0,64.0,27.033644,-0.076049805
2016-11-15T00:00:00Z,0.0,24.0,66.0,26.87097,-0.22778702
2016-11-15T00:00:00Z,0.0,24.0,68.0,26.780031,-0.3747673
2016-11-15T00:00:00Z,0.0,24.0,70.0,NaN,NaN
2016-11-15T00:00:00Z,0.0,24.0,72.0,NaN,NaN
2016-11-15T00:00:00Z,0.0,24.0,74.0,NaN,NaN
2016-11-15T00:00:00Z,0.0,24.0,76.0,NaN,NaN
2016-11-15T00:00:00Z,0.0,26.0,56.0,28.602203,0.9027004
2016-11-15T00:00:00Z,0.0,26.0,58.0,27.997757,0.6491165
2016-11-15T00:00:00Z,0.0,26.0,60.0,27.578588,0.461998
2016-11-15T00:00:00Z,0.0,26.0,62.0,NaN,NaN
2016-11-15T00:00:00Z,0.0,26.0,64.0,26.911339,-0.028892517
2016-11-15T00:00:00Z,0.0,26.0,66.0,26.77099,-0.14824295
2016-11-15T00:00:00Z,0.0,26.0,68.0,NaN,NaN
2016-11-15T00:00:00Z,0.0,26.0,70.0,NaN,NaN
2016-11-15T00:00:00Z,0.0,26.0,72.0,NaN,NaN
2016-11-15T00:00:00Z,0.0,26.0,74.0,NaN,NaN
2016-11-15T00:00:00Z,0.0,26.0,76.0,NaN,NaN
2016-12-15T00:00:00Z,0.0,8.0,56.0,27.792183,0.47587013
2016-12-15T00:00:00Z,0.0,8.0,58.0,27.948492,0.42630577
2016-12-15T00:00:00Z,0.0,8.0,60.0,28.077536,0.34649277
2016-12-15T00:00:00Z,0.0,8.0,62.0,28.179447,0.26294708
2016-12-15T00:00:00Z,0.0,8.0,64.0,28.283127,0.19672966
2016-12-15T00:00:00Z,0.0,8.0,66.0,28.417456,0.16116142
2016-12-15T00:00:00Z,0.0,8.0,68.0,28.564182,0.16222382
2016-12-15T00:00:00Z,0.0,8.0,70.0,28.666916,0.18424988
2016-12-15T00:00:00Z,0.0,8.0,72.0,28.726835,0.25300217
2016-12-15T00:00:00Z,0.0,8.0,74.0,28.70575,0.3235836
2016-12-15T00:00:00Z,0.0,8.0,76.0,28.612162,0.39352226
2016-12-15T00:00:00Z,0.0,10.0,56.0,27.592648,0.60458565
2016-12-15T00:00:00Z,0.0,10.0,58.0,27.693974,0.556118
2016-12-15T00:00:00Z,0.0,10.0,60.0,27.768093,0.46348763
2016-12-15T00:00:00Z,0.0,10.0,62.0,27.851866,0.37430382
2016-12-15T00:00:00Z,0.0,10.0,64.0,27.968437,0.2902069
2016-12-15T00:00:00Z,0.0,10.0,66.0,28.147255,0.22813034
2016-12-15T00:00:00Z,0.0,10.0,68.0,28.366459,0.20616722
2016-12-15T00:00:00Z,0.0,10.0,70.0,28.581856,0.22862625
2016-12-15T00:00:00Z,0.0,10.0,72.0,28.762417,0.30525017
2016-12-15T00:00:00Z,0.0,10.0,74.0,28.829659,0.38209534
2016-12-15T00:00:00Z,0.0,10.0,76.0,28.801172,0.4496174
2016-12-15T00:00:00Z,0.0,12.0,56.0,27.351906,0.71465683
2016-12-15T00:00:00Z,0.0,12.0,58.0,27.418798,0.67461014
2016-12-15T00:00:00Z,0.0,12.0,60.0,27.447945,0.5850067
2016-12-15T00:00:00Z,0.0,12.0,62.0,27.50652,0.5014572
2016-12-15T00:00:00Z,0.0,12.0,64.0,27.629324,0.41419983
2016-12-15T00:00:00Z,0.0,12.0,66.0,27.845758,0.3347168
2016-12-15T00:00:00Z,0.0,12.0,68.0,28.138905,0.2935295
2016-12-15T00:00:00Z,0.0,12.0,70.0,28.449192,0.29600334
2016-12-15T00:00:00Z,0.0,12.0,72.0,28.724335,0.35529327
2016-12-15T00:00:00Z,0.0,12.0,74.0,28.871895,0.41801262
2016-12-15T00:00:00Z,0.0,12.0,76.0,28.930367,0.48058128
2016-12-15T00:00:00Z,0.0,14.0,56.0,27.052055,0.74780464
2016-12-15T00:00:00Z,0.0,14.0,58.0,27.11568,0.715847
2016-12-15T00:00:00Z,0.0,14.0,60.0,27.16764,0.65501595
2016-12-15T00:00:00Z,0.0,14.0,62.0,27.217806,0.57847214
2016-12-15T00:00:00Z,0.0,14.0,64.0,27.325455,0.49295425
2016-12-15T00:00:00Z,0.0,14.0,66.0,27.559296,0.41748238
2016-12-15T00:00:00Z,0.0,14.0,68.0,27.912533,0.37459373
2016-12-15T00:00:00Z,0.0,14.0,70.0,28.28967,0.36323357
2016-12-15T00:00:00Z,0.0,14.0,72.0,28.601526,0.39011002
2016-12-15T00:00:00Z,0.0,14.0,74.0,28.772985,0.4205227
2016-12-15T00:00:00Z,0.0,14.0,76.0,NaN,NaN
2016-12-15T00:00:00Z,0.0,16.0,56.0,26.731262,0.70154
2016-12-15T00:00:00Z,0.0,16.0,58.0,26.780998,0.6742897
2016-12-15T00:00:00Z,0.0,16.0,60.0,26.877552,0.63829994
2016-12-15T00:00:00Z,0.0,16.0,62.0,26.947412,0.5759945
2016-12-15T00:00:00Z,0.0,16.0,64.0,27.02945,0.49205208
2016-12-15T00:00:00Z,0.0,16.0,66.0,27.264982,0.4313774
2016-12-15T00:00:00Z,0.0,16.0,68.0,27.652487,0.398695
2016-12-15T00:00:00Z,0.0,16.0,70.0,28.022367,0.37397003
2016-12-15T00:00:00Z,0.0,16.0,72.0,28.319016,0.38725853
2016-12-15T00:00:00Z,0.0,16.0,74.0,28.546629,0.4116211
2016-12-15T00:00:00Z,0.0,16.0,76.0,NaN,NaN
2016-12-15T00:00:00Z,0.0,18.0,56.0,26.479465,0.627985
2016-12-15T00:00:00Z,0.0,18.0,58.0,26.46813,0.6024704
2016-12-15T00:00:00Z,0.0,18.0,60.0,26.569075,0.57847023
2016-12-15T00:00:00Z,0.0,18.0,62.0,26.66234,0.53313255
2016-12-15T00:00:00Z,0.0,18.0,64.0,26.73777,0.4587078
2016-12-15T00:00:00Z,0.0,18.0,66.0,26.932564,0.3871479
2016-12-15T00:00:00Z,0.0,18.0,68.0,27.255089,0.337986
2016-12-15T00:00:00Z,0.0,18.0,70.0,27.484066,0.28071022
2016-12-15T00:00:00Z,0.0,18.0,72.0,27.62573,0.28347206
2016-12-15T00:00:00Z,0.0,18.0,74.0,NaN,NaN
2016-12-15T00:00:00Z,0.0,18.0,76.0,NaN,NaN
2016-12-15T00:00:00Z,0.0,20.0,56.0,NaN,NaN
2016-12-15T00:00:00Z,0.0,20.0,58.0,26.257578,0.54465103
2016-12-15T00:00:00Z,0.0,20.0,60.0,26.304747,0.5390873
2016-12-15T00:00:00Z,0.0,20.0,62.0,26.41147,0.5173664
2016-12-15T00:00:00Z,0.0,20.0,64.0,26.485153,0.44636345
2016-12-15T00:00:00Z,0.0,20.0,66.0,26.56255,0.33436203
2016-12-15T00:00:00Z,0.0,20.0,68.0,26.65182,0.22031593
2016-12-15T00:00:00Z,0.0,20.0,70.0,26.722284,0.15680313
2016-12-15T00:00:00Z,0.0,20.0,72.0,26.846333,0.13672066
2016-12-15T00:00:00Z,0.0,20.0,74.0,NaN,NaN
2016-12-15T00:00:00Z,0.0,20.0,76.0,NaN,NaN
2016-12-15T00:00:00Z,0.0,22.0,56.0,NaN,NaN
2016-12-15T00:00:00Z,0.0,22.0,58.0,NaN,NaN
2016-12-15T00:00:00Z,0.0,22.0,60.0,26.077232,0.5457611
2016-12-15T00:00:00Z,0.0,22.0,62.0,26.186087,0.53206444
2016-12-15T00:00:00Z,0.0,22.0,64.0,26.227253,0.4502735
2016-12-15T00:00:00Z,0.0,22.0,66.0,26.14639,0.2994938
2016-12-15T00:00:00Z,0.0,22.0,68.0,26.029213,0.15161514
2016-12-15T00:00:00Z,0.0,22.0,70.0,26.069939,0.06033516
2016-12-15T00:00:00Z,0.0,22.0,72.0,NaN,NaN
2016-12-15T00:00:00Z,0.0,22.0,74.0,NaN,NaN
2016-12-15T00:00:00Z,0.0,22.0,76.0,NaN,NaN
2016-12-15T00:00:00Z,0.0,24.0,56.0,NaN,NaN
2016-12-15T00:00:00Z,0.0,24.0,58.0,NaN,NaN
2016-12-15T00:00:00Z,0.0,24.0,60.0,25.871414,0.59710693
2016-12-15T00:00:00Z,0.0,24.0,62.0,25.964947,0.54850197
2016-12-15T00:00:00Z,0.0,24.0,64.0,25.983147,0.47917938
2016-12-15T00:00:00Z,0.0,24.0,66.0,25.807882,0.32409668
2016-12-15T00:00:00Z,0.0,24.0,68.0,25.658714,0.14556694
2016-12-15T00:00:00Z,0.0,24.0,70.0,NaN,NaN
2016-12-15T00:00:00Z,0.0,24.0,72.0,NaN,NaN
2016-12-15T00:00:00Z,0.0,24.0,74.0,NaN,NaN
2016-12-15T00:00:00Z,0.0,24.0,76.0,NaN,NaN
2016-12-15T00:00:00Z,0.0,26.0,56.0,25.69499,0.62024117
2016-12-15T00:00:00Z,0.0,26.0,58.0,25.701626,0.60269356
2016-12-15T00:00:00Z,0.0,26.0,60.0,25.70679,0.5938816
2016-12-15T00:00:00Z,0.0,26.0,62.0,NaN,NaN
2016-12-15T00:00:00Z,0.0,26.0,64.0,25.80077,0.473341
2016-12-15T00:00:00Z,0.0,26.0,66.0,25.636757,0.3407364
2016-12-15T00:00:00Z,0.0,26.0,68.0,NaN,NaN
2016-12-15T00:00:00Z,0.0,26.0,70.0,NaN,NaN
2016-12-15T00:00:00Z,0.0,26.0,72.0,NaN,NaN
2016-12-15T00:00:00Z,0.0,26.0,74.0,NaN,NaN
2016-12-15T00:00:00Z,0.0,26.0,76.0,NaN,NaN
2017-01-15T00:00:00Z,0.0,8.0,56.0,27.273737,0.45057106
2017-01-15T00:00:00Z,0.0,8.0,58.0,27.429216,0.3819275
2017-01-15T00:00:00Z,0.0,8.0,60.0,27.547413,0.28574944
2017-01-15T00:00:00Z,0.0,8.0,62.0,27.677664,0.20274734
2017-01-15T00:00:00Z,0.0,8.0,64.0,27.843699,0.15288734
2017-01-15T00:00:00Z,0.0,8.0,66.0,28.02421,0.13262367
2017-01-15T00:00:00Z,0.0,8.0,68.0,28.180637,0.13132477
2017-01-15T00:00:00Z,0.0,8.0,70.0,28.263996,0.12095451
2017-01-15T00:00:00Z,0.0,8.0,72.0,28.28788,0.12802505
2017-01-15T00:00:00Z,0.0,8.0,74.0,28.30756,0.2036438
2017-01-15T00:00:00Z,0.0,8.0,76.0,28.228073,0.27025414
2017-01-15T00:00:00Z,0.0,10.0,56.0,26.974897,0.57452583
2017-01-15T00:00:00Z,0.0,10.0,58.0,27.067322,0.49917984
2017-01-15T00:00:00Z,0.0,10.0,60.0,27.15514,0.41376877
2017-01-15T00:00:00Z,0.0,10.0,62.0,27.282646,0.34166718
2017-01-15T00:00:00Z,0.0,10.0,64.0,27.47695,0.28492928
2017-01-15T00:00:00Z,0.0,10.0,66.0,27.73206,0.25672722
2017-01-15T00:00:00Z,0.0,10.0,68.0,27.983541,0.24310493
2017-01-15T00:00:00Z,0.0,10.0,70.0,28.189821,0.23502922
2017-01-15T00:00:00Z,0.0,10.0,72.0,28.33583,0.2434349
2017-01-15T00:00:00Z,0.0,10.0,74.0,28.437119,0.30386925
2017-01-15T00:00:00Z,0.0,10.0,76.0,28.43244,0.3549137
2017-01-15T00:00:00Z,0.0,12.0,56.0,26.627647,0.7139187
2017-01-15T00:00:00Z,0.0,12.0,58.0,26.681675,0.6530514
2017-01-15T00:00:00Z,0.0,12.0,60.0,26.746758,0.5866127
2017-01-15T00:00:00Z,0.0,12.0,62.0,26.864313,0.5294819
2017-01-15T00:00:00Z,0.0,12.0,64.0,27.075512,0.47049332
2017-01-15T00:00:00Z,0.0,12.0,66.0,27.384838,0.42186165
2017-01-15T00:00:00Z,0.0,12.0,68.0,27.73508,0.3944378
2017-01-15T00:00:00Z,0.0,12.0,70.0,28.058708,0.37758255
2017-01-15T00:00:00Z,0.0,12.0,72.0,28.303383,0.36667252
2017-01-15T00:00:00Z,0.0,12.0,74.0,28.471004,0.39150238
2017-01-15T00:00:00Z,0.0,12.0,76.0,28.55577,0.4217434
2017-01-15T00:00:00Z,0.0,14.0,56.0,26.259851,0.8042488
2017-01-15T00:00:00Z,0.0,14.0,58.0,26.322706,0.77781105
2017-01-15T00:00:00Z,0.0,14.0,60.0,26.404457,0.7407284
2017-01-15T00:00:00Z,0.0,14.0,62.0,26.505642,0.6913719
2017-01-15T00:00:00Z,0.0,14.0,64.0,26.704264,0.63757706
2017-01-15T00:00:00Z,0.0,14.0,66.0,27.044365,0.5880127
2017-01-15T00:00:00Z,0.0,14.0,68.0,27.47865,0.5547333
2017-01-15T00:00:00Z,0.0,14.0,70.0,27.891455,0.5236225
2017-01-15T00:00:00Z,0.0,14.0,72.0,28.189468,0.4822178
2017-01-15T00:00:00Z,0.0,14.0,74.0,28.37587,0.47153473
2017-01-15T00:00:00Z,0.0,14.0,76.0,NaN,NaN
2017-01-15T00:00:00Z,0.0,16.0,56.0,25.940157,0.85092163
2017-01-15T00:00:00Z,0.0,16.0,58.0,26.001997,0.8554554
2017-01-15T00:00:00Z,0.0,16.0,60.0,26.109043,0.8387947
2017-01-15T00:00:00Z,0.0,16.0,62.0,26.2028,0.79507256
2017-01-15T00:00:00Z,0.0,16.0,64.0,26.349937,0.73075104
2017-01-15T00:00:00Z,0.0,16.0,66.0,26.691362,0.68873787
2017-01-15T00:00:00Z,0.0,16.0,68.0,27.173347,0.65576553
2017-01-15T00:00:00Z,0.0,16.0,70.0,27.594637,0.61201286
2017-01-15T00:00:00Z,0.0,16.0,72.0,27.884254,0.5550194
2017-01-15T00:00:00Z,0.0,16.0,74.0,28.133972,0.53307533
2017-01-15T00:00:00Z,0.0,16.0,76.0,NaN,NaN
2017-01-15T00:00:00Z,0.0,18.0,56.0,25.735285,0.8861923
2017-01-15T00:00:00Z,0.0,18.0,58.0,25.742874,0.9147911
2017-01-15T00:00:00Z,0.0,18.0,60.0,25.840433,0.9183712
2017-01-15T00:00:00Z,0.0,18.0,62.0,25.922466,0.87961197
2017-01-15T00:00:00Z,0.0,18.0,64.0,26.017952,0.79761887
2017-01-15T00:00:00Z,0.0,18.0,66.0,26.287275,0.720026
2017-01-15T00:00:00Z,0.0,18.0,68.0,26.68322,0.6511574
2017-01-15T00:00:00Z,0.0,18.0,70.0,26.938433,0.56926537
2017-01-15T00:00:00Z,0.0,18.0,72.0,27.036976,0.5074291
2017-01-15T00:00:00Z,0.0,18.0,74.0,NaN,NaN
2017-01-15T00:00:00Z,0.0,18.0,76.0,NaN,NaN
2017-01-15T00:00:00Z,0.0,20.0,56.0,NaN,NaN
2017-01-15T00:00:00Z,0.0,20.0,58.0,25.569729,0.967535
2017-01-15T00:00:00Z,0.0,20.0,60.0,25.599203,1.0078907
2017-01-15T00:00:00Z,0.0,20.0,62.0,25.666908,0.9882431
2017-01-15T00:00:00Z,0.0,20.0,64.0,25.715832,0.8797703
2017-01-15T00:00:00Z,0.0,20.0,66.0,25.810556,0.726038
2017-01-15T00:00:00Z,0.0,20.0,68.0,25.911964,0.56469536
2017-01-15T00:00:00Z,0.0,20.0,70.0,25.942963,0.4396305
2017-01-15T00:00:00Z,0.0,20.0,72.0,26.045937,0.36890984
2017-01-15T00:00:00Z,0.0,20.0,74.0,NaN,NaN
2017-01-15T00:00:00Z,0.0,20.0,76.0,NaN,NaN
2017-01-15T00:00:00Z,0.0,22.0,56.0,NaN,NaN
2017-01-15T00:00:00Z,0.0,22.0,58.0,NaN,NaN
2017-01-15T00:00:00Z,0.0,22.0,60.0,25.295137,1.0761776
2017-01-15T00:00:00Z,0.0,22.0,62.0,25.364027,1.054945
2017-01-15T00:00:00Z,0.0,22.0,64.0,25.366322,0.93094635
2017-01-15T00:00:00Z,0.0,22.0,66.0,25.243326,0.7051811
2017-01-15T00:00:00Z,0.0,22.0,68.0,25.064787,0.46751022
2017-01-15T00:00:00Z,0.0,22.0,70.0,25.094893,0.32633018
2017-01-15T00:00:00Z,0.0,22.0,72.0,NaN,NaN
2017-01-15T00:00:00Z,0.0,22.0,74.0,NaN,NaN
2017-01-15T00:00:00Z,0.0,22.0,76.0,NaN,NaN
2017-01-15T00:00:00Z,0.0,24.0,56.0,NaN,NaN
2017-01-15T00:00:00Z,0.0,24.0,58.0,NaN,NaN
2017-01-15T00:00:00Z,0.0,24.0,60.0,24.908283,1.050024
2017-01-15T00:00:00Z,0.0,24.0,62.0,25.02802,1.0345879
2017-01-15T00:00:00Z,0.0,24.0,64.0,24.962894,0.88606644
2017-01-15T00:00:00Z,0.0,24.0,66.0,24.719265,0.6488228
2017-01-15T00:00:00Z,0.0,24.0,68.0,24.546564,0.42071533
2017-01-15T00:00:00Z,0.0,24.0,70.0,NaN,NaN
2017-01-15T00:00:00Z,0.0,24.0,72.0,NaN,NaN
2017-01-15T00:00:00Z,0.0,24.0,74.0,NaN,NaN
2017-01-15T00:00:00Z,0.0,24.0,76.0,NaN,NaN
2017-01-15T00:00:00Z,0.0,26.0,56.0,24.129124,0.9520416
2017-01-15T00:00:00Z,0.0,26.0,58.0,24.474848,0.9456959
2017-01-15T00:00:00Z,0.0,26.0,60.0,24.591938,0.92606544
2017-01-15T00:00:00Z,0.0,26.0,62.0,NaN,NaN
2017-01-15T00:00:00Z,0.0,26.0,64.0,24.648567,0.7703533
2017-01-15T00:00:00Z,0.0,26.0,66.0,24.478104,0.6269283
2017-01-15T00:00:00Z,0.0,26.0,68.0,NaN,NaN
2017-01-15T00:00:00Z,0.0,26.0,70.0,NaN,NaN
2017-01-15T00:00:00Z,0.0,26.0,72.0,NaN,NaN
2017-01-15T00:00:00Z,0.0,26.0,74.0,NaN,NaN
2017-01-15T00:00:00Z,0.0,26.0,76.0,NaN,NaN
2017-02-15T00:00:00Z,0.0,8.0,56.0,27.336277,0.30637932
2017-02-15T00:00:00Z,0.0,8.0,58.0,27.428522,0.22839737
2017-02-15T00:00:00Z,0.0,8.0,60.0,27.506676,0.12238693
2017-02-15T00:00:00Z,0.0,8.0,62.0,27.626406,0.03159523
2017-02-15T00:00:00Z,0.0,8.0,64.0,27.793966,-0.022657394
2017-02-15T00:00:00Z,0.0,8.0,66.0,27.97531,-0.046333313
2017-02-15T00:00:00Z,0.0,8.0,68.0,28.131516,-0.062213898
2017-02-15T00:00:00Z,0.0,8.0,70.0,28.21392,-0.104120255
2017-02-15T00:00:00Z,0.0,8.0,72.0,28.26065,-0.120098114
2017-02-15T00:00:00Z,0.0,8.0,74.0,28.34048,-0.043916702
2017-02-15T00:00:00Z,0.0,8.0,76.0,28.332851,0.04153633
2017-02-15T00:00:00Z,0.0,10.0,56.0,26.89554,0.3512287
2017-02-15T00:00:00Z,0.0,10.0,58.0,26.952236,0.28458977
2017-02-15T00:00:00Z,0.0,10.0,60.0,27.027052,0.210886
2017-02-15T00:00:00Z,0.0,10.0,62.0,27.159105,0.1338768
2017-02-15T00:00:00Z,0.0,10.0,64.0,27.36585,0.064144135
2017-02-15T00:00:00Z,0.0,10.0,66.0,27.617996,0.01914215
2017-02-15T00:00:00Z,0.0,10.0,68.0,27.85392,-0.016183853
2017-02-15T00:00:00Z,0.0,10.0,70.0,28.037731,-0.05964279
2017-02-15T00:00:00Z,0.0,10.0,72.0,28.182678,-0.082258224
2017-02-15T00:00:00Z,0.0,10.0,74.0,28.338173,-0.023891449
2017-02-15T00:00:00Z,0.0,10.0,76.0,28.41051,0.044776917
2017-02-15T00:00:00Z,0.0,12.0,56.0,26.441465,0.40571785
2017-02-15T00:00:00Z,0.0,12.0,58.0,26.493896,0.37620926
2017-02-15T00:00:00Z,0.0,12.0,60.0,26.57046,0.34518814
2017-02-15T00:00:00Z,0.0,12.0,62.0,26.702263,0.2926178
2017-02-15T00:00:00Z,0.0,12.0,64.0,26.919981,0.20666885
2017-02-15T00:00:00Z,0.0,12.0,66.0,27.21083,0.12249756
2017-02-15T00:00:00Z,0.0,12.0,68.0,27.515781,0.059928894
2017-02-15T00:00:00Z,0.0,12.0,70.0,27.79051,0.008928299
2017-02-15T00:00:00Z,0.0,12.0,72.0,28.016878,-0.03032875
2017-02-15T00:00:00Z,0.0,12.0,74.0,28.22312,-0.015886307
2017-02-15T00:00:00Z,0.0,12.0,76.0,28.378191,0.023765564
2017-02-15T00:00:00Z,0.0,14.0,56.0,25.973372,0.39837074
2017-02-15T00:00:00Z,0.0,14.0,58.0,26.049679,0.41638756
2017-02-15T00:00:00Z,0.0,14.0,60.0,26.155392,0.43549538
2017-02-15T00:00:00Z,0.0,14.0,62.0,26.277863,0.41152954
2017-02-15T00:00:00Z,0.0,14.0,64.0,26.476576,0.32949257
2017-02-15T00:00:00Z,0.0,14.0,66.0,26.78786,0.23156929
2017-02-15T00:00:00Z,0.0,14.0,68.0,27.168268,0.16153908
2017-02-15T00:00:00Z,0.0,14.0,70.0,27.528109,0.110235214
2017-02-15T00:00:00Z,0.0,14.0,72.0,27.804506,0.05146408
2017-02-15T00:00:00Z,0.0,14.0,74.0,28.010214,0.027166367
2017-02-15T00:00:00Z,0.0,14.0,76.0,NaN,NaN
2017-02-15T00:00:00Z,0.0,16.0,56.0,25.528158,0.33703804
2017-02-15T00:00:00Z,0.0,16.0,58.0,25.593895,0.38085365
2017-02-15T00:00:00Z,0.0,16.0,60.0,25.744839,0.4418373
2017-02-15T00:00:00Z,0.0,16.0,62.0,25.870195,0.44402695
2017-02-15T00:00:00Z,0.0,16.0,64.0,26.013819,0.36034012
2017-02-15T00:00:00Z,0.0,16.0,66.0,26.323431,0.2702427
2017-02-15T00:00:00Z,0.0,16.0,68.0,26.761644,0.21212196
2017-02-15T00:00:00Z,0.0,16.0,70.0,27.13591,0.16380692
2017-02-15T00:00:00Z,0.0,16.0,72.0,27.408451,0.10433388
2017-02-15T00:00:00Z,0.0,16.0,74.0,27.681343,0.076963425
2017-02-15T00:00:00Z,0.0,16.0,76.0,NaN,NaN
2017-02-15T00:00:00Z,0.0,18.0,56.0,25.199099,0.29857063
2017-02-15T00:00:00Z,0.0,18.0,58.0,25.199041,0.3605957
2017-02-15T00:00:00Z,0.0,18.0,60.0,25.344826,0.43801117
2017-02-15T00:00:00Z,0.0,18.0,62.0,25.466087,0.45202446
2017-02-15T00:00:00Z,0.0,18.0,64.0,25.552998,0.35655975
2017-02-15T00:00:00Z,0.0,18.0,66.0,25.790054,0.23651314
2017-02-15T00:00:00Z,0.0,18.0,68.0,26.142694,0.14131927
2017-02-15T00:00:00Z,0.0,18.0,70.0,26.344557,0.05391121
2017-02-15T00:00:00Z,0.0,18.0,72.0,26.409172,-0.0074043274
2017-02-15T00:00:00Z,0.0,18.0,74.0,NaN,NaN
2017-02-15T00:00:00Z,0.0,18.0,76.0,NaN,NaN
2017-02-15T00:00:00Z,0.0,20.0,56.0,NaN,NaN
2017-02-15T00:00:00Z,0.0,20.0,58.0,24.941545,0.39364815
2017-02-15T00:00:00Z,0.0,20.0,60.0,24.98863,0.48869133
2017-02-15T00:00:00Z,0.0,20.0,62.0,25.070414,0.5069542
2017-02-15T00:00:00Z,0.0,20.0,64.0,25.099981,0.3841896
2017-02-15T00:00:00Z,0.0,20.0,66.0,25.155083,0.1775608
2017-02-15T00:00:00Z,0.0,20.0,68.0,25.215176,-0.027656555
2017-02-15T00:00:00Z,0.0,20.0,70.0,25.200819,-0.16855049
2017-02-15T00:00:00Z,0.0,20.0,72.0,25.271826,-0.24047089
2017-02-15T00:00:00Z,0.0,20.0,74.0,NaN,NaN
2017-02-15T00:00:00Z,0.0,20.0,76.0,NaN,NaN
2017-02-15T00:00:00Z,0.0,22.0,56.0,NaN,NaN
2017-02-15T00:00:00Z,0.0,22.0,58.0,NaN,NaN
2017-02-15T00:00:00Z,0.0,22.0,60.0,24.552633,0.54315376
2017-02-15T00:00:00Z,0.0,22.0,62.0,24.606478,0.5411854
2017-02-15T00:00:00Z,0.0,22.0,64.0,24.580494,0.40170288
2017-02-15T00:00:00Z,0.0,22.0,66.0,24.426697,0.116781235
2017-02-15T00:00:00Z,0.0,22.0,68.0,24.228916,-0.18096542
2017-02-15T00:00:00Z,0.0,22.0,70.0,24.242947,-0.35544205
2017-02-15T00:00:00Z,0.0,22.0,72.0,NaN,NaN
2017-02-15T00:00:00Z,0.0,22.0,74.0,NaN,NaN
2017-02-15T00:00:00Z,0.0,22.0,76.0,NaN,NaN
2017-02-15T00:00:00Z,0.0,24.0,56.0,NaN,NaN
2017-02-15T00:00:00Z,0.0,24.0,58.0,NaN,NaN
2017-02-15T00:00:00Z,0.0,24.0,60.0,24.00359,0.4810276
2017-02-15T00:00:00Z,0.0,24.0,62.0,24.126156,0.49599648
2017-02-15T00:00:00Z,0.0,24.0,64.0,24.03427,0.3436985
2017-02-15T00:00:00Z,0.0,24.0,66.0,23.777466,0.05378723
2017-02-15T00:00:00Z,0.0,24.0,68.0,23.611122,-0.24054146
2017-02-15T00:00:00Z,0.0,24.0,70.0,NaN,NaN
2017-02-15T00:00:00Z,0.0,24.0,72.0,NaN,NaN
2017-02-15T00:00:00Z,0.0,24.0,74.0,NaN,NaN
2017-02-15T00:00:00Z,0.0,24.0,76.0,NaN,NaN
2017-02-15T00:00:00Z,0.0,26.0,56.0,22.659225,0.2147255
2017-02-15T00:00:00Z,0.0,26.0,58.0,23.328129,0.3035736
2017-02-15T00:00:00Z,0.0,26.0,60.0,23.595606,0.3331623
2017-02-15T00:00:00Z,0.0,26.0,62.0,NaN,NaN
2017-02-15T00:00:00Z,0.0,26.0,64.0,23.651045,0.22733879
2017-02-15T00:00:00Z,0.0,26.0,66.0,23.46829,0.044326782
2017-02-15T00:00:00Z,0.0,26.0,68.0,NaN,NaN
2017-02-15T00:00:00Z,0.0,26.0,70.0,NaN,NaN
2017-02-15T00:00:00Z,0.0,26.0,72.0,NaN,NaN
2017-02-15T00:00:00Z,0.0,26.0,74.0,NaN,NaN
2017-02-15T00:00:00Z,0.0,26.0,76.0,NaN,NaN
2017-03-15T00:00:00Z,0.0,8.0,56.0,28.216583,0.2203331
2017-03-15T00:00:00Z,0.0,8.0,58.0,28.340006,0.23636055
2017-03-15T00:00:00Z,0.0,8.0,60.0,28.477499,0.23481178
2017-03-15T00:00:00Z,0.0,8.0,62.0,28.639956,0.22735214
2017-03-15T00:00:00Z,0.0,8.0,64.0,28.81564,0.22655869
2017-03-15T00:00:00Z,0.0,8.0,66.0,28.991016,0.23355865
2017-03-15T00:00:00Z,0.0,8.0,68.0,29.155676,0.24225998
2017-03-15T00:00:00Z,0.0,8.0,70.0,29.272635,0.23430252
2017-03-15T00:00:00Z,0.0,8.0,72.0,29.365028,0.24394608
2017-03-15T00:00:00Z,0.0,8.0,74.0,29.496075,0.32705307
2017-03-15T00:00:00Z,0.0,8.0,76.0,29.54118,0.40480423
2017-03-15T00:00:00Z,0.0,10.0,56.0,27.798405,0.21792412
2017-03-15T00:00:00Z,0.0,10.0,58.0,27.875885,0.22873878
2017-03-15T00:00:00Z,0.0,10.0,60.0,27.985395,0.22754288
2017-03-15T00:00:00Z,0.0,10.0,62.0,28.147974,0.21228981
2017-03-15T00:00:00Z,0.0,10.0,64.0,28.365896,0.19973183
2017-03-15T00:00:00Z,0.0,10.0,66.0,28.605263,0.2016182
2017-03-15T00:00:00Z,0.0,10.0,68.0,28.8286,0.2075386
2017-03-15T00:00:00Z,0.0,10.0,70.0,29.030085,0.21519089
2017-03-15T00:00:00Z,0.0,10.0,72.0,29.228462,0.24700546
2017-03-15T00:00:00Z,0.0,10.0,74.0,29.46584,0.34694672
2017-03-15T00:00:00Z,0.0,10.0,76.0,29.613602,0.4321022
2017-03-15T00:00:00Z,0.0,12.0,56.0,27.426022,0.2544365
2017-03-15T00:00:00Z,0.0,12.0,58.0,27.485716,0.27255058
2017-03-15T00:00:00Z,0.0,12.0,60.0,27.561087,0.27456856
2017-03-15T00:00:00Z,0.0,12.0,62.0,27.708296,0.26690102
2017-03-15T00:00:00Z,0.0,12.0,64.0,27.942677,0.24890709
2017-03-15T00:00:00Z,0.0,12.0,66.0,28.211487,0.23173904
2017-03-15T00:00:00Z,0.0,12.0,68.0,28.472052,0.23047066
2017-03-15T00:00:00Z,0.0,12.0,70.0,28.727404,0.24207115
2017-03-15T00:00:00Z,0.0,12.0,72.0,28.99773,0.27335548
2017-03-15T00:00:00Z,0.0,12.0,74.0,29.300991,0.35209084
2017-03-15T00:00:00Z,0.0,12.0,76.0,29.543068,0.4276142
2017-03-15T00:00:00Z,0.0,14.0,56.0,27.071367,0.30069923
2017-03-15T00:00:00Z,0.0,14.0,58.0,27.144855,0.33758545
2017-03-15T00:00:00Z,0.0,14.0,60.0,27.225399,0.3579178
2017-03-15T00:00:00Z,0.0,14.0,62.0,27.34473,0.35629082
2017-03-15T00:00:00Z,0.0,14.0,64.0,27.561049,0.3421116
2017-03-15T00:00:00Z,0.0,14.0,66.0,27.842468,0.32075882
2017-03-15T00:00:00Z,0.0,14.0,68.0,28.137207,0.3129158
2017-03-15T00:00:00Z,0.0,14.0,70.0,28.42402,0.3162079
2017-03-15T00:00:00Z,0.0,14.0,72.0,28.714756,0.326149
2017-03-15T00:00:00Z,0.0,14.0,74.0,28.993105,0.36257553
2017-03-15T00:00:00Z,0.0,14.0,76.0,NaN,NaN
2017-03-15T00:00:00Z,0.0,16.0,56.0,26.72879,0.35796928
2017-03-15T00:00:00Z,0.0,16.0,58.0,26.796186,0.41587257
2017-03-15T00:00:00Z,0.0,16.0,60.0,26.916515,0.4544716
2017-03-15T00:00:00Z,0.0,16.0,62.0,27.03667,0.45898247
2017-03-15T00:00:00Z,0.0,16.0,64.0,27.195646,0.42745972
2017-03-15T00:00:00Z,0.0,16.0,66.0,27.460567,0.40296364
2017-03-15T00:00:00Z,0.0,16.0,68.0,27.772726,0.39160156
2017-03-15T00:00:00Z,0.0,16.0,70.0,28.037998,0.38814545
2017-03-15T00:00:00Z,0.0,16.0,72.0,28.289654,0.37817383
2017-03-15T00:00:00Z,0.0,16.0,74.0,28.593588,0.38597488
2017-03-15T00:00:00Z,0.0,16.0,76.0,NaN,NaN
2017-03-15T00:00:00Z,0.0,18.0,56.0,26.45631,0.4378929
2017-03-15T00:00:00Z,0.0,18.0,58.0,26.449797,0.5157623
2017-03-15T00:00:00Z,0.0,18.0,60.0,26.585745,0.5704117
2017-03-15T00:00:00Z,0.0,18.0,62.0,26.722391,0.5766411
2017-03-15T00:00:00Z,0.0,18.0,64.0,26.838146,0.5231476
2017-03-15T00:00:00Z,0.0,18.0,66.0,27.038296,0.46469307
2017-03-15T00:00:00Z,0.0,18.0,68.0,27.284166,0.43058586
2017-03-15T00:00:00Z,0.0,18.0,70.0,27.407003,0.40829659
2017-03-15T00:00:00Z,0.0,18.0,72.0,27.450521,0.38654137
2017-03-15T00:00:00Z,0.0,18.0,74.0,NaN,NaN
2017-03-15T00:00:00Z,0.0,18.0,76.0,NaN,NaN
2017-03-15T00:00:00Z,0.0,20.0,56.0,NaN,NaN
2017-03-15T00:00:00Z,0.0,20.0,58.0,26.214754,0.6352272
2017-03-15T00:00:00Z,0.0,20.0,60.0,26.24504,0.70513725
2017-03-15T00:00:00Z,0.0,20.0,62.0,26.352404,0.712965
2017-03-15T00:00:00Z,0.0,20.0,64.0,26.441364,0.6416588
2017-03-15T00:00:00Z,0.0,20.0,66.0,26.54202,0.53816795
2017-03-15T00:00:00Z,0.0,20.0,68.0,26.619497,0.4529152
2017-03-15T00:00:00Z,0.0,20.0,70.0,26.600264,0.40091133
2017-03-15T00:00:00Z,0.0,20.0,72.0,26.627953,0.3582306
2017-03-15T00:00:00Z,0.0,20.0,74.0,NaN,NaN
2017-03-15T00:00:00Z,0.0,20.0,76.0,NaN,NaN
2017-03-15T00:00:00Z,0.0,22.0,56.0,NaN,NaN
2017-03-15T00:00:00Z,0.0,22.0,58.0,NaN,NaN
2017-03-15T00:00:00Z,0.0,22.0,60.0,25.823687,0.8335953
2017-03-15T00:00:00Z,0.0,22.0,62.0,25.894947,0.82792664
2017-03-15T00:00:00Z,0.0,22.0,64.0,25.939798,0.7445698
2017-03-15T00:00:00Z,0.0,22.0,66.0,25.94131,0.6140442
2017-03-15T00:00:00Z,0.0,22.0,68.0,25.904476,0.4825325
2017-03-15T00:00:00Z,0.0,22.0,70.0,25.965792,0.40086555
2017-03-15T00:00:00Z,0.0,22.0,72.0,NaN,NaN
2017-03-15T00:00:00Z,0.0,22.0,74.0,NaN,NaN
2017-03-15T00:00:00Z,0.0,22.0,76.0,NaN,NaN
2017-03-15T00:00:00Z,0.0,24.0,56.0,NaN,NaN
2017-03-15T00:00:00Z,0.0,24.0,58.0,NaN,NaN
2017-03-15T00:00:00Z,0.0,24.0,60.0,25.324062,0.8803997
2017-03-15T00:00:00Z,0.0,24.0,62.0,25.42766,0.86130524
2017-03-15T00:00:00Z,0.0,24.0,64.0,25.407644,0.7720547
2017-03-15T00:00:00Z,0.0,24.0,66.0,25.345528,0.6396351
2017-03-15T00:00:00Z,0.0,24.0,68.0,25.3891,0.50806236
2017-03-15T00:00:00Z,0.0,24.0,70.0,NaN,NaN
2017-03-15T00:00:00Z,0.0,24.0,72.0,NaN,NaN
2017-03-15T00:00:00Z,0.0,24.0,74.0,NaN,NaN
2017-03-15T00:00:00Z,0.0,24.0,76.0,NaN,NaN
2017-03-15T00:00:00Z,0.0,26.0,56.0,23.889446,0.85569763
2017-03-15T00:00:00Z,0.0,26.0,58.0,24.642555,0.8626785
2017-03-15T00:00:00Z,0.0,26.0,60.0,24.962286,0.82971
2017-03-15T00:00:00Z,0.0,26.0,62.0,NaN,NaN
2017-03-15T00:00:00Z,0.0,26.0,64.0,25.054031,0.722662
2017-03-15T00:00:00Z,0.0,26.0,66.0,25.011143,0.6499214
2017-03-15T00:00:00Z,0.0,26.0,68.0,NaN,NaN
2017-03-15T00:00:00Z,0.0,26.0,70.0,NaN,NaN
2017-03-15T00:00:00Z,0.0,26.0,72.0,NaN,NaN
2017-03-15T00:00:00Z,0.0,26.0,74.0,NaN,NaN
2017-03-15T00:00:00Z,0.0,26.0,76.0,NaN,NaN
2017-04-15T00:00:00Z,0.0,8.0,56.0,29.579258,0.20982361
2017-04-15T00:00:00Z,0.0,8.0,58.0,29.667654,0.23734283
2017-04-15T00:00:00Z,0.0,8.0,60.0,29.714859,0.22294235
2017-04-15T00:00:00Z,0.0,8.0,62.0,29.756079,0.18970299
2017-04-15T00:00:00Z,0.0,8.0,64.0,29.820805,0.16828537
2017-04-15T00:00:00Z,0.0,8.0,66.0,29.918604,0.16952324
2017-04-15T00:00:00Z,0.0,8.0,68.0,30.035744,0.1908493
2017-04-15T00:00:00Z,0.0,8.0,70.0,30.12505,0.20636368
2017-04-15T00:00:00Z,0.0,8.0,72.0,30.19801,0.23725891
2017-04-15T00:00:00Z,0.0,8.0,74.0,30.304146,0.33408356
2017-04-15T00:00:00Z,0.0,8.0,76.0,30.331362,0.42448044
2017-04-15T00:00:00Z,0.0,10.0,56.0,29.378275,0.24254608
2017-04-15T00:00:00Z,0.0,10.0,58.0,29.45313,0.27915192
2017-04-15T00:00:00Z,0.0,10.0,60.0,29.480572,0.25977898
2017-04-15T00:00:00Z,0.0,10.0,62.0,29.509932,0.21045113
2017-04-15T00:00:00Z,0.0,10.0,64.0,29.576782,0.16884613
2017-04-15T00:00:00Z,0.0,10.0,66.0,29.688097,0.15788841
2017-04-15T00:00:00Z,0.0,10.0,68.0,29.821,0.16839409
2017-04-15T00:00:00Z,0.0,10.0,70.0,29.968317,0.19758797
2017-04-15T00:00:00Z,0.0,10.0,72.0,30.129135,0.25296974
2017-04-15T00:00:00Z,0.0,10.0,74.0,30.33342,0.37171173
2017-04-15T00:00:00Z,0.0,10.0,76.0,30.463158,0.47263145
2017-04-15T00:00:00Z,0.0,12.0,56.0,29.22886,0.32056808
2017-04-15T00:00:00Z,0.0,12.0,58.0,29.282715,0.35704803
2017-04-15T00:00:00Z,0.0,12.0,60.0,29.277163,0.33045387
2017-04-15T00:00:00Z,0.0,12.0,62.0,29.290577,0.2815361
2017-04-15T00:00:00Z,0.0,12.0,64.0,29.350767,0.23106003
2017-04-15T00:00:00Z,0.0,12.0,66.0,29.445555,0.19813919
2017-04-15T00:00:00Z,0.0,12.0,68.0,29.568338,0.19790077
2017-04-15T00:00:00Z,0.0,12.0,70.0,29.73539,0.22805595
2017-04-15T00:00:00Z,0.0,12.0,72.0,29.958948,0.29226112
2017-04-15T00:00:00Z,0.0,12.0,74.0,30.23163,0.3984642
2017-04-15T00:00:00Z,0.0,12.0,76.0,30.454336,0.49194717
2017-04-15T00:00:00Z,0.0,14.0,56.0,29.021774,0.393816
2017-04-15T00:00:00Z,0.0,14.0,58.0,29.072872,0.435997
2017-04-15T00:00:00Z,0.0,14.0,60.0,29.080887,0.4264717
2017-04-15T00:00:00Z,0.0,14.0,62.0,29.082806,0.37922287
2017-04-15T00:00:00Z,0.0,14.0,64.0,29.132996,0.33128738
2017-04-15T00:00:00Z,0.0,14.0,66.0,29.217865,0.2930336
2017-04-15T00:00:00Z,0.0,14.0,68.0,29.3342,0.2848873
2017-04-15T00:00:00Z,0.0,14.0,70.0,29.502884,0.3091755
2017-04-15T00:00:00Z,0.0,14.0,72.0,29.731804,0.35424042
2017-04-15T00:00:00Z,0.0,14.0,74.0,29.983335,0.42329216
2017-04-15T00:00:00Z,0.0,14.0,76.0,NaN,NaN
2017-04-15T00:00:00Z,0.0,16.0,56.0,28.68799,0.45077515
2017-04-15T00:00:00Z,0.0,16.0,58.0,28.722824,0.5036354
2017-04-15T00:00:00Z,0.0,16.0,60.0,28.791298,0.5160694
2017-04-15T00:00:00Z,0.0,16.0,62.0,28.835064,0.4848976
2017-04-15T00:00:00Z,0.0,16.0,64.0,28.865488,0.4258442
2017-04-15T00:00:00Z,0.0,16.0,66.0,28.940231,0.3859825
2017-04-15T00:00:00Z,0.0,16.0,68.0,29.055382,0.37340355
2017-04-15T00:00:00Z,0.0,16.0,70.0,29.19475,0.38991356
2017-04-15T00:00:00Z,0.0,16.0,72.0,29.388393,0.4134674
2017-04-15T00:00:00Z,0.0,16.0,74.0,29.656096,0.45161247
2017-04-15T00:00:00Z,0.0,16.0,76.0,NaN,NaN
2017-04-15T00:00:00Z,0.0,18.0,56.0,28.333427,0.5052128
2017-04-15T00:00:00Z,0.0,18.0,58.0,28.28216,0.56733894
2017-04-15T00:00:00Z,0.0,18.0,60.0,28.399845,0.6020546
2017-04-15T00:00:00Z,0.0,18.0,62.0,28.51548,0.5909405
2017-04-15T00:00:00Z,0.0,18.0,64.0,28.556854,0.52868843
2017-04-15T00:00:00Z,0.0,18.0,66.0,28.59828,0.46465492
2017-04-15T00:00:00Z,0.0,18.0,68.0,28.662256,0.43173409
2017-04-15T00:00:00Z,0.0,18.0,70.0,28.694374,0.43091393
2017-04-15T00:00:00Z,0.0,18.0,72.0,28.730314,0.4377041
2017-04-15T00:00:00Z,0.0,18.0,74.0,NaN,NaN
2017-04-15T00:00:00Z,0.0,18.0,76.0,NaN,NaN
2017-04-15T00:00:00Z,0.0,20.0,56.0,NaN,NaN
2017-04-15T00:00:00Z,0.0,20.0,58.0,27.99474,0.6494045
2017-04-15T00:00:00Z,0.0,20.0,60.0,28.046957,0.70742226
2017-04-15T00:00:00Z,0.0,20.0,62.0,28.175158,0.71653366
2017-04-15T00:00:00Z,0.0,20.0,64.0,28.234737,0.66396713
2017-04-15T00:00:00Z,0.0,20.0,66.0,28.225273,0.5722923
2017-04-15T00:00:00Z,0.0,20.0,68.0,28.178053,0.49886322
2017-04-15T00:00:00Z,0.0,20.0,70.0,28.1075,0.4661312
2017-04-15T00:00:00Z,0.0,20.0,72.0,28.117607,0.4410038
2017-04-15T00:00:00Z,0.0,20.0,74.0,NaN,NaN
2017-04-15T00:00:00Z,0.0,20.0,76.0,NaN,NaN
2017-04-15T00:00:00Z,0.0,22.0,56.0,NaN,NaN
2017-04-15T00:00:00Z,0.0,22.0,58.0,NaN,NaN
2017-04-15T00:00:00Z,0.0,22.0,60.0,27.772747,0.83337975
2017-04-15T00:00:00Z,0.0,22.0,62.0,27.851397,0.84983253
2017-04-15T00:00:00Z,0.0,22.0,64.0,27.868626,0.80283356
2017-04-15T00:00:00Z,0.0,22.0,66.0,27.808933,0.7057266
2017-04-15T00:00:00Z,0.0,22.0,68.0,27.705,0.59270096
2017-04-15T00:00:00Z,0.0,22.0,70.0,27.697855,0.5175476
2017-04-15T00:00:00Z,0.0,22.0,72.0,NaN,NaN
2017-04-15T00:00:00Z,0.0,22.0,74.0,NaN,NaN
2017-04-15T00:00:00Z,0.0,22.0,76.0,NaN,NaN
2017-04-15T00:00:00Z,0.0,24.0,56.0,NaN,NaN
2017-04-15T00:00:00Z,0.0,24.0,58.0,NaN,NaN
2017-04-15T00:00:00Z,0.0,24.0,60.0,27.478315,0.8941364
2017-04-15T00:00:00Z,0.0,24.0,62.0,27.533274,0.91210747
2017-04-15T00:00:00Z,0.0,24.0,64.0,27.470823,0.8826294
2017-04-15T00:00:00Z,0.0,24.0,66.0,27.373817,0.7894707
2017-04-15T00:00:00Z,0.0,24.0,68.0,27.368147,0.6735363
2017-04-15T00:00:00Z,0.0,24.0,70.0,NaN,NaN
2017-04-15T00:00:00Z,0.0,24.0,72.0,NaN,NaN
2017-04-15T00:00:00Z,0.0,24.0,74.0,NaN,NaN
2017-04-15T00:00:00Z,0.0,24.0,76.0,NaN,NaN
2017-04-15T00:00:00Z,0.0,26.0,56.0,26.002834,0.70425034
2017-04-15T00:00:00Z,0.0,26.0,58.0,26.853369,0.81461906
2017-04-15T00:00:00Z,0.0,26.0,60.0,27.20482,0.8338585
2017-04-15T00:00:00Z,0.0,26.0,62.0,NaN,NaN
2017-04-15T00:00:00Z,0.0,26.0,64.0,27.168438,0.870821
2017-04-15T00:00:00Z,0.0,26.0,66.0,27.113033,0.8280449
2017-04-15T00:00:00Z,0.0,26.0,68.0,NaN,NaN
2017-04-15T00:00:00Z,0.0,26.0,70.0,NaN,NaN
2017-04-15T00:00:00Z,0.0,26.0,72.0,NaN,NaN
2017-04-15T00:00:00Z,0.0,26.0,74.0,NaN,NaN
2017-04-15T00:00:00Z,0.0,26.0,76.0,NaN,NaN
2017-05-15T00:00:00Z,0.0,8.0,56.0,30.006866,0.39349365
2017-05-15T00:00:00Z,0.0,8.0,58.0,30.263397,0.46825218
2017-05-15T00:00:00Z,0.0,8.0,60.0,30.398153,0.5064678
2017-05-15T00:00:00Z,0.0,8.0,62.0,30.44895,0.51247215
2017-05-15T00:00:00Z,0.0,8.0,64.0,30.46951,0.5098419
2017-05-15T00:00:00Z,0.0,8.0,66.0,30.487532,0.5103016
2017-05-15T00:00:00Z,0.0,8.0,68.0,30.498724,0.5076618
2017-05-15T00:00:00Z,0.0,8.0,70.0,30.471865,0.4772625
2017-05-15T00:00:00Z,0.0,8.0,72.0,30.415144,0.44431114
2017-05-15T00:00:00Z,0.0,8.0,74.0,30.35607,0.47223473
2017-05-15T00:00:00Z,0.0,8.0,76.0,30.205185,0.5048008
2017-05-15T00:00:00Z,0.0,10.0,56.0,29.947763,0.39715767
2017-05-15T00:00:00Z,0.0,10.0,58.0,30.20638,0.48363113
2017-05-15T00:00:00Z,0.0,10.0,60.0,30.326939,0.52127266
2017-05-15T00:00:00Z,0.0,10.0,62.0,30.371653,0.5185089
2017-05-15T00:00:00Z,0.0,10.0,64.0,30.401503,0.51125526
2017-05-15T00:00:00Z,0.0,10.0,66.0,30.434515,0.5137234
2017-05-15T00:00:00Z,0.0,10.0,68.0,30.458378,0.50800323
2017-05-15T00:00:00Z,0.0,10.0,70.0,30.476948,0.49334526
2017-05-15T00:00:00Z,0.0,10.0,72.0,30.480389,0.48228645
2017-05-15T00:00:00Z,0.0,10.0,74.0,30.486555,0.52724266
2017-05-15T00:00:00Z,0.0,10.0,76.0,30.428663,0.5660496
2017-05-15T00:00:00Z,0.0,12.0,56.0,30.063395,0.45910263
2017-05-15T00:00:00Z,0.0,12.0,58.0,30.217878,0.5317955
2017-05-15T00:00:00Z,0.0,12.0,60.0,30.277372,0.5571232
2017-05-15T00:00:00Z,0.0,12.0,62.0,30.315502,0.5560036
2017-05-15T00:00:00Z,0.0,12.0,64.0,30.356028,0.547966
2017-05-15T00:00:00Z,0.0,12.0,66.0,30.386007,0.5386963
2017-05-15T00:00:00Z,0.0,12.0,68.0,30.41579,0.53652
2017-05-15T00:00:00Z,0.0,12.0,70.0,30.457659,0.5344715
2017-05-15T00:00:00Z,0.0,12.0,72.0,30.510275,0.5406933
2017-05-15T00:00:00Z,0.0,12.0,74.0,30.568752,0.5791912
2017-05-15T00:00:00Z,0.0,12.0,76.0,30.589737,0.6123791
2017-05-15T00:00:00Z,0.0,14.0,56.0,30.158455,0.5398712
2017-05-15T00:00:00Z,0.0,14.0,58.0,30.189041,0.59072876
2017-05-15T00:00:00Z,0.0,14.0,60.0,30.218119,0.613287
2017-05-15T00:00:00Z,0.0,14.0,62.0,30.267488,0.61286354
2017-05-15T00:00:00Z,0.0,14.0,64.0,30.333595,0.6148262
2017-05-15T00:00:00Z,0.0,14.0,66.0,30.373234,0.61081886
2017-05-15T00:00:00Z,0.0,14.0,68.0,30.399702,0.6108265
2017-05-15T00:00:00Z,0.0,14.0,70.0,30.440325,0.6123028
2017-05-15T00:00:00Z,0.0,14.0,72.0,30.50109,0.6119633
2017-05-15T00:00:00Z,0.0,14.0,74.0,30.576036,0.63212204
2017-05-15T00:00:00Z,0.0,14.0,76.0,NaN,NaN
2017-05-15T00:00:00Z,0.0,16.0,56.0,29.987425,0.61159706
2017-05-15T00:00:00Z,0.0,16.0,58.0,29.957447,0.65328026
2017-05-15T00:00:00Z,0.0,16.0,60.0,30.03962,0.6748066
2017-05-15T00:00:00Z,0.0,16.0,62.0,30.16602,0.68449974
2017-05-15T00:00:00Z,0.0,16.0,64.0,30.267117,0.69111633
2017-05-15T00:00:00Z,0.0,16.0,66.0,30.322962,0.69908524
2017-05-15T00:00:00Z,0.0,16.0,68.0,30.345575,0.7012615
2017-05-15T00:00:00Z,0.0,16.0,70.0,30.362589,0.6979828
2017-05-15T00:00:00Z,0.0,16.0,72.0,30.40736,0.6811981
2017-05-15T00:00:00Z,0.0,16.0,74.0,30.504261,0.67952156
2017-05-15T00:00:00Z,0.0,16.0,76.0,NaN,NaN
2017-05-15T00:00:00Z,0.0,18.0,56.0,29.646557,0.6741123
2017-05-15T00:00:00Z,0.0,18.0,58.0,29.56539,0.7241955
2017-05-15T00:00:00Z,0.0,18.0,60.0,29.732025,0.753109
2017-05-15T00:00:00Z,0.0,18.0,62.0,29.969486,0.7759018
2017-05-15T00:00:00Z,0.0,18.0,64.0,30.127657,0.7877636
2017-05-15T00:00:00Z,0.0,18.0,66.0,30.200096,0.79582596
2017-05-15T00:00:00Z,0.0,18.0,68.0,30.200195,0.78977585
2017-05-15T00:00:00Z,0.0,18.0,70.0,30.154896,0.77422714
2017-05-15T00:00:00Z,0.0,18.0,72.0,30.12111,0.7457619
2017-05-15T00:00:00Z,0.0,18.0,74.0,NaN,NaN
2017-05-15T00:00:00Z,0.0,18.0,76.0,NaN,NaN
2017-05-15T00:00:00Z,0.0,20.0,56.0,NaN,NaN
2017-05-15T00:00:00Z,0.0,20.0,58.0,29.370632,0.81189346
2017-05-15T00:00:00Z,0.0,20.0,60.0,29.538685,0.8652191
2017-05-15T00:00:00Z,0.0,20.0,62.0,29.798252,0.90185547
2017-05-15T00:00:00Z,0.0,20.0,64.0,29.970161,0.9182663
2017-05-15T00:00:00Z,0.0,20.0,66.0,30.027489,0.9119034
2017-05-15T00:00:00Z,0.0,20.0,68.0,29.974813,0.8877907
2017-05-15T00:00:00Z,0.0,20.0,70.0,29.873686,0.8524742
2017-05-15T00:00:00Z,0.0,20.0,72.0,29.830647,0.8000889
2017-05-15T00:00:00Z,0.0,20.0,74.0,NaN,NaN
2017-05-15T00:00:00Z,0.0,20.0,76.0,NaN,NaN
2017-05-15T00:00:00Z,0.0,22.0,56.0,NaN,NaN
2017-05-15T00:00:00Z,0.0,22.0,58.0,NaN,NaN
2017-05-15T00:00:00Z,0.0,22.0,60.0,29.710928,1.0103168
2017-05-15T00:00:00Z,0.0,22.0,62.0,29.802134,1.0380688
2017-05-15T00:00:00Z,0.0,22.0,64.0,29.835205,1.0405388
2017-05-15T00:00:00Z,0.0,22.0,66.0,29.81238,1.0230045
2017-05-15T00:00:00Z,0.0,22.0,68.0,29.720097,0.9747524
2017-05-15T00:00:00Z,0.0,22.0,70.0,29.672417,0.92120934
2017-05-15T00:00:00Z,0.0,22.0,72.0,NaN,NaN
2017-05-15T00:00:00Z,0.0,22.0,74.0,NaN,NaN
2017-05-15T00:00:00Z,0.0,22.0,76.0,NaN,NaN
2017-05-15T00:00:00Z,0.0,24.0,56.0,NaN,NaN
2017-05-15T00:00:00Z,0.0,24.0,58.0,NaN,NaN
2017-05-15T00:00:00Z,0.0,24.0,60.0,30.044008,1.1128693
2017-05-15T00:00:00Z,0.0,24.0,62.0,29.877525,1.1117401
2017-05-15T00:00:00Z,0.0,24.0,64.0,29.67618,1.1035328
2017-05-15T00:00:00Z,0.0,24.0,66.0,29.550941,1.0680313
2017-05-15T00:00:00Z,0.0,24.0,68.0,29.517555,1.0189724
2017-05-15T00:00:00Z,0.0,24.0,70.0,NaN,NaN
2017-05-15T00:00:00Z,0.0,24.0,72.0,NaN,NaN
2017-05-15T00:00:00Z,0.0,24.0,74.0,NaN,NaN
2017-05-15T00:00:00Z,0.0,24.0,76.0,NaN,NaN
2017-05-15T00:00:00Z,0.0,26.0,56.0,29.475965,1.0898037
2017-05-15T00:00:00Z,0.0,26.0,58.0,30.086292,1.1227112
2017-05-15T00:00:00Z,0.0,26.0,60.0,30.168604,1.0849762
2017-05-15T00:00:00Z,0.0,26.0,62.0,NaN,NaN
2017-05-15T00:00:00Z,0.0,26.0,64.0,29.470558,1.0802784
2017-05-15T00:00:00Z,0.0,26.0,66.0,29.387032,1.0757904
2017-05-15T00:00:00Z,0.0,26.0,68.0,NaN,NaN
2017-05-15T00:00:00Z,0.0,26.0,70.0,NaN,NaN
2017-05-15T00:00:00Z,0.0,26.0,72.0,NaN,NaN
2017-05-15T00:00:00Z,0.0,26.0,74.0,NaN,NaN
2017-05-15T00:00:00Z,0.0,26.0,76.0,NaN,NaN
2017-06-15T00:00:00Z,0.0,8.0,56.0,27.964159,-0.049049377
2017-06-15T00:00:00Z,0.0,8.0,58.0,28.594023,0.12535667
2017-06-15T00:00:00Z,0.0,8.0,60.0,29.054544,0.26294136
2017-06-15T00:00:00Z,0.0,8.0,62.0,29.352919,0.35762596
2017-06-15T00:00:00Z,0.0,8.0,64.0,29.541792,0.4247074
2017-06-15T00:00:00Z,0.0,8.0,66.0,29.649761,0.47221756
2017-06-15T00:00:00Z,0.0,8.0,68.0,29.689123,0.4913311
2017-06-15T00:00:00Z,0.0,8.0,70.0,29.646225,0.4577675
2017-06-15T00:00:00Z,0.0,8.0,72.0,29.516138,0.39782524
2017-06-15T00:00:00Z,0.0,8.0,74.0,29.30731,0.3834362
2017-06-15T00:00:00Z,0.0,8.0,76.0,28.979614,0.37437057
2017-06-15T00:00:00Z,0.0,10.0,56.0,27.677143,-0.15452194
2017-06-15T00:00:00Z,0.0,10.0,58.0,28.32275,0.031938553
2017-06-15T00:00:00Z,0.0,10.0,60.0,28.774513,0.1709938
2017-06-15T00:00:00Z,0.0,10.0,62.0,29.086084,0.25773048
2017-06-15T00:00:00Z,0.0,10.0,64.0,29.336407,0.3359909
2017-06-15T00:00:00Z,0.0,10.0,66.0,29.517962,0.4070034
2017-06-15T00:00:00Z,0.0,10.0,68.0,29.61311,0.44314957
2017-06-15T00:00:00Z,0.0,10.0,70.0,29.628284,0.4443245
2017-06-15T00:00:00Z,0.0,10.0,72.0,29.535662,0.42041206
2017-06-15T00:00:00Z,0.0,10.0,74.0,29.358059,0.43428802
2017-06-15T00:00:00Z,0.0,10.0,76.0,29.123241,0.44337463
2017-06-15T00:00:00Z,0.0,12.0,56.0,27.815197,-0.14359665
2017-06-15T00:00:00Z,0.0,12.0,58.0,28.244364,0.0019054413
2017-06-15T00:00:00Z,0.0,12.0,60.0,28.598104,0.11904144
2017-06-15T00:00:00Z,0.0,12.0,62.0,28.922606,0.20691872
2017-06-15T00:00:00Z,0.0,12.0,64.0,29.230698,0.29315567
2017-06-15T00:00:00Z,0.0,12.0,66.0,29.467756,0.37402534
2017-06-15T00:00:00Z,0.0,12.0,68.0,29.617128,0.4357109
2017-06-15T00:00:00Z,0.0,12.0,70.0,29.675652,0.46304703
2017-06-15T00:00:00Z,0.0,12.0,72.0,29.641197,0.47184372
2017-06-15T00:00:00Z,0.0,12.0,74.0,29.522371,0.49521255
2017-06-15T00:00:00Z,0.0,12.0,76.0,29.36579,0.5092983
2017-06-15T00:00:00Z,0.0,14.0,56.0,28.162996,-0.03114891
2017-06-15T00:00:00Z,0.0,14.0,58.0,28.322939,0.05991745
2017-06-15T00:00:00Z,0.0,14.0,60.0,28.58576,0.1426754
2017-06-15T00:00:00Z,0.0,14.0,62.0,28.939676,0.22625542
2017-06-15T00:00:00Z,0.0,14.0,64.0,29.304344,0.3278656
2017-06-15T00:00:00Z,0.0,14.0,66.0,29.568073,0.41967773
2017-06-15T00:00:00Z,0.0,14.0,68.0,29.722221,0.48957443
2017-06-15T00:00:00Z,0.0,14.0,70.0,29.792091,0.5256119
2017-06-15T00:00:00Z,0.0,14.0,72.0,29.79441,0.5330162
2017-06-15T00:00:00Z,0.0,14.0,74.0,29.7598,0.5532036
2017-06-15T00:00:00Z,0.0,14.0,76.0,NaN,NaN
2017-06-15T00:00:00Z,0.0,16.0,56.0,28.27428,0.12716293
2017-06-15T00:00:00Z,0.0,16.0,58.0,28.355274,0.1976471
2017-06-15T00:00:00Z,0.0,16.0,60.0,28.669443,0.2511711
2017-06-15T00:00:00Z,0.0,16.0,62.0,29.116755,0.32579422
2017-06-15T00:00:00Z,0.0,16.0,64.0,29.533258,0.43504906
2017-06-15T00:00:00Z,0.0,16.0,66.0,29.795502,0.5314598
2017-06-15T00:00:00Z,0.0,16.0,68.0,29.917057,0.59187126
2017-06-15T00:00:00Z,0.0,16.0,70.0,29.966028,0.61536217
2017-06-15T00:00:00Z,0.0,16.0,72.0,29.972893,0.6031437
2017-06-15T00:00:00Z,0.0,16.0,74.0,29.954695,0.5996399
2017-06-15T00:00:00Z,0.0,16.0,76.0,NaN,NaN
2017-06-15T00:00:00Z,0.0,18.0,56.0,28.149244,0.27243805
2017-06-15T00:00:00Z,0.0,18.0,58.0,28.256153,0.36014557
2017-06-15T00:00:00Z,0.0,18.0,60.0,28.7113,0.41469574
2017-06-15T00:00:00Z,0.0,18.0,62.0,29.295158,0.486763
2017-06-15T00:00:00Z,0.0,18.0,64.0,29.779068,0.5901108
2017-06-15T00:00:00Z,0.0,18.0,66.0,30.07146,0.69075394
2017-06-15T00:00:00Z,0.0,18.0,68.0,30.167797,0.7359638
2017-06-15T00:00:00Z,0.0,18.0,70.0,30.179781,0.7417183
2017-06-15T00:00:00Z,0.0,18.0,72.0,30.164291,0.711771
2017-06-15T00:00:00Z,0.0,18.0,74.0,NaN,NaN
2017-06-15T00:00:00Z,0.0,18.0,76.0,NaN,NaN
2017-06-15T00:00:00Z,0.0,20.0,56.0,NaN,NaN
2017-06-15T00:00:00Z,0.0,20.0,58.0,28.3966,0.517704
2017-06-15T00:00:00Z,0.0,20.0,60.0,28.91297,0.60746956
2017-06-15T00:00:00Z,0.0,20.0,62.0,29.514156,0.69171906
2017-06-15T00:00:00Z,0.0,20.0,64.0,30.00851,0.7918453
2017-06-15T00:00:00Z,0.0,20.0,66.0,30.329702,0.88651466
2017-06-15T00:00:00Z,0.0,20.0,68.0,30.414433,0.92568016
2017-06-15T00:00:00Z,0.0,20.0,70.0,30.374046,0.9053993
2017-06-15T00:00:00Z,0.0,20.0,72.0,30.313461,0.84173775
2017-06-15T00:00:00Z,0.0,20.0,74.0,NaN,NaN
2017-06-15T00:00:00Z,0.0,20.0,76.0,NaN,NaN
2017-06-15T00:00:00Z,0.0,22.0,56.0,NaN,NaN
2017-06-15T00:00:00Z,0.0,22.0,58.0,NaN,NaN
2017-06-15T00:00:00Z,0.0,22.0,60.0,29.812536,0.8640766
2017-06-15T00:00:00Z,0.0,22.0,62.0,30.055628,0.9264202
2017-06-15T00:00:00Z,0.0,22.0,64.0,30.310173,1.0016327
2017-06-15T00:00:00Z,0.0,22.0,66.0,30.538673,1.0877762
2017-06-15T00:00:00Z,0.0,22.0,68.0,30.576956,1.1091499
2017-06-15T00:00:00Z,0.0,22.0,70.0,30.509085,1.0602036
2017-06-15T00:00:00Z,0.0,22.0,72.0,NaN,NaN
2017-06-15T00:00:00Z,0.0,22.0,74.0,NaN,NaN
2017-06-15T00:00:00Z,0.0,22.0,76.0,NaN,NaN
2017-06-15T00:00:00Z,0.0,24.0,56.0,NaN,NaN
2017-06-15T00:00:00Z,0.0,24.0,58.0,NaN,NaN
2017-06-15T00:00:00Z,0.0,24.0,60.0,31.173431,1.1608505
2017-06-15T00:00:00Z,0.0,24.0,62.0,30.765781,1.117775
2017-06-15T00:00:00Z,0.0,24.0,64.0,30.593304,1.162735
2017-06-15T00:00:00Z,0.0,24.0,66.0,30.630024,1.2148514
2017-06-15T00:00:00Z,0.0,24.0,68.0,30.639484,1.2246513
2017-06-15T00:00:00Z,0.0,24.0,70.0,NaN,NaN
2017-06-15T00:00:00Z,0.0,24.0,72.0,NaN,NaN
2017-06-15T00:00:00Z,0.0,24.0,74.0,NaN,NaN
2017-06-15T00:00:00Z,0.0,24.0,76.0,NaN,NaN
2017-06-15T00:00:00Z,0.0,26.0,56.0,32.34544,1.5148544
2017-06-15T00:00:00Z,0.0,26.0,58.0,32.475178,1.4539261
2017-06-15T00:00:00Z,0.0,26.0,60.0,32.013027,1.2950306
2017-06-15T00:00:00Z,0.0,26.0,62.0,NaN,NaN
2017-06-15T00:00:00Z,0.0,26.0,64.0,30.65271,1.2147579
2017-06-15T00:00:00Z,0.0,26.0,66.0,30.651436,1.2692585
2017-06-15T00:00:00Z,0.0,26.0,68.0,NaN,NaN
2017-06-15T00:00:00Z,0.0,26.0,70.0,NaN,NaN
2017-06-15T00:00:00Z,0.0,26.0,72.0,NaN,NaN
2017-06-15T00:00:00Z,0.0,26.0,74.0,NaN,NaN
2017-06-15T00:00:00Z,0.0,26.0,76.0,NaN,NaN
2017-07-15T00:00:00Z,0.0,8.0,56.0,27.000124,0.5471649
2017-07-15T00:00:00Z,0.0,8.0,58.0,27.694618,0.6060333
2017-07-15T00:00:00Z,0.0,8.0,60.0,28.290707,0.63145447
2017-07-15T00:00:00Z,0.0,8.0,62.0,28.724203,0.6318283
2017-07-15T00:00:00Z,0.0,8.0,64.0,29.003006,0.61940193
2017-07-15T00:00:00Z,0.0,8.0,66.0,29.140036,0.5997448
2017-07-15T00:00:00Z,0.0,8.0,68.0,29.161676,0.5707607
2017-07-15T00:00:00Z,0.0,8.0,70.0,29.096748,0.52443695
2017-07-15T00:00:00Z,0.0,8.0,72.0,28.943892,0.48337173
2017-07-15T00:00:00Z,0.0,8.0,74.0,28.690125,0.4974594
2017-07-15T00:00:00Z,0.0,8.0,76.0,28.321648,0.5066414
2017-07-15T00:00:00Z,0.0,10.0,56.0,26.562576,0.4976616
2017-07-15T00:00:00Z,0.0,10.0,58.0,27.260315,0.564003
2017-07-15T00:00:00Z,0.0,10.0,60.0,27.810211,0.58914757
2017-07-15T00:00:00Z,0.0,10.0,62.0,28.24628,0.5883846
2017-07-15T00:00:00Z,0.0,10.0,64.0,28.595743,0.5801792
2017-07-15T00:00:00Z,0.0,10.0,66.0,28.817387,0.5654068
2017-07-15T00:00:00Z,0.0,10.0,68.0,28.905954,0.53214073
2017-07-15T00:00:00Z,0.0,10.0,70.0,28.891378,0.49329567
2017-07-15T00:00:00Z,0.0,10.0,72.0,28.749537,0.46478462
2017-07-15T00:00:00Z,0.0,10.0,74.0,28.490088,0.48085785
2017-07-15T00:00:00Z,0.0,10.0,76.0,28.198946,0.4920864
2017-07-15T00:00:00Z,0.0,12.0,56.0,26.398779,0.46588326
2017-07-15T00:00:00Z,0.0,12.0,58.0,26.875856,0.5009823
2017-07-15T00:00:00Z,0.0,12.0,60.0,27.31729,0.5129566
2017-07-15T00:00:00Z,0.0,12.0,62.0,27.75716,0.50424385
2017-07-15T00:00:00Z,0.0,12.0,64.0,28.178993,0.49813843
2017-07-15T00:00:00Z,0.0,12.0,66.0,28.479956,0.48370552
2017-07-15T00:00:00Z,0.0,12.0,68.0,28.651512,0.4620552
2017-07-15T00:00:00Z,0.0,12.0,70.0,28.709274,0.438797
2017-07-15T00:00:00Z,0.0,12.0,72.0,28.640015,0.42357635
2017-07-15T00:00:00Z,0.0,12.0,74.0,28.467878,0.45005226
2017-07-15T00:00:00Z,0.0,12.0,76.0,28.273924,0.4712658
2017-07-15T00:00:00Z,0.0,14.0,56.0,26.411127,0.4739418
2017-07-15T00:00:00Z,0.0,14.0,58.0,26.608679,0.45707512
2017-07-15T00:00:00Z,0.0,14.0,60.0,26.939804,0.42434692
2017-07-15T00:00:00Z,0.0,14.0,62.0,27.402323,0.398489
2017-07-15T00:00:00Z,0.0,14.0,64.0,27.893167,0.4007721
2017-07-15T00:00:00Z,0.0,14.0,66.0,28.255285,0.39736938
2017-07-15T00:00:00Z,0.0,14.0,68.0,28.475552,0.38694954
2017-07-15T00:00:00Z,0.0,14.0,70.0,28.58796,0.37370872
2017-07-15T00:00:00Z,0.0,14.0,72.0,28.604382,0.35982132
2017-07-15T00:00:00Z,0.0,14.0,74.0,28.560522,0.38098907
2017-07-15T00:00:00Z,0.0,14.0,76.0,NaN,NaN
2017-07-15T00:00:00Z,0.0,16.0,56.0,26.290085,0.5148277
2017-07-15T00:00:00Z,0.0,16.0,58.0,26.39941,0.45845222
2017-07-15T00:00:00Z,0.0,16.0,60.0,26.759214,0.37525558
2017-07-15T00:00:00Z,0.0,16.0,62.0,27.29568,0.32165718
2017-07-15T00:00:00Z,0.0,16.0,64.0,27.840809,0.32089233
2017-07-15T00:00:00Z,0.0,16.0,66.0,28.24089,0.333889
2017-07-15T00:00:00Z,0.0,16.0,68.0,28.475876,0.33608437
2017-07-15T00:00:00Z,0.0,16.0,70.0,28.61424,0.3313465
2017-07-15T00:00:00Z,0.0,16.0,72.0,28.675764,0.31521606
2017-07-15T00:00:00Z,0.0,16.0,74.0,28.66444,0.31645775
2017-07-15T00:00:00Z,0.0,16.0,76.0,NaN,NaN
2017-07-15T00:00:00Z,0.0,18.0,56.0,26.091063,0.54904556
2017-07-15T00:00:00Z,0.0,18.0,58.0,26.20214,0.49092484
2017-07-15T00:00:00Z,0.0,18.0,60.0,26.686527,0.38932037
2017-07-15T00:00:00Z,0.0,18.0,62.0,27.348457,0.31710434
2017-07-15T00:00:00Z,0.0,18.0,64.0,27.97934,0.30913162
2017-07-15T00:00:00Z,0.0,18.0,66.0,28.4473,0.33794403
2017-07-15T00:00:00Z,0.0,18.0,68.0,28.697422,0.355587
2017-07-15T00:00:00Z,0.0,18.0,70.0,28.834711,0.36125374
2017-07-15T00:00:00Z,0.0,18.0,72.0,28.904285,0.34181976
2017-07-15T00:00:00Z,0.0,18.0,74.0,NaN,NaN
2017-07-15T00:00:00Z,0.0,18.0,76.0,NaN,NaN
2017-07-15T00:00:00Z,0.0,20.0,56.0,NaN,NaN
2017-07-15T00:00:00Z,0.0,20.0,58.0,26.354746,0.51374435
2017-07-15T00:00:00Z,0.0,20.0,60.0,26.925852,0.46258926
2017-07-15T00:00:00Z,0.0,20.0,62.0,27.611044,0.41758537
2017-07-15T00:00:00Z,0.0,20.0,64.0,28.265903,0.40831757
2017-07-15T00:00:00Z,0.0,20.0,66.0,28.806112,0.44173813
2017-07-15T00:00:00Z,0.0,20.0,68.0,29.065868,0.4694519
2017-07-15T00:00:00Z,0.0,20.0,70.0,29.14452,0.46592522
2017-07-15T00:00:00Z,0.0,20.0,72.0,29.139448,0.42398643
2017-07-15T00:00:00Z,0.0,20.0,74.0,NaN,NaN
2017-07-15T00:00:00Z,0.0,20.0,76.0,NaN,NaN
2017-07-15T00:00:00Z,0.0,22.0,56.0,NaN,NaN
2017-07-15T00:00:00Z,0.0,22.0,58.0,NaN,NaN
2017-07-15T00:00:00Z,0.0,22.0,60.0,28.145514,0.60110474
2017-07-15T00:00:00Z,0.0,22.0,62.0,28.38808,0.5853939
2017-07-15T00:00:00Z,0.0,22.0,64.0,28.774263,0.5842018
2017-07-15T00:00:00Z,0.0,22.0,66.0,29.222916,0.6135826
2017-07-15T00:00:00Z,0.0,22.0,68.0,29.40856,0.6192417
2017-07-15T00:00:00Z,0.0,22.0,70.0,29.386925,0.58862114
2017-07-15T00:00:00Z,0.0,22.0,72.0,NaN,NaN
2017-07-15T00:00:00Z,0.0,22.0,74.0,NaN,NaN
2017-07-15T00:00:00Z,0.0,22.0,76.0,NaN,NaN
2017-07-15T00:00:00Z,0.0,24.0,56.0,NaN,NaN
2017-07-15T00:00:00Z,0.0,24.0,58.0,NaN,NaN
2017-07-15T00:00:00Z,0.0,24.0,60.0,30.103455,0.8043499
2017-07-15T00:00:00Z,0.0,24.0,62.0,29.488897,0.7462101
2017-07-15T00:00:00Z,0.0,24.0,64.0,29.340454,0.741066
2017-07-15T00:00:00Z,0.0,24.0,66.0,29.546953,0.7476139
2017-07-15T00:00:00Z,0.0,24.0,68.0,29.610847,0.73363495
2017-07-15T00:00:00Z,0.0,24.0,70.0,NaN,NaN
2017-07-15T00:00:00Z,0.0,24.0,72.0,NaN,NaN
2017-07-15T00:00:00Z,0.0,24.0,74.0,NaN,NaN
2017-07-15T00:00:00Z,0.0,24.0,76.0,NaN,NaN
2017-07-15T00:00:00Z,0.0,26.0,56.0,32.99656,1.1923943
2017-07-15T00:00:00Z,0.0,26.0,58.0,32.422348,1.0478783
2017-07-15T00:00:00Z,0.0,26.0,60.0,31.432056,0.9026127
2017-07-15T00:00:00Z,0.0,26.0,62.0,NaN,NaN
2017-07-15T00:00:00Z,0.0,26.0,64.0,29.624994,0.80239296
2017-07-15T00:00:00Z,0.0,26.0,66.0,29.712683,0.82967377
2017-07-15T00:00:00Z,0.0,26.0,68.0,NaN,NaN
2017-07-15T00:00:00Z,0.0,26.0,70.0,NaN,NaN
2017-07-15T00:00:00Z,0.0,26.0,72.0,NaN,NaN
2017-07-15T00:00:00Z,0.0,26.0,74.0,NaN,NaN
2017-07-15T00:00:00Z,0.0,26.0,76.0,NaN,NaN
2017-08-15T00:00:00Z,0.0,8.0,56.0,26.514465,0.71061134
2017-08-15T00:00:00Z,0.0,8.0,58.0,27.191994,0.74040985
2017-08-15T00:00:00Z,0.0,8.0,60.0,27.862518,0.74507904
2017-08-15T00:00:00Z,0.0,8.0,62.0,28.415262,0.7453861
2017-08-15T00:00:00Z,0.0,8.0,64.0,28.807236,0.7504635
2017-08-15T00:00:00Z,0.0,8.0,66.0,29.018461,0.74804306
2017-08-15T00:00:00Z,0.0,8.0,68.0,29.068514,0.7321167
2017-08-15T00:00:00Z,0.0,8.0,70.0,29.007015,0.7013073
2017-08-15T00:00:00Z,0.0,8.0,72.0,28.84321,0.6750431
2017-08-15T00:00:00Z,0.0,8.0,74.0,28.573906,0.7028637
2017-08-15T00:00:00Z,0.0,8.0,76.0,28.200594,0.7098999
2017-08-15T00:00:00Z,0.0,10.0,56.0,26.12596,0.7657509
2017-08-15T00:00:00Z,0.0,10.0,58.0,26.769682,0.7885761
2017-08-15T00:00:00Z,0.0,10.0,60.0,27.338247,0.77747726
2017-08-15T00:00:00Z,0.0,10.0,62.0,27.851633,0.763155
2017-08-15T00:00:00Z,0.0,10.0,64.0,28.301506,0.76086044
2017-08-15T00:00:00Z,0.0,10.0,66.0,28.608242,0.76055527
2017-08-15T00:00:00Z,0.0,10.0,68.0,28.750683,0.7427654
2017-08-15T00:00:00Z,0.0,10.0,70.0,28.768198,0.72267723
2017-08-15T00:00:00Z,0.0,10.0,72.0,28.64011,0.71744347
2017-08-15T00:00:00Z,0.0,10.0,74.0,28.37776,0.75634193
2017-08-15T00:00:00Z,0.0,10.0,76.0,28.077837,0.7697468
2017-08-15T00:00:00Z,0.0,12.0,56.0,25.886816,0.81119156
2017-08-15T00:00:00Z,0.0,12.0,58.0,26.331665,0.7978325
2017-08-15T00:00:00Z,0.0,12.0,60.0,26.763027,0.75577736
2017-08-15T00:00:00Z,0.0,12.0,62.0,27.244738,0.7207794
2017-08-15T00:00:00Z,0.0,12.0,64.0,27.740791,0.7024803
2017-08-15T00:00:00Z,0.0,12.0,66.0,28.131378,0.6937332
2017-08-15T00:00:00Z,0.0,12.0,68.0,28.39128,0.690197
2017-08-15T00:00:00Z,0.0,12.0,70.0,28.52345,0.69584846
2017-08-15T00:00:00Z,0.0,12.0,72.0,28.49838,0.7174034
2017-08-15T00:00:00Z,0.0,12.0,74.0,28.337019,0.77246475
2017-08-15T00:00:00Z,0.0,12.0,76.0,28.150826,0.8065033
2017-08-15T00:00:00Z,0.0,14.0,56.0,25.738163,0.8413086
2017-08-15T00:00:00Z,0.0,14.0,58.0,25.962358,0.78598213
2017-08-15T00:00:00Z,0.0,14.0,60.0,26.284033,0.7012825
2017-08-15T00:00:00Z,0.0,14.0,62.0,26.751902,0.63425446
2017-08-15T00:00:00Z,0.0,14.0,64.0,27.290823,0.6081352
2017-08-15T00:00:00Z,0.0,14.0,66.0,27.748966,0.59911346
2017-08-15T00:00:00Z,0.0,14.0,68.0,28.08869,0.60227394
2017-08-15T00:00:00Z,0.0,14.0,70.0,28.30729,0.6184349
2017-08-15T00:00:00Z,0.0,14.0,72.0,28.390741,0.64780617
2017-08-15T00:00:00Z,0.0,14.0,74.0,28.371069,0.70249367
2017-08-15T00:00:00Z,0.0,14.0,76.0,NaN,NaN
2017-08-15T00:00:00Z,0.0,16.0,56.0,25.512608,0.8653431
2017-08-15T00:00:00Z,0.0,16.0,58.0,25.680885,0.78144646
2017-08-15T00:00:00Z,0.0,16.0,60.0,26.025051,0.6580486
2017-08-15T00:00:00Z,0.0,16.0,62.0,26.530607,0.5573559
2017-08-15T00:00:00Z,0.0,16.0,64.0,27.105244,0.52238846
2017-08-15T00:00:00Z,0.0,16.0,66.0,27.603476,0.5185375
2017-08-15T00:00:00Z,0.0,16.0,68.0,27.964754,0.51927376
2017-08-15T00:00:00Z,0.0,16.0,70.0,28.211403,0.52815247
2017-08-15T00:00:00Z,0.0,16.0,72.0,28.348179,0.54943657
2017-08-15T00:00:00Z,0.0,16.0,74.0,28.385649,0.59174347
2017-08-15T00:00:00Z,0.0,16.0,76.0,NaN,NaN
2017-08-15T00:00:00Z,0.0,18.0,56.0,25.322056,0.87236977
2017-08-15T00:00:00Z,0.0,18.0,58.0,25.479105,0.79345894
2017-08-15T00:00:00Z,0.0,18.0,60.0,25.942795,0.66550255
2017-08-15T00:00:00Z,0.0,18.0,62.0,26.56392,0.55570984
2017-08-15T00:00:00Z,0.0,18.0,64.0,27.210323,0.51055145
2017-08-15T00:00:00Z,0.0,18.0,66.0,27.76021,0.5111866
2017-08-15T00:00:00Z,0.0,18.0,68.0,28.103853,0.5046234
2017-08-15T00:00:00Z,0.0,18.0,70.0,28.324682,0.50553703
2017-08-15T00:00:00Z,0.0,18.0,72.0,28.458147,0.50727844
2017-08-15T00:00:00Z,0.0,18.0,74.0,NaN,NaN
2017-08-15T00:00:00Z,0.0,18.0,76.0,NaN,NaN
2017-08-15T00:00:00Z,0.0,20.0,56.0,NaN,NaN
2017-08-15T00:00:00Z,0.0,20.0,58.0,25.657953,0.803833
2017-08-15T00:00:00Z,0.0,20.0,60.0,26.22154,0.73965645
2017-08-15T00:00:00Z,0.0,20.0,62.0,26.880217,0.6721115
2017-08-15T00:00:00Z,0.0,20.0,64.0,27.552881,0.6321926
2017-08-15T00:00:00Z,0.0,20.0,66.0,28.148273,0.6255646
2017-08-15T00:00:00Z,0.0,20.0,68.0,28.46049,0.6176338
2017-08-15T00:00:00Z,0.0,20.0,70.0,28.594069,0.6030674
2017-08-15T00:00:00Z,0.0,20.0,72.0,28.634777,0.5664158
2017-08-15T00:00:00Z,0.0,20.0,74.0,NaN,NaN
2017-08-15T00:00:00Z,0.0,20.0,76.0,NaN,NaN
2017-08-15T00:00:00Z,0.0,22.0,56.0,NaN,NaN
2017-08-15T00:00:00Z,0.0,22.0,58.0,NaN,NaN
2017-08-15T00:00:00Z,0.0,22.0,60.0,27.476324,0.88243866
2017-08-15T00:00:00Z,0.0,22.0,62.0,27.68523,0.8533535
2017-08-15T00:00:00Z,0.0,22.0,64.0,28.084902,0.8214855
2017-08-15T00:00:00Z,0.0,22.0,66.0,28.593155,0.82050896
2017-08-15T00:00:00Z,0.0,22.0,68.0,28.825626,0.80600166
2017-08-15T00:00:00Z,0.0,22.0,70.0,28.84014,0.7642498
2017-08-15T00:00:00Z,0.0,22.0,72.0,NaN,NaN
2017-08-15T00:00:00Z,0.0,22.0,74.0,NaN,NaN
2017-08-15T00:00:00Z,0.0,22.0,76.0,NaN,NaN
2017-08-15T00:00:00Z,0.0,24.0,56.0,NaN,NaN
2017-08-15T00:00:00Z,0.0,24.0,58.0,NaN,NaN
2017-08-15T00:00:00Z,0.0,24.0,60.0,29.47558,1.071064
2017-08-15T00:00:00Z,0.0,24.0,62.0,28.769339,1.0025673
2017-08-15T00:00:00Z,0.0,24.0,64.0,28.627224,0.974699
2017-08-15T00:00:00Z,0.0,24.0,66.0,28.914597,0.97330666
2017-08-15T00:00:00Z,0.0,24.0,68.0,29.038181,0.9610996
2017-08-15T00:00:00Z,0.0,24.0,70.0,NaN,NaN
2017-08-15T00:00:00Z,0.0,24.0,72.0,NaN,NaN
2017-08-15T00:00:00Z,0.0,24.0,74.0,NaN,NaN
2017-08-15T00:00:00Z,0.0,24.0,76.0,NaN,NaN
2017-08-15T00:00:00Z,0.0,26.0,56.0,33.406784,1.4400349
2017-08-15T00:00:00Z,0.0,26.0,58.0,32.239147,1.2999382
2017-08-15T00:00:00Z,0.0,26.0,60.0,30.894522,1.1600571
2017-08-15T00:00:00Z,0.0,26.0,62.0,NaN,NaN
2017-08-15T00:00:00Z,0.0,26.0,64.0,28.90262,1.0217819
2017-08-15T00:00:00Z,0.0,26.0,66.0,29.055002,1.0564213
2017-08-15T00:00:00Z,0.0,26.0,68.0,NaN,NaN
2017-08-15T00:00:00Z,0.0,26.0,70.0,NaN,NaN
2017-08-15T00:00:00Z,0.0,26.0,72.0,NaN,NaN
2017-08-15T00:00:00Z,0.0,26.0,74.0,NaN,NaN
2017-08-15T00:00:00Z,0.0,26.0,76.0,NaN,NaN
2017-09-15T00:00:00Z,0.0,8.0,56.0,27.0392,0.7551575
2017-09-15T00:00:00Z,0.0,8.0,58.0,27.630268,0.77334976
2017-09-15T00:00:00Z,0.0,8.0,60.0,28.195951,0.7584095
2017-09-15T00:00:00Z,0.0,8.0,62.0,28.635489,0.7338028
2017-09-15T00:00:00Z,0.0,8.0,64.0,28.922049,0.7116337
2017-09-15T00:00:00Z,0.0,8.0,66.0,29.060186,0.68441963
2017-09-15T00:00:00Z,0.0,8.0,68.0,29.077692,0.6539669
2017-09-15T00:00:00Z,0.0,8.0,70.0,29.023783,0.62353325
2017-09-15T00:00:00Z,0.0,8.0,72.0,28.910938,0.6091881
2017-09-15T00:00:00Z,0.0,8.0,74.0,28.73435,0.65733147
2017-09-15T00:00:00Z,0.0,8.0,76.0,28.46143,0.67788124
2017-09-15T00:00:00Z,0.0,10.0,56.0,26.754332,0.8155613
2017-09-15T00:00:00Z,0.0,10.0,58.0,27.30873,0.8394146
2017-09-15T00:00:00Z,0.0,10.0,60.0,27.794567,0.82546425
2017-09-15T00:00:00Z,0.0,10.0,62.0,28.21664,0.8047657
2017-09-15T00:00:00Z,0.0,10.0,64.0,28.564089,0.7865906
2017-09-15T00:00:00Z,0.0,10.0,66.0,28.793528,0.77025986
2017-09-15T00:00:00Z,0.0,10.0,68.0,28.90185,0.7471638
2017-09-15T00:00:00Z,0.0,10.0,70.0,28.923254,0.72696114
2017-09-15T00:00:00Z,0.0,10.0,72.0,28.848045,0.72979546
2017-09-15T00:00:00Z,0.0,10.0,74.0,28.667892,0.7769146
2017-09-15T00:00:00Z,0.0,10.0,76.0,28.436789,0.794178
2017-09-15T00:00:00Z,0.0,12.0,56.0,26.590635,0.85536194
2017-09-15T00:00:00Z,0.0,12.0,58.0,26.982294,0.857708
2017-09-15T00:00:00Z,0.0,12.0,60.0,27.364073,0.832304
2017-09-15T00:00:00Z,0.0,12.0,62.0,27.771334,0.810524
2017-09-15T00:00:00Z,0.0,12.0,64.0,28.170162,0.7975998
2017-09-15T00:00:00Z,0.0,12.0,66.0,28.483412,0.79109955
2017-09-15T00:00:00Z,0.0,12.0,68.0,28.707302,0.790678
2017-09-15T00:00:00Z,0.0,12.0,70.0,28.835772,0.79797935
2017-09-15T00:00:00Z,0.0,12.0,72.0,28.820663,0.8091202
2017-09-15T00:00:00Z,0.0,12.0,74.0,28.688622,0.85019684
2017-09-15T00:00:00Z,0.0,12.0,76.0,28.538292,0.87470055
2017-09-15T00:00:00Z,0.0,14.0,56.0,26.524313,0.89097786
2017-09-15T00:00:00Z,0.0,14.0,58.0,26.731539,0.85676765
2017-09-15T00:00:00Z,0.0,14.0,60.0,27.020655,0.8002186
2017-09-15T00:00:00Z,0.0,14.0,62.0,27.419075,0.7650776
2017-09-15T00:00:00Z,0.0,14.0,64.0,27.865204,0.7692261
2017-09-15T00:00:00Z,0.0,14.0,66.0,28.252369,0.7849312
2017-09-15T00:00:00Z,0.0,14.0,68.0,28.564322,0.802948
2017-09-15T00:00:00Z,0.0,14.0,70.0,28.770145,0.8157501
2017-09-15T00:00:00Z,0.0,14.0,72.0,28.821842,0.8212795
2017-09-15T00:00:00Z,0.0,14.0,74.0,28.774652,0.84989357
2017-09-15T00:00:00Z,0.0,14.0,76.0,NaN,NaN
2017-09-15T00:00:00Z,0.0,16.0,56.0,26.41161,0.9305191
2017-09-15T00:00:00Z,0.0,16.0,58.0,26.567795,0.86544037
2017-09-15T00:00:00Z,0.0,16.0,60.0,26.866629,0.77277565
2017-09-15T00:00:00Z,0.0,16.0,62.0,27.292154,0.71809196
2017-09-15T00:00:00Z,0.0,16.0,64.0,27.76892,0.7312126
2017-09-15T00:00:00Z,0.0,16.0,66.0,28.2046,0.7737675
2017-09-15T00:00:00Z,0.0,16.0,68.0,28.550411,0.7998905
2017-09-15T00:00:00Z,0.0,16.0,70.0,28.783783,0.7979698
2017-09-15T00:00:00Z,0.0,16.0,72.0,28.872492,0.78541565
2017-09-15T00:00:00Z,0.0,16.0,74.0,28.860918,0.8040943
2017-09-15T00:00:00Z,0.0,16.0,76.0,NaN,NaN
2017-09-15T00:00:00Z,0.0,18.0,56.0,26.300215,0.9507828
2017-09-15T00:00:00Z,0.0,18.0,58.0,26.44021,0.8777256
2017-09-15T00:00:00Z,0.0,18.0,60.0,26.84271,0.7753773
2017-09-15T00:00:00Z,0.0,18.0,62.0,27.370106,0.7154999
2017-09-15T00:00:00Z,0.0,18.0,64.0,27.906988,0.73248863
2017-09-15T00:00:00Z,0.0,18.0,66.0,28.37701,0.78788567
2017-09-15T00:00:00Z,0.0,18.0,68.0,28.694496,0.8051224
2017-09-15T00:00:00Z,0.0,18.0,70.0,28.895464,0.7811718
2017-09-15T00:00:00Z,0.0,18.0,72.0,28.99487,0.75035477
2017-09-15T00:00:00Z,0.0,18.0,74.0,NaN,NaN
2017-09-15T00:00:00Z,0.0,18.0,76.0,NaN,NaN
2017-09-15T00:00:00Z,0.0,20.0,56.0,NaN,NaN
2017-09-15T00:00:00Z,0.0,20.0,58.0,26.581821,0.87244606
2017-09-15T00:00:00Z,0.0,20.0,60.0,27.059196,0.8130684
2017-09-15T00:00:00Z,0.0,20.0,62.0,27.624527,0.78377724
2017-09-15T00:00:00Z,0.0,20.0,64.0,28.18135,0.80851746
2017-09-15T00:00:00Z,0.0,20.0,66.0,28.654163,0.85055923
2017-09-15T00:00:00Z,0.0,20.0,68.0,28.898367,0.8495941
2017-09-15T00:00:00Z,0.0,20.0,70.0,29.017633,0.8097935
2017-09-15T00:00:00Z,0.0,20.0,72.0,29.073298,0.7542896
2017-09-15T00:00:00Z,0.0,20.0,74.0,NaN,NaN
2017-09-15T00:00:00Z,0.0,20.0,76.0,NaN,NaN
2017-09-15T00:00:00Z,0.0,22.0,56.0,NaN,NaN
2017-09-15T00:00:00Z,0.0,22.0,58.0,NaN,NaN
2017-09-15T00:00:00Z,0.0,22.0,60.0,27.923887,0.86538124
2017-09-15T00:00:00Z,0.0,22.0,62.0,28.135462,0.8793373
2017-09-15T00:00:00Z,0.0,22.0,64.0,28.477396,0.9137306
2017-09-15T00:00:00Z,0.0,22.0,66.0,28.850676,0.941988
2017-09-15T00:00:00Z,0.0,22.0,68.0,29.001997,0.92209435
2017-09-15T00:00:00Z,0.0,22.0,70.0,29.048656,0.87441635
2017-09-15T00:00:00Z,0.0,22.0,72.0,NaN,NaN
2017-09-15T00:00:00Z,0.0,22.0,74.0,NaN,NaN
2017-09-15T00:00:00Z,0.0,22.0,76.0,NaN,NaN
2017-09-15T00:00:00Z,0.0,24.0,56.0,NaN,NaN
2017-09-15T00:00:00Z,0.0,24.0,58.0,NaN,NaN
2017-09-15T00:00:00Z,0.0,24.0,60.0,29.236753,0.8998718
2017-09-15T00:00:00Z,0.0,24.0,62.0,28.76347,0.9400253
2017-09-15T00:00:00Z,0.0,24.0,64.0,28.685768,0.9893322
2017-09-15T00:00:00Z,0.0,24.0,66.0,28.880547,0.9981575
2017-09-15T00:00:00Z,0.0,24.0,68.0,28.984758,0.97992325
2017-09-15T00:00:00Z,0.0,24.0,70.0,NaN,NaN
2017-09-15T00:00:00Z,0.0,24.0,72.0,NaN,NaN
2017-09-15T00:00:00Z,0.0,24.0,74.0,NaN,NaN
2017-09-15T00:00:00Z,0.0,24.0,76.0,NaN,NaN
2017-09-15T00:00:00Z,0.0,26.0,56.0,32.503693,0.9027786
2017-09-15T00:00:00Z,0.0,26.0,58.0,31.304348,0.8877659
2017-09-15T00:00:00Z,0.0,26.0,60.0,30.163937,0.869009
2017-09-15T00:00:00Z,0.0,26.0,62.0,NaN,NaN
2017-09-15T00:00:00Z,0.0,26.0,64.0,28.73568,0.99837494
2017-09-15T00:00:00Z,0.0,26.0,66.0,28.843092,1.0320473
2017-09-15T00:00:00Z,0.0,26.0,68.0,NaN,NaN
2017-09-15T00:00:00Z,0.0,26.0,70.0,NaN,NaN
2017-09-15T00:00:00Z,0.0,26.0,72.0,NaN,NaN
2017-09-15T00:00:00Z,0.0,26.0,74.0,NaN,NaN
2017-09-15T00:00:00Z,0.0,26.0,76.0,NaN,NaN
2017-10-15T00:00:00Z,0.0,8.0,56.0,28.364098,0.9494934
2017-10-15T00:00:00Z,0.0,8.0,58.0,28.692045,0.93216896
2017-10-15T00:00:00Z,0.0,8.0,60.0,28.975716,0.87319183
2017-10-15T00:00:00Z,0.0,8.0,62.0,29.146553,0.8077812
2017-10-15T00:00:00Z,0.0,8.0,64.0,29.22204,0.75418663
2017-10-15T00:00:00Z,0.0,8.0,66.0,29.259779,0.7092571
2017-10-15T00:00:00Z,0.0,8.0,68.0,29.276428,0.66596794
2017-10-15T00:00:00Z,0.0,8.0,70.0,29.26161,0.61590004
2017-10-15T00:00:00Z,0.0,8.0,72.0,29.19272,0.56555176
2017-10-15T00:00:00Z,0.0,8.0,74.0,29.08375,0.5734997
2017-10-15T00:00:00Z,0.0,8.0,76.0,28.88993,0.5705414
2017-10-15T00:00:00Z,0.0,10.0,56.0,28.296158,1.0118217
2017-10-15T00:00:00Z,0.0,10.0,58.0,28.582155,0.99881935
2017-10-15T00:00:00Z,0.0,10.0,60.0,28.800491,0.9511566
2017-10-15T00:00:00Z,0.0,10.0,62.0,28.955423,0.89438057
2017-10-15T00:00:00Z,0.0,10.0,64.0,29.068428,0.83890724
2017-10-15T00:00:00Z,0.0,10.0,66.0,29.168783,0.7933254
2017-10-15T00:00:00Z,0.0,10.0,68.0,29.261217,0.75590324
2017-10-15T00:00:00Z,0.0,10.0,70.0,29.327858,0.7226906
2017-10-15T00:00:00Z,0.0,10.0,72.0,29.317465,0.6906929
2017-10-15T00:00:00Z,0.0,10.0,74.0,29.219917,0.6959152
2017-10-15T00:00:00Z,0.0,10.0,76.0,29.053026,0.68899155
2017-10-15T00:00:00Z,0.0,12.0,56.0,28.36631,1.0702896
2017-10-15T00:00:00Z,0.0,12.0,58.0,28.547764,1.0449924
2017-10-15T00:00:00Z,0.0,12.0,60.0,28.668575,0.9943657
2017-10-15T00:00:00Z,0.0,12.0,62.0,28.78526,0.93632126
2017-10-15T00:00:00Z,0.0,12.0,64.0,28.912674,0.87436295
2017-10-15T00:00:00Z,0.0,12.0,66.0,29.057362,0.8225498
2017-10-15T00:00:00Z,0.0,12.0,68.0,29.230028,0.79538155
2017-10-15T00:00:00Z,0.0,12.0,70.0,29.382195,0.78365135
2017-10-15T00:00:00Z,0.0,12.0,72.0,29.42854,0.770977
2017-10-15T00:00:00Z,0.0,12.0,74.0,29.359673,0.7753105
2017-10-15T00:00:00Z,0.0,12.0,76.0,29.241789,0.77188873
2017-10-15T00:00:00Z,0.0,14.0,56.0,28.513107,1.1093369
2017-10-15T00:00:00Z,0.0,14.0,58.0,28.575544,1.0643768
2017-10-15T00:00:00Z,0.0,14.0,60.0,28.619272,0.99520683
2017-10-15T00:00:00Z,0.0,14.0,62.0,28.704538,0.92328644
2017-10-15T00:00:00Z,0.0,14.0,64.0,28.836952,0.86518097
2017-10-15T00:00:00Z,0.0,14.0,66.0,29.004894,0.8189163
2017-10-15T00:00:00Z,0.0,14.0,68.0,29.223244,0.79964066
2017-10-15T00:00:00Z,0.0,14.0,70.0,29.424862,0.7973404
2017-10-15T00:00:00Z,0.0,14.0,72.0,29.510445,0.7966938
2017-10-15T00:00:00Z,0.0,14.0,74.0,29.491194,0.809145
2017-10-15T00:00:00Z,0.0,14.0,76.0,NaN,NaN
2017-10-15T00:00:00Z,0.0,16.0,56.0,28.56402,1.1211319
2017-10-15T00:00:00Z,0.0,16.0,58.0,28.580654,1.0639877
2017-10-15T00:00:00Z,0.0,16.0,60.0,28.63209,0.973505
2017-10-15T00:00:00Z,0.0,16.0,62.0,28.72747,0.8828659
2017-10-15T00:00:00Z,0.0,16.0,64.0,28.849274,0.81702423
2017-10-15T00:00:00Z,0.0,16.0,66.0,29.019419,0.78069115
2017-10-15T00:00:00Z,0.0,16.0,68.0,29.241943,0.76190186
2017-10-15T00:00:00Z,0.0,16.0,70.0,29.447023,0.7522316
2017-10-15T00:00:00Z,0.0,16.0,72.0,29.546661,0.75468636
2017-10-15T00:00:00Z,0.0,16.0,74.0,29.562992,0.7868061
2017-10-15T00:00:00Z,0.0,16.0,76.0,NaN,NaN
2017-10-15T00:00:00Z,0.0,18.0,56.0,28.474174,1.1106663
2017-10-15T00:00:00Z,0.0,18.0,58.0,28.474207,1.0560474
2017-10-15T00:00:00Z,0.0,18.0,60.0,28.617443,0.9642563
2017-10-15T00:00:00Z,0.0,18.0,62.0,28.800077,0.86732674
2017-10-15T00:00:00Z,0.0,18.0,64.0,28.942081,0.7874565
2017-10-15T00:00:00Z,0.0,18.0,66.0,29.09827,0.73947906
2017-10-15T00:00:00Z,0.0,18.0,68.0,29.265436,0.6911011
2017-10-15T00:00:00Z,0.0,18.0,70.0,29.402868,0.641222
2017-10-15T00:00:00Z,0.0,18.0,72.0,29.471622,0.61906433
2017-10-15T00:00:00Z,0.0,18.0,74.0,NaN,NaN
2017-10-15T00:00:00Z,0.0,18.0,76.0,NaN,NaN
2017-10-15T00:00:00Z,0.0,20.0,56.0,NaN,NaN
2017-10-15T00:00:00Z,0.0,20.0,58.0,28.44844,1.033226
2017-10-15T00:00:00Z,0.0,20.0,60.0,28.674143,0.9838505
2017-10-15T00:00:00Z,0.0,20.0,62.0,28.93213,0.91521454
2017-10-15T00:00:00Z,0.0,20.0,64.0,29.090492,0.82992935
2017-10-15T00:00:00Z,0.0,20.0,66.0,29.193008,0.74155045
2017-10-15T00:00:00Z,0.0,20.0,68.0,29.231598,0.6344929
2017-10-15T00:00:00Z,0.0,20.0,70.0,29.2639,0.5415535
2017-10-15T00:00:00Z,0.0,20.0,72.0,29.296278,0.47784233
2017-10-15T00:00:00Z,0.0,20.0,74.0,NaN,NaN
2017-10-15T00:00:00Z,0.0,20.0,76.0,NaN,NaN
2017-10-15T00:00:00Z,0.0,22.0,56.0,NaN,NaN
2017-10-15T00:00:00Z,0.0,22.0,58.0,NaN,NaN
2017-10-15T00:00:00Z,0.0,22.0,60.0,29.03496,1.0135651
2017-10-15T00:00:00Z,0.0,22.0,62.0,29.141174,0.9804249
2017-10-15T00:00:00Z,0.0,22.0,64.0,29.191261,0.89873886
2017-10-15T00:00:00Z,0.0,22.0,66.0,29.178516,0.7734337
2017-10-15T00:00:00Z,0.0,22.0,68.0,29.090866,0.6218929
2017-10-15T00:00:00Z,0.0,22.0,70.0,29.075207,0.5074482
2017-10-15T00:00:00Z,0.0,22.0,72.0,NaN,NaN
2017-10-15T00:00:00Z,0.0,22.0,74.0,NaN,NaN
2017-10-15T00:00:00Z,0.0,22.0,76.0,NaN,NaN
2017-10-15T00:00:00Z,0.0,24.0,56.0,NaN,NaN
2017-10-15T00:00:00Z,0.0,24.0,58.0,NaN,NaN
2017-10-15T00:00:00Z,0.0,24.0,60.0,29.545902,1.031599
2017-10-15T00:00:00Z,0.0,24.0,62.0,29.314547,1.0078793
2017-10-15T00:00:00Z,0.0,24.0,64.0,29.130003,0.91680145
2017-10-15T00:00:00Z,0.0,24.0,66.0,29.01785,0.78769875
2017-10-15T00:00:00Z,0.0,24.0,68.0,28.93879,0.64842796
2017-10-15T00:00:00Z,0.0,24.0,70.0,NaN,NaN
2017-10-15T00:00:00Z,0.0,24.0,72.0,NaN,NaN
2017-10-15T00:00:00Z,0.0,24.0,74.0,NaN,NaN
2017-10-15T00:00:00Z,0.0,24.0,76.0,NaN,NaN
2017-10-15T00:00:00Z,0.0,26.0,56.0,31.159271,0.9811897
2017-10-15T00:00:00Z,0.0,26.0,58.0,30.470465,1.024107
2017-10-15T00:00:00Z,0.0,26.0,60.0,29.863113,1.0004883
2017-10-15T00:00:00Z,0.0,26.0,62.0,NaN,NaN
2017-10-15T00:00:00Z,0.0,26.0,64.0,28.963099,0.86854935
2017-10-15T00:00:00Z,0.0,26.0,66.0,28.888243,0.80584526
2017-10-15T00:00:00Z,0.0,26.0,68.0,NaN,NaN
2017-10-15T00:00:00Z,0.0,26.0,70.0,NaN,NaN
2017-10-15T00:00:00Z,0.0,26.0,72.0,NaN,NaN
2017-10-15T00:00:00Z,0.0,26.0,74.0,NaN,NaN
2017-10-15T00:00:00Z,0.0,26.0,76.0,NaN,NaN
2017-11-15T00:00:00Z,0.0,8.0,56.0,28.526548,0.6952152
2017-11-15T00:00:00Z,0.0,8.0,58.0,28.718613,0.6798191
2017-11-15T00:00:00Z,0.0,8.0,60.0,28.887917,0.64330864
2017-11-15T00:00:00Z,0.0,8.0,62.0,28.997065,0.6056671
2017-11-15T00:00:00Z,0.0,8.0,64.0,29.066818,0.5762348
2017-11-15T00:00:00Z,0.0,8.0,66.0,29.138952,0.5482235
2017-11-15T00:00:00Z,0.0,8.0,68.0,29.206253,0.5174408
2017-11-15T00:00:00Z,0.0,8.0,70.0,29.229025,0.47939873
2017-11-15T00:00:00Z,0.0,8.0,72.0,29.19402,0.451622
2017-11-15T00:00:00Z,0.0,8.0,74.0,29.140213,0.48296356
2017-11-15T00:00:00Z,0.0,8.0,76.0,29.007616,0.49520493
2017-11-15T00:00:00Z,0.0,10.0,56.0,28.290218,0.65867615
2017-11-15T00:00:00Z,0.0,10.0,58.0,28.443336,0.6465435
2017-11-15T00:00:00Z,0.0,10.0,60.0,28.585941,0.6287117
2017-11-15T00:00:00Z,0.0,10.0,62.0,28.699541,0.6050205
2017-11-15T00:00:00Z,0.0,10.0,64.0,28.808311,0.58216476
2017-11-15T00:00:00Z,0.0,10.0,66.0,28.945751,0.5619583
2017-11-15T00:00:00Z,0.0,10.0,68.0,29.099266,0.5449524
2017-11-15T00:00:00Z,0.0,10.0,70.0,29.228924,0.53027916
2017-11-15T00:00:00Z,0.0,10.0,72.0,29.295378,0.5256901
2017-11-15T00:00:00Z,0.0,10.0,74.0,29.297707,0.5647907
2017-11-15T00:00:00Z,0.0,10.0,76.0,29.208326,0.58187485
2017-11-15T00:00:00Z,0.0,12.0,56.0,28.121147,0.6433964
2017-11-15T00:00:00Z,0.0,12.0,58.0,28.218695,0.6217346
2017-11-15T00:00:00Z,0.0,12.0,60.0,28.302471,0.6037216
2017-11-15T00:00:00Z,0.0,12.0,62.0,28.39885,0.590786
2017-11-15T00:00:00Z,0.0,12.0,64.0,28.51767,0.56508636
2017-11-15T00:00:00Z,0.0,12.0,66.0,28.692446,0.5397167
2017-11-15T00:00:00Z,0.0,12.0,68.0,28.924599,0.533432
2017-11-15T00:00:00Z,0.0,12.0,70.0,29.160423,0.54463387
2017-11-15T00:00:00Z,0.0,12.0,72.0,29.317122,0.5587063
2017-11-15T00:00:00Z,0.0,12.0,74.0,29.379213,0.59908485
2017-11-15T00:00:00Z,0.0,12.0,76.0,29.361725,0.62805176
2017-11-15T00:00:00Z,0.0,14.0,56.0,28.0435,0.66350174
2017-11-15T00:00:00Z,0.0,14.0,58.0,28.079298,0.62031746
2017-11-15T00:00:00Z,0.0,14.0,60.0,28.110533,0.57824135
2017-11-15T00:00:00Z,0.0,14.0,62.0,28.1747,0.54951286
2017-11-15T00:00:00Z,0.0,14.0,64.0,28.28904,0.5269985
2017-11-15T00:00:00Z,0.0,14.0,66.0,28.475727,0.50185204
2017-11-15T00:00:00Z,0.0,14.0,68.0,28.749445,0.49682045
2017-11-15T00:00:00Z,0.0,14.0,70.0,29.035284,0.50993156
2017-11-15T00:00:00Z,0.0,14.0,72.0,29.23133,0.5292053
2017-11-15T00:00:00Z,0.0,14.0,74.0,29.325645,0.5668678
2017-11-15T00:00:00Z,0.0,14.0,76.0,NaN,NaN
2017-11-15T00:00:00Z,0.0,16.0,56.0,27.999918,0.70129967
2017-11-15T00:00:00Z,0.0,16.0,58.0,27.994003,0.6478157
2017-11-15T00:00:00Z,0.0,16.0,60.0,28.000568,0.5705452
2017-11-15T00:00:00Z,0.0,16.0,62.0,28.030973,0.502264
2017-11-15T00:00:00Z,0.0,16.0,64.0,28.107834,0.4595642
2017-11-15T00:00:00Z,0.0,16.0,66.0,28.286924,0.43600655
2017-11-15T00:00:00Z,0.0,16.0,68.0,28.5669,0.42471123
2017-11-15T00:00:00Z,0.0,16.0,70.0,28.838882,0.42269516
2017-11-15T00:00:00Z,0.0,16.0,72.0,29.022135,0.4368
2017-11-15T00:00:00Z,0.0,16.0,74.0,29.156755,0.48389435
2017-11-15T00:00:00Z,0.0,16.0,76.0,NaN,NaN
2017-11-15T00:00:00Z,0.0,18.0,56.0,27.926826,0.7298069
2017-11-15T00:00:00Z,0.0,18.0,58.0,27.885868,0.6856785
2017-11-15T00:00:00Z,0.0,18.0,60.0,27.904242,0.59511566
2017-11-15T00:00:00Z,0.0,18.0,62.0,27.935057,0.49484634
2017-11-15T00:00:00Z,0.0,18.0,64.0,27.973743,0.4143448
2017-11-15T00:00:00Z,0.0,18.0,66.0,28.115528,0.37010956
2017-11-15T00:00:00Z,0.0,18.0,68.0,28.335197,0.3284874
2017-11-15T00:00:00Z,0.0,18.0,70.0,28.505142,0.28530693
2017-11-15T00:00:00Z,0.0,18.0,72.0,28.585545,0.26821136
2017-11-15T00:00:00Z,0.0,18.0,74.0,NaN,NaN
2017-11-15T00:00:00Z,0.0,18.0,76.0,NaN,NaN
2017-11-15T00:00:00Z,0.0,20.0,56.0,NaN,NaN
2017-11-15T00:00:00Z,0.0,20.0,58.0,27.805061,0.7035427
2017-11-15T00:00:00Z,0.0,20.0,60.0,27.83417,0.64040565
2017-11-15T00:00:00Z,0.0,20.0,62.0,27.886648,0.54554176
2017-11-15T00:00:00Z,0.0,20.0,64.0,27.905146,0.44104195
2017-11-15T00:00:00Z,0.0,20.0,66.0,27.954506,0.34823608
2017-11-15T00:00:00Z,0.0,20.0,68.0,28.012676,0.24796677
2017-11-15T00:00:00Z,0.0,20.0,70.0,28.05383,0.16555214
2017-11-15T00:00:00Z,0.0,20.0,72.0,28.103077,0.105846405
2017-11-15T00:00:00Z,0.0,20.0,74.0,NaN,NaN
2017-11-15T00:00:00Z,0.0,20.0,76.0,NaN,NaN
2017-11-15T00:00:00Z,0.0,22.0,56.0,NaN,NaN
2017-11-15T00:00:00Z,0.0,22.0,58.0,NaN,NaN
2017-11-15T00:00:00Z,0.0,22.0,60.0,27.830767,0.6816082
2017-11-15T00:00:00Z,0.0,22.0,62.0,27.852875,0.61249924
2017-11-15T00:00:00Z,0.0,22.0,64.0,27.81615,0.49692154
2017-11-15T00:00:00Z,0.0,22.0,66.0,27.742825,0.36488533
2017-11-15T00:00:00Z,0.0,22.0,68.0,27.650276,0.22266388
2017-11-15T00:00:00Z,0.0,22.0,70.0,27.661142,0.11354065
2017-11-15T00:00:00Z,0.0,22.0,72.0,NaN,NaN
2017-11-15T00:00:00Z,0.0,22.0,74.0,NaN,NaN
2017-11-15T00:00:00Z,0.0,22.0,76.0,NaN,NaN
2017-11-15T00:00:00Z,0.0,24.0,56.0,NaN,NaN
2017-11-15T00:00:00Z,0.0,24.0,58.0,NaN,NaN
2017-11-15T00:00:00Z,0.0,24.0,60.0,27.854568,0.7318554
2017-11-15T00:00:00Z,0.0,24.0,62.0,27.762777,0.64548874
2017-11-15T00:00:00Z,0.0,24.0,64.0,27.621742,0.5120487
2017-11-15T00:00:00Z,0.0,24.0,66.0,27.476868,0.3781109
2017-11-15T00:00:00Z,0.0,24.0,68.0,27.399973,0.24517441
2017-11-15T00:00:00Z,0.0,24.0,70.0,NaN,NaN
2017-11-15T00:00:00Z,0.0,24.0,72.0,NaN,NaN
2017-11-15T00:00:00Z,0.0,24.0,74.0,NaN,NaN
2017-11-15T00:00:00Z,0.0,24.0,76.0,NaN,NaN
2017-11-15T00:00:00Z,0.0,26.0,56.0,28.677042,0.97753906
2017-11-15T00:00:00Z,0.0,26.0,58.0,28.218918,0.8702774
2017-11-15T00:00:00Z,0.0,26.0,60.0,27.856579,0.7399883
2017-11-15T00:00:00Z,0.0,26.0,62.0,NaN,NaN
2017-11-15T00:00:00Z,0.0,26.0,64.0,27.402464,0.4622326
2017-11-15T00:00:00Z,0.0,26.0,66.0,27.322893,0.40365982
2017-11-15T00:00:00Z,0.0,26.0,68.0,NaN,NaN
2017-11-15T00:00:00Z,0.0,26.0,70.0,NaN,NaN
2017-11-15T00:00:00Z,0.0,26.0,72.0,NaN,NaN
2017-11-15T00:00:00Z,0.0,26.0,74.0,NaN,NaN
2017-11-15T00:00:00Z,0.0,26.0,76.0,NaN,NaN
2017-12-15T00:00:00Z,0.0,8.0,56.0,27.487938,0.17162514
2017-12-15T00:00:00Z,0.0,8.0,58.0,27.682396,0.16020966
2017-12-15T00:00:00Z,0.0,8.0,60.0,27.859295,0.12825203
2017-12-15T00:00:00Z,0.0,8.0,62.0,28.01192,0.09542084
2017-12-15T00:00:00Z,0.0,8.0,64.0,28.160824,0.07442665
2017-12-15T00:00:00Z,0.0,8.0,66.0,28.318275,0.0619812
2017-12-15T00:00:00Z,0.0,8.0,68.0,28.45878,0.056821823
2017-12-15T00:00:00Z,0.0,8.0,70.0,28.539684,0.05701828
2017-12-15T00:00:00Z,0.0,8.0,72.0,28.565323,0.09148979
2017-12-15T00:00:00Z,0.0,8.0,74.0,28.576326,0.19416046
2017-12-15T00:00:00Z,0.0,8.0,76.0,28.480944,0.2623043
2017-12-15T00:00:00Z,0.0,10.0,56.0,27.154003,0.16594124
2017-12-15T00:00:00Z,0.0,10.0,58.0,27.28779,0.14993477
2017-12-15T00:00:00Z,0.0,10.0,60.0,27.423458,0.118852615
2017-12-15T00:00:00Z,0.0,10.0,62.0,27.558384,0.08082199
2017-12-15T00:00:00Z,0.0,10.0,64.0,27.720686,0.042455673
2017-12-15T00:00:00Z,0.0,10.0,66.0,27.926275,0.00715065
2017-12-15T00:00:00Z,0.0,10.0,68.0,28.14375,-0.016542435
2017-12-15T00:00:00Z,0.0,10.0,70.0,28.335064,-0.018165588
2017-12-15T00:00:00Z,0.0,10.0,72.0,28.485035,0.02786827
2017-12-15T00:00:00Z,0.0,10.0,74.0,28.585978,0.13841438
2017-12-15T00:00:00Z,0.0,10.0,76.0,28.573578,0.22202301
2017-12-15T00:00:00Z,0.0,12.0,56.0,26.795176,0.15792656
2017-12-15T00:00:00Z,0.0,12.0,58.0,26.88042,0.13623238
2017-12-15T00:00:00Z,0.0,12.0,60.0,26.968826,0.10588837
2017-12-15T00:00:00Z,0.0,12.0,62.0,27.077833,0.07277107
2017-12-15T00:00:00Z,0.0,12.0,64.0,27.226645,0.011520386
2017-12-15T00:00:00Z,0.0,12.0,66.0,27.451513,-0.05952835
2017-12-15T00:00:00Z,0.0,12.0,68.0,27.737686,-0.107688904
2017-12-15T00:00:00Z,0.0,12.0,70.0,28.044514,-0.108675
2017-12-15T00:00:00Z,0.0,12.0,72.0,28.301775,-0.067266464
2017-12-15T00:00:00Z,0.0,12.0,74.0,28.491062,0.037179947
2017-12-15T00:00:00Z,0.0,12.0,76.0,28.586723,0.1369381
2017-12-15T00:00:00Z,0.0,14.0,56.0,26.424109,0.11985779
2017-12-15T00:00:00Z,0.0,14.0,58.0,26.485567,0.08573341
2017-12-15T00:00:00Z,0.0,14.0,60.0,26.565948,0.053323746
2017-12-15T00:00:00Z,0.0,14.0,62.0,26.650784,0.011449814
2017-12-15T00:00:00Z,0.0,14.0,64.0,26.772396,-0.06010437
2017-12-15T00:00:00Z,0.0,14.0,66.0,26.986492,-0.15532112
2017-12-15T00:00:00Z,0.0,14.0,68.0,27.315042,-0.22289658
2017-12-15T00:00:00Z,0.0,14.0,70.0,27.69073,-0.23570824
2017-12-15T00:00:00Z,0.0,14.0,72.0,28.004257,-0.20715904
2017-12-15T00:00:00Z,0.0,14.0,74.0,28.223726,-0.1287365
2017-12-15T00:00:00Z,0.0,14.0,76.0,NaN,NaN
2017-12-15T00:00:00Z,0.0,16.0,56.0,26.084253,0.054531097
2017-12-15T00:00:00Z,0.0,16.0,58.0,26.117733,0.011024475
2017-12-15T00:00:00Z,0.0,16.0,60.0,26.203396,-0.035856247
2017-12-15T00:00:00Z,0.0,16.0,62.0,26.264265,-0.10715294
2017-12-15T00:00:00Z,0.0,16.0,64.0,26.331787,-0.20561028
2017-12-15T00:00:00Z,0.0,16.0,66.0,26.523138,-0.31046677
2017-12-15T00:00:00Z,0.0,16.0,68.0,26.870087,-0.38370514
2017-12-15T00:00:00Z,0.0,16.0,70.0,27.241146,-0.40725136
2017-12-15T00:00:00Z,0.0,16.0,72.0,27.550724,-0.38103294
2017-12-15T00:00:00Z,0.0,16.0,74.0,27.827688,-0.30731964
2017-12-15T00:00:00Z,0.0,16.0,76.0,NaN,NaN
2017-12-15T00:00:00Z,0.0,18.0,56.0,25.847523,-0.0039577484
2017-12-15T00:00:00Z,0.0,18.0,58.0,25.823248,-0.042411804
2017-12-15T00:00:00Z,0.0,18.0,60.0,25.881327,-0.109277725
2017-12-15T00:00:00Z,0.0,18.0,62.0,25.914122,-0.21508598
2017-12-15T00:00:00Z,0.0,18.0,64.0,25.925707,-0.3533554
2017-12-15T00:00:00Z,0.0,18.0,66.0,26.067362,-0.47805405
2017-12-15T00:00:00Z,0.0,18.0,68.0,26.344858,-0.57224464
2017-12-15T00:00:00Z,0.0,18.0,70.0,26.579681,-0.6236744
2017-12-15T00:00:00Z,0.0,18.0,72.0,26.72045,-0.621809
2017-12-15T00:00:00Z,0.0,18.0,74.0,NaN,NaN
2017-12-15T00:00:00Z,0.0,18.0,76.0,NaN,NaN
2017-12-15T00:00:00Z,0.0,20.0,56.0,NaN,NaN
2017-12-15T00:00:00Z,0.0,20.0,58.0,25.647682,-0.065244675
2017-12-15T00:00:00Z,0.0,20.0,60.0,25.642912,-0.12274742
2017-12-15T00:00:00Z,0.0,20.0,62.0,25.654175,-0.2399292
2017-12-15T00:00:00Z,0.0,20.0,64.0,25.628973,-0.40981674
2017-12-15T00:00:00Z,0.0,20.0,66.0,25.645555,-0.58263206
2017-12-15T00:00:00Z,0.0,20.0,68.0,25.700245,-0.7312584
2017-12-15T00:00:00Z,0.0,20.0,70.0,25.750687,-0.81479454
2017-12-15T00:00:00Z,0.0,20.0,72.0,25.859348,-0.8502636
2017-12-15T00:00:00Z,0.0,20.0,74.0,NaN,NaN
2017-12-15T00:00:00Z,0.0,20.0,76.0,NaN,NaN
2017-12-15T00:00:00Z,0.0,22.0,56.0,NaN,NaN
2017-12-15T00:00:00Z,0.0,22.0,58.0,NaN,NaN
2017-12-15T00:00:00Z,0.0,22.0,60.0,25.444124,-0.08734703
2017-12-15T00:00:00Z,0.0,22.0,62.0,25.457989,-0.19603348
2017-12-15T00:00:00Z,0.0,22.0,64.0,25.390518,-0.38646126
2017-12-15T00:00:00Z,0.0,22.0,66.0,25.24404,-0.6028576
2017-12-15T00:00:00Z,0.0,22.0,68.0,25.081434,-0.79616356
2017-12-15T00:00:00Z,0.0,22.0,70.0,25.098064,-0.9115391
2017-12-15T00:00:00Z,0.0,22.0,72.0,NaN,NaN
2017-12-15T00:00:00Z,0.0,22.0,74.0,NaN,NaN
2017-12-15T00:00:00Z,0.0,22.0,76.0,NaN,NaN
2017-12-15T00:00:00Z,0.0,24.0,56.0,NaN,NaN
2017-12-15T00:00:00Z,0.0,24.0,58.0,NaN,NaN
2017-12-15T00:00:00Z,0.0,24.0,60.0,25.268213,-0.006093979
2017-12-15T00:00:00Z,0.0,24.0,62.0,25.259918,-0.15652657
2017-12-15T00:00:00Z,0.0,24.0,64.0,25.132957,-0.37100983
2017-12-15T00:00:00Z,0.0,24.0,66.0,24.90432,-0.57946587
2017-12-15T00:00:00Z,0.0,24.0,68.0,24.742489,-0.7706585
2017-12-15T00:00:00Z,0.0,24.0,70.0,NaN,NaN
2017-12-15T00:00:00Z,0.0,24.0,72.0,NaN,NaN
2017-12-15T00:00:00Z,0.0,24.0,74.0,NaN,NaN
2017-12-15T00:00:00Z,0.0,24.0,76.0,NaN,NaN
2017-12-15T00:00:00Z,0.0,26.0,56.0,25.475292,0.4005432
2017-12-15T00:00:00Z,0.0,26.0,58.0,25.303867,0.20493507
2017-12-15T00:00:00Z,0.0,26.0,60.0,25.130308,0.017398834
2017-12-15T00:00:00Z,0.0,26.0,62.0,NaN,NaN
2017-12-15T00:00:00Z,0.0,26.0,64.0,24.906057,-0.42137146
2017-12-15T00:00:00Z,0.0,26.0,66.0,24.76574,-0.53028107
2017-12-15T00:00:00Z,0.0,26.0,68.0,NaN,NaN
2017-12-15T00:00:00Z,0.0,26.0,70.0,NaN,NaN
2017-12-15T00:00:00Z,0.0,26.0,72.0,NaN,NaN
2017-12-15T00:00:00Z,0.0,26.0,74.0,NaN,NaN
2017-12-15T00:00:00Z,0.0,26.0,76.0,NaN,NaN
2018-01-15T00:00:00Z,0.0,8.0,56.0,26.62793,-0.1952362
2018-01-15T00:00:00Z,0.0,8.0,58.0,26.917505,-0.12978363
2018-01-15T00:00:00Z,0.0,8.0,60.0,27.19988,-0.061782837
2018-01-15T00:00:00Z,0.0,8.0,62.0,27.472122,-0.0027942657
2018-01-15T00:00:00Z,0.0,8.0,64.0,27.733416,0.042604446
2018-01-15T00:00:00Z,0.0,8.0,66.0,27.967974,0.076387405
2018-01-15T00:00:00Z,0.0,8.0,68.0,28.163206,0.11389351
2018-01-15T00:00:00Z,0.0,8.0,70.0,28.290188,0.14714622
2018-01-15T00:00:00Z,0.0,8.0,72.0,28.28468,0.124824524
2018-01-15T00:00:00Z,0.0,8.0,74.0,28.279278,0.17536163
2018-01-15T00:00:00Z,0.0,8.0,76.0,28.167698,0.20987892
2018-01-15T00:00:00Z,0.0,10.0,56.0,26.28156,-0.11881065
2018-01-15T00:00:00Z,0.0,10.0,58.0,26.49394,-0.074201584
2018-01-15T00:00:00Z,0.0,10.0,60.0,26.700052,-0.041318893
2018-01-15T00:00:00Z,0.0,10.0,62.0,26.9208,-0.020179749
2018-01-15T00:00:00Z,0.0,10.0,64.0,27.198727,0.006706238
2018-01-15T00:00:00Z,0.0,10.0,66.0,27.51117,0.035837173
2018-01-15T00:00:00Z,0.0,10.0,68.0,27.803055,0.062618256
2018-01-15T00:00:00Z,0.0,10.0,70.0,28.05744,0.10264778
2018-01-15T00:00:00Z,0.0,10.0,72.0,28.19833,0.10593414
2018-01-15T00:00:00Z,0.0,10.0,74.0,28.30254,0.16929054
2018-01-15T00:00:00Z,0.0,10.0,76.0,28.298504,0.22097778
2018-01-15T00:00:00Z,0.0,12.0,56.0,25.85209,-0.06163788
2018-01-15T00:00:00Z,0.0,12.0,58.0,26.013239,-0.015384674
2018-01-15T00:00:00Z,0.0,12.0,60.0,26.170944,0.010799408
2018-01-15T00:00:00Z,0.0,12.0,62.0,26.358572,0.023740768
2018-01-15T00:00:00Z,0.0,12.0,64.0,26.637325,0.03230667
2018-01-15T00:00:00Z,0.0,12.0,66.0,27.004845,0.04186821
2018-01-15T00:00:00Z,0.0,12.0,68.0,27.389408,0.048765182
2018-01-15T00:00:00Z,0.0,12.0,70.0,27.779627,0.098501205
2018-01-15T00:00:00Z,0.0,12.0,72.0,28.059166,0.1224556
2018-01-15T00:00:00Z,0.0,12.0,74.0,28.253862,0.17436028
2018-01-15T00:00:00Z,0.0,12.0,76.0,28.365131,0.2311039
2018-01-15T00:00:00Z,0.0,14.0,56.0,25.389158,-0.0664444
2018-01-15T00:00:00Z,0.0,14.0,58.0,25.52995,-0.014945984
2018-01-15T00:00:00Z,0.0,14.0,60.0,25.697329,0.033599854
2018-01-15T00:00:00Z,0.0,14.0,62.0,25.874966,0.06069565
2018-01-15T00:00:00Z,0.0,14.0,64.0,26.127966,0.061279297
2018-01-15T00:00:00Z,0.0,14.0,66.0,26.508593,0.05224037
2018-01-15T00:00:00Z,0.0,14.0,68.0,26.974611,0.05069542
2018-01-15T00:00:00Z,0.0,14.0,70.0,27.460464,0.09263229
2018-01-15T00:00:00Z,0.0,14.0,72.0,27.838942,0.13169098
2018-01-15T00:00:00Z,0.0,14.0,74.0,28.065203,0.16086769
2018-01-15T00:00:00Z,0.0,14.0,76.0,NaN,NaN
2018-01-15T00:00:00Z,0.0,16.0,56.0,24.948177,-0.14105797
2018-01-15T00:00:00Z,0.0,16.0,58.0,25.054548,-0.09199333
2018-01-15T00:00:00Z,0.0,16.0,60.0,25.25101,-0.019237518
2018-01-15T00:00:00Z,0.0,16.0,62.0,25.434221,0.026493073
2018-01-15T00:00:00Z,0.0,16.0,64.0,25.650951,0.031764984
2018-01-15T00:00:00Z,0.0,16.0,66.0,26.019493,0.016868591
2018-01-15T00:00:00Z,0.0,16.0,68.0,26.534136,0.016553879
2018-01-15T00:00:00Z,0.0,16.0,70.0,27.021864,0.039239883
2018-01-15T00:00:00Z,0.0,16.0,72.0,27.423021,0.09378624
2018-01-15T00:00:00Z,0.0,16.0,74.0,27.723553,0.12265587
2018-01-15T00:00:00Z,0.0,16.0,76.0,NaN,NaN
2018-01-15T00:00:00Z,0.0,18.0,56.0,24.63099,-0.21810341
2018-01-15T00:00:00Z,0.0,18.0,58.0,24.66076,-0.16732216
2018-01-15T00:00:00Z,0.0,18.0,60.0,24.829767,-0.09229469
2018-01-15T00:00:00Z,0.0,18.0,62.0,25.00933,-0.03352356
2018-01-15T00:00:00Z,0.0,18.0,64.0,25.190962,-0.029371262
2018-01-15T00:00:00Z,0.0,18.0,66.0,25.513943,-0.05330658
2018-01-15T00:00:00Z,0.0,18.0,68.0,25.950846,-0.08121681
2018-01-15T00:00:00Z,0.0,18.0,70.0,26.27123,-0.09793663
2018-01-15T00:00:00Z,0.0,18.0,72.0,26.456099,-0.07344818
2018-01-15T00:00:00Z,0.0,18.0,74.0,NaN,NaN
2018-01-15T00:00:00Z,0.0,18.0,76.0,NaN,NaN
2018-01-15T00:00:00Z,0.0,20.0,56.0,NaN,NaN
2018-01-15T00:00:00Z,0.0,20.0,58.0,24.423416,-0.1787777
2018-01-15T00:00:00Z,0.0,20.0,60.0,24.487972,-0.10334015
2018-01-15T00:00:00Z,0.0,20.0,62.0,24.628948,-0.04971695
2018-01-15T00:00:00Z,0.0,20.0,64.0,24.782413,-0.053647995
2018-01-15T00:00:00Z,0.0,20.0,66.0,24.96797,-0.11654854
2018-01-15T00:00:00Z,0.0,20.0,68.0,25.15133,-0.19593811
2018-01-15T00:00:00Z,0.0,20.0,70.0,25.255573,-0.24775887
2018-01-15T00:00:00Z,0.0,20.0,72.0,25.40563,-0.27139664
2018-01-15T00:00:00Z,0.0,20.0,74.0,NaN,NaN
2018-01-15T00:00:00Z,0.0,20.0,76.0,NaN,NaN
2018-01-15T00:00:00Z,0.0,22.0,56.0,NaN,NaN
2018-01-15T00:00:00Z,0.0,22.0,58.0,NaN,NaN
2018-01-15T00:00:00Z,0.0,22.0,60.0,24.209028,-0.009931564
2018-01-15T00:00:00Z,0.0,22.0,62.0,24.31693,0.00784874
2018-01-15T00:00:00Z,0.0,22.0,64.0,24.409452,-0.025922775
2018-01-15T00:00:00Z,0.0,22.0,66.0,24.41146,-0.12668419
2018-01-15T00:00:00Z,0.0,22.0,68.0,24.352173,-0.24510384
2018-01-15T00:00:00Z,0.0,22.0,70.0,24.425816,-0.34274673
2018-01-15T00:00:00Z,0.0,22.0,72.0,NaN,NaN
2018-01-15T00:00:00Z,0.0,22.0,74.0,NaN,NaN
2018-01-15T00:00:00Z,0.0,22.0,76.0,NaN,NaN
2018-01-15T00:00:00Z,0.0,24.0,56.0,NaN,NaN
2018-01-15T00:00:00Z,0.0,24.0,58.0,NaN,NaN
2018-01-15T00:00:00Z,0.0,24.0,60.0,23.951538,0.093278885
2018-01-15T00:00:00Z,0.0,24.0,62.0,24.044184,0.050750732
2018-01-15T00:00:00Z,0.0,24.0,64.0,24.100794,0.023965836
2018-01-15T00:00:00Z,0.0,24.0,66.0,23.98918,-0.08126259
2018-01-15T00:00:00Z,0.0,24.0,68.0,23.899149,-0.22669983
2018-01-15T00:00:00Z,0.0,24.0,70.0,NaN,NaN
2018-01-15T00:00:00Z,0.0,24.0,72.0,NaN,NaN
2018-01-15T00:00:00Z,0.0,24.0,74.0,NaN,NaN
2018-01-15T00:00:00Z,0.0,24.0,76.0,NaN,NaN
2018-01-15T00:00:00Z,0.0,26.0,56.0,23.308329,0.13124657
2018-01-15T00:00:00Z,0.0,26.0,58.0,23.657055,0.12790298
2018-01-15T00:00:00Z,0.0,26.0,60.0,23.789328,0.12345505
2018-01-15T00:00:00Z,0.0,26.0,62.0,NaN,NaN
2018-01-15T00:00:00Z,0.0,26.0,64.0,23.916546,0.038331985
2018-01-15T00:00:00Z,0.0,26.0,66.0,23.805593,-0.045581818
2018-01-15T00:00:00Z,0.0,26.0,68.0,NaN,NaN
2018-01-15T00:00:00Z,0.0,26.0,70.0,NaN,NaN
2018-01-15T00:00:00Z,0.0,26.0,72.0,NaN,NaN
2018-01-15T00:00:00Z,0.0,26.0,74.0,NaN,NaN
2018-01-15T00:00:00Z,0.0,26.0,76.0,NaN,NaN
2018-02-15T00:00:00Z,0.0,8.0,56.0,27.012447,-0.017450333
2018-02-15T00:00:00Z,0.0,8.0,58.0,27.245941,0.04581642
2018-02-15T00:00:00Z,0.0,8.0,60.0,27.507502,0.123212814
2018-02-15T00:00:00Z,0.0,8.0,62.0,27.796215,0.20140457
2018-02-15T00:00:00Z,0.0,8.0,64.0,28.073013,0.25638962
2018-02-15T00:00:00Z,0.0,8.0,66.0,28.296547,0.27490425
2018-02-15T00:00:00Z,0.0,8.0,68.0,28.47383,0.28009987
2018-02-15T00:00:00Z,0.0,8.0,70.0,28.596714,0.27867317
2018-02-15T00:00:00Z,0.0,8.0,72.0,28.605257,0.22450829
2018-02-15T00:00:00Z,0.0,8.0,74.0,28.633402,0.24900436
2018-02-15T00:00:00Z,0.0,8.0,76.0,28.560104,0.2687893
2018-02-15T00:00:00Z,0.0,10.0,56.0,26.489359,-0.05495262
2018-02-15T00:00:00Z,0.0,10.0,58.0,26.655472,-0.012174606
2018-02-15T00:00:00Z,0.0,10.0,60.0,26.865297,0.049131393
2018-02-15T00:00:00Z,0.0,10.0,62.0,27.134924,0.109695435
2018-02-15T00:00:00Z,0.0,10.0,64.0,27.468111,0.16640472
2018-02-15T00:00:00Z,0.0,10.0,66.0,27.812754,0.21389961
2018-02-15T00:00:00Z,0.0,10.0,68.0,28.116375,0.24627113
2018-02-15T00:00:00Z,0.0,10.0,70.0,28.377913,0.28053856
2018-02-15T00:00:00Z,0.0,10.0,72.0,28.53871,0.2737732
2018-02-15T00:00:00Z,0.0,10.0,74.0,28.680342,0.31827736
2018-02-15T00:00:00Z,0.0,10.0,76.0,28.718052,0.35231972
2018-02-15T00:00:00Z,0.0,12.0,56.0,25.973574,-0.062173843
2018-02-15T00:00:00Z,0.0,12.0,58.0,26.093632,-0.024055481
2018-02-15T00:00:00Z,0.0,12.0,60.0,26.257029,0.031757355
2018-02-15T00:00:00Z,0.0,12.0,62.0,26.492071,0.08242607
2018-02-15T00:00:00Z,0.0,12.0,64.0,26.850197,0.13688469
2018-02-15T00:00:00Z,0.0,12.0,66.0,27.288284,0.19995117
2018-02-15T00:00:00Z,0.0,12.0,68.0,27.706747,0.25089455
2018-02-15T00:00:00Z,0.0,12.0,70.0,28.10622,0.32463837
2018-02-15T00:00:00Z,0.0,12.0,72.0,28.39958,0.35237312
2018-02-15T00:00:00Z,0.0,12.0,74.0,28.637512,0.39850616
2018-02-15T00:00:00Z,0.0,12.0,76.0,28.79438,0.43995476
2018-02-15T00:00:00Z,0.0,14.0,56.0,25.530993,-0.044008255
2018-02-15T00:00:00Z,0.0,14.0,58.0,25.634502,0.0012111664
2018-02-15T00:00:00Z,0.0,14.0,60.0,25.774069,0.054172516
2018-02-15T00:00:00Z,0.0,14.0,62.0,25.972723,0.10639
2018-02-15T00:00:00Z,0.0,14.0,64.0,26.311241,0.16415787
2018-02-15T00:00:00Z,0.0,14.0,66.0,26.795385,0.23909378
2018-02-15T00:00:00Z,0.0,14.0,68.0,27.318464,0.31173515
2018-02-15T00:00:00Z,0.0,14.0,70.0,27.811703,0.39382935
2018-02-15T00:00:00Z,0.0,14.0,72.0,28.200256,0.44721413
2018-02-15T00:00:00Z,0.0,14.0,74.0,28.453108,0.47006035
2018-02-15T00:00:00Z,0.0,14.0,76.0,NaN,NaN
2018-02-15T00:00:00Z,0.0,16.0,56.0,25.180037,-0.011083603
2018-02-15T00:00:00Z,0.0,16.0,58.0,25.25371,0.040668488
2018-02-15T00:00:00Z,0.0,16.0,60.0,25.394245,0.091243744
2018-02-15T00:00:00Z,0.0,16.0,62.0,25.569279,0.14311028
2018-02-15T00:00:00Z,0.0,16.0,64.0,25.865255,0.21177673
2018-02-15T00:00:00Z,0.0,16.0,66.0,26.351162,0.29797363
2018-02-15T00:00:00Z,0.0,16.0,68.0,26.932575,0.38305283
2018-02-15T00:00:00Z,0.0,16.0,70.0,27.422333,0.45022964
2018-02-15T00:00:00Z,0.0,16.0,72.0,27.812462,0.50834465
2018-02-15T00:00:00Z,0.0,16.0,74.0,28.12564,0.5212612
2018-02-15T00:00:00Z,0.0,16.0,76.0,NaN,NaN
2018-02-15T00:00:00Z,0.0,18.0,56.0,24.936499,0.035970688
2018-02-15T00:00:00Z,0.0,18.0,58.0,24.937204,0.0987587
2018-02-15T00:00:00Z,0.0,18.0,60.0,25.058527,0.15171242
2018-02-15T00:00:00Z,0.0,18.0,62.0,25.21693,0.20286751
2018-02-15T00:00:00Z,0.0,18.0,64.0,25.463858,0.26741982
2018-02-15T00:00:00Z,0.0,18.0,66.0,25.897663,0.34412193
2018-02-15T00:00:00Z,0.0,18.0,68.0,26.401861,0.400486
2018-02-15T00:00:00Z,0.0,18.0,70.0,26.71548,0.4248352
2018-02-15T00:00:00Z,0.0,18.0,72.0,26.868181,0.45160484
2018-02-15T00:00:00Z,0.0,18.0,74.0,NaN,NaN
2018-02-15T00:00:00Z,0.0,18.0,76.0,NaN,NaN
2018-02-15T00:00:00Z,0.0,20.0,56.0,NaN,NaN
2018-02-15T00:00:00Z,0.0,20.0,58.0,24.71745,0.16955185
2018-02-15T00:00:00Z,0.0,20.0,60.0,24.738218,0.23827934
2018-02-15T00:00:00Z,0.0,20.0,62.0,24.859924,0.29646492
2018-02-15T00:00:00Z,0.0,20.0,64.0,25.057035,0.34124374
2018-02-15T00:00:00Z,0.0,20.0,66.0,25.345299,0.36777687
2018-02-15T00:00:00Z,0.0,20.0,68.0,25.606846,0.36401367
2018-02-15T00:00:00Z,0.0,20.0,70.0,25.714397,0.34502792
2018-02-15T00:00:00Z,0.0,20.0,72.0,25.847637,0.3353405
2018-02-15T00:00:00Z,0.0,20.0,74.0,NaN,NaN
2018-02-15T00:00:00Z,0.0,20.0,76.0,NaN,NaN
2018-02-15T00:00:00Z,0.0,22.0,56.0,NaN,NaN
2018-02-15T00:00:00Z,0.0,22.0,58.0,NaN,NaN
2018-02-15T00:00:00Z,0.0,22.0,60.0,24.378279,0.3687992
2018-02-15T00:00:00Z,0.0,22.0,62.0,24.482183,0.4168911
2018-02-15T00:00:00Z,0.0,22.0,64.0,24.625647,0.44685555
2018-02-15T00:00:00Z,0.0,22.0,66.0,24.721489,0.4115734
2018-02-15T00:00:00Z,0.0,22.0,68.0,24.748905,0.3390236
2018-02-15T00:00:00Z,0.0,22.0,70.0,24.870367,0.27197838
2018-02-15T00:00:00Z,0.0,22.0,72.0,NaN,NaN
2018-02-15T00:00:00Z,0.0,22.0,74.0,NaN,NaN
2018-02-15T00:00:00Z,0.0,22.0,76.0,NaN,NaN
2018-02-15T00:00:00Z,0.0,24.0,56.0,NaN,NaN
2018-02-15T00:00:00Z,0.0,24.0,58.0,NaN,NaN
2018-02-15T00:00:00Z,0.0,24.0,60.0,23.99434,0.47177887
2018-02-15T00:00:00Z,0.0,24.0,62.0,24.129751,0.49959183
2018-02-15T00:00:00Z,0.0,24.0,64.0,24.241598,0.5510273
2018-02-15T00:00:00Z,0.0,24.0,66.0,24.20886,0.4851818
2018-02-15T00:00:00Z,0.0,24.0,68.0,24.21359,0.36192703
2018-02-15T00:00:00Z,0.0,24.0,70.0,NaN,NaN
2018-02-15T00:00:00Z,0.0,24.0,72.0,NaN,NaN
2018-02-15T00:00:00Z,0.0,24.0,74.0,NaN,NaN
2018-02-15T00:00:00Z,0.0,24.0,76.0,NaN,NaN
2018-02-15T00:00:00Z,0.0,26.0,56.0,22.957838,0.5133381
2018-02-15T00:00:00Z,0.0,26.0,58.0,23.505146,0.48059082
2018-02-15T00:00:00Z,0.0,26.0,60.0,23.770103,0.5076599
2018-02-15T00:00:00Z,0.0,26.0,62.0,NaN,NaN
2018-02-15T00:00:00Z,0.0,26.0,64.0,24.026955,0.6032486
2018-02-15T00:00:00Z,0.0,26.0,66.0,23.963465,0.5395012
2018-02-15T00:00:00Z,0.0,26.0,68.0,NaN,NaN
2018-02-15T00:00:00Z,0.0,26.0,70.0,NaN,NaN
2018-02-15T00:00:00Z,0.0,26.0,72.0,NaN,NaN
2018-02-15T00:00:00Z,0.0,26.0,74.0,NaN,NaN
2018-02-15T00:00:00Z,0.0,26.0,76.0,NaN,NaN
2018-03-15T00:00:00Z,0.0,8.0,56.0,28.264296,0.26804543
2018-03-15T00:00:00Z,0.0,8.0,58.0,28.4154,0.31175423
2018-03-15T00:00:00Z,0.0,8.0,60.0,28.592283,0.34959602
2018-03-15T00:00:00Z,0.0,8.0,62.0,28.78449,0.3718872
2018-03-15T00:00:00Z,0.0,8.0,64.0,28.961235,0.37215424
2018-03-15T00:00:00Z,0.0,8.0,66.0,29.11339,0.35593224
2018-03-15T00:00:00Z,0.0,8.0,68.0,29.263891,0.3504753
2018-03-15T00:00:00Z,0.0,8.0,70.0,29.392782,0.35445023
2018-03-15T00:00:00Z,0.0,8.0,72.0,29.42164,0.3005581
2018-03-15T00:00:00Z,0.0,8.0,74.0,29.482347,0.31332588
2018-03-15T00:00:00Z,0.0,8.0,76.0,29.468489,0.33211327
2018-03-15T00:00:00Z,0.0,10.0,56.0,27.854183,0.27370262
2018-03-15T00:00:00Z,0.0,10.0,58.0,27.950092,0.3029461
2018-03-15T00:00:00Z,0.0,10.0,60.0,28.088545,0.3306923
2018-03-15T00:00:00Z,0.0,10.0,62.0,28.282879,0.34719467
2018-03-15T00:00:00Z,0.0,10.0,64.0,28.525223,0.35905838
2018-03-15T00:00:00Z,0.0,10.0,66.0,28.774506,0.37086105
2018-03-15T00:00:00Z,0.0,10.0,68.0,28.998964,0.37790298
2018-03-15T00:00:00Z,0.0,10.0,70.0,29.203909,0.3890152
2018-03-15T00:00:00Z,0.0,10.0,72.0,29.332079,0.35062218
2018-03-15T00:00:00Z,0.0,10.0,74.0,29.480387,0.36149406
2018-03-15T00:00:00Z,0.0,10.0,76.0,29.56566,0.384161
2018-03-15T00:00:00Z,0.0,12.0,56.0,27.489702,0.31811714
2018-03-15T00:00:00Z,0.0,12.0,58.0,27.55889,0.3457241
2018-03-15T00:00:00Z,0.0,12.0,60.0,27.660595,0.37407684
2018-03-15T00:00:00Z,0.0,12.0,62.0,27.832336,0.39094162
2018-03-15T00:00:00Z,0.0,12.0,64.0,28.10871,0.41493988
2018-03-15T00:00:00Z,0.0,12.0,66.0,28.420467,0.4407196
2018-03-15T00:00:00Z,0.0,12.0,68.0,28.689196,0.44761467
2018-03-15T00:00:00Z,0.0,12.0,70.0,28.952057,0.4667244
2018-03-15T00:00:00Z,0.0,12.0,72.0,29.157701,0.43332672
2018-03-15T00:00:00Z,0.0,12.0,74.0,29.378214,0.42931366
2018-03-15T00:00:00Z,0.0,12.0,76.0,29.557398,0.44194412
2018-03-15T00:00:00Z,0.0,14.0,56.0,27.146128,0.37545967
2018-03-15T00:00:00Z,0.0,14.0,58.0,27.217318,0.41004753
2018-03-15T00:00:00Z,0.0,14.0,60.0,27.308167,0.44068527
2018-03-15T00:00:00Z,0.0,14.0,62.0,27.454735,0.46629524
2018-03-15T00:00:00Z,0.0,14.0,64.0,27.719112,0.5001755
2018-03-15T00:00:00Z,0.0,14.0,66.0,28.056791,0.53508186
2018-03-15T00:00:00Z,0.0,14.0,68.0,28.372976,0.5486851
2018-03-15T00:00:00Z,0.0,14.0,70.0,28.666992,0.5591793
2018-03-15T00:00:00Z,0.0,14.0,72.0,28.935556,0.5469494
2018-03-15T00:00:00Z,0.0,14.0,74.0,29.155466,0.5249367
2018-03-15T00:00:00Z,0.0,14.0,76.0,NaN,NaN
2018-03-15T00:00:00Z,0.0,16.0,56.0,26.789131,0.41831017
2018-03-15T00:00:00Z,0.0,16.0,58.0,26.836338,0.45602417
2018-03-15T00:00:00Z,0.0,16.0,60.0,26.948534,0.48649025
2018-03-15T00:00:00Z,0.0,16.0,62.0,27.096104,0.51841545
2018-03-15T00:00:00Z,0.0,16.0,64.0,27.327509,0.55932236
2018-03-15T00:00:00Z,0.0,16.0,66.0,27.660109,0.60250473
2018-03-15T00:00:00Z,0.0,16.0,68.0,28.010773,0.6296482
2018-03-15T00:00:00Z,0.0,16.0,70.0,28.293776,0.6439228
2018-03-15T00:00:00Z,0.0,16.0,72.0,28.566736,0.6552563
2018-03-15T00:00:00Z,0.0,16.0,74.0,28.83603,0.62841606
2018-03-15T00:00:00Z,0.0,16.0,76.0,NaN,NaN
2018-03-15T00:00:00Z,0.0,18.0,56.0,26.465746,0.44732857
2018-03-15T00:00:00Z,0.0,18.0,58.0,26.427402,0.49336815
2018-03-15T00:00:00Z,0.0,18.0,60.0,26.540602,0.52526855
2018-03-15T00:00:00Z,0.0,18.0,62.0,26.703377,0.5576267
2018-03-15T00:00:00Z,0.0,18.0,64.0,26.910242,0.59524345
2018-03-15T00:00:00Z,0.0,18.0,66.0,27.207626,0.63402367
2018-03-15T00:00:00Z,0.0,18.0,68.0,27.516096,0.66251564
2018-03-15T00:00:00Z,0.0,18.0,70.0,27.677355,0.678648
2018-03-15T00:00:00Z,0.0,18.0,72.0,27.758537,0.6945572
2018-03-15T00:00:00Z,0.0,18.0,74.0,NaN,NaN
2018-03-15T00:00:00Z,0.0,18.0,76.0,NaN,NaN
2018-03-15T00:00:00Z,0.0,20.0,56.0,NaN,NaN
2018-03-15T00:00:00Z,0.0,20.0,58.0,26.100065,0.52053833
2018-03-15T00:00:00Z,0.0,20.0,60.0,26.110447,0.5705433
2018-03-15T00:00:00Z,0.0,20.0,62.0,26.249306,0.6098671
2018-03-15T00:00:00Z,0.0,20.0,64.0,26.426054,0.6263485
2018-03-15T00:00:00Z,0.0,20.0,66.0,26.643885,0.6400318
2018-03-15T00:00:00Z,0.0,20.0,68.0,26.819347,0.6527653
2018-03-15T00:00:00Z,0.0,20.0,70.0,26.864285,0.66493225
2018-03-15T00:00:00Z,0.0,20.0,72.0,26.942816,0.6730938
2018-03-15T00:00:00Z,0.0,20.0,74.0,NaN,NaN
2018-03-15T00:00:00Z,0.0,20.0,76.0,NaN,NaN
2018-03-15T00:00:00Z,0.0,22.0,56.0,NaN,NaN
2018-03-15T00:00:00Z,0.0,22.0,58.0,NaN,NaN
2018-03-15T00:00:00Z,0.0,22.0,60.0,25.649662,0.6595707
2018-03-15T00:00:00Z,0.0,22.0,62.0,25.748241,0.681221
2018-03-15T00:00:00Z,0.0,22.0,64.0,25.876465,0.68123627
2018-03-15T00:00:00Z,0.0,22.0,66.0,25.97929,0.6520233
2018-03-15T00:00:00Z,0.0,22.0,68.0,26.047684,0.62574005
2018-03-15T00:00:00Z,0.0,22.0,70.0,26.179527,0.61460114
2018-03-15T00:00:00Z,0.0,22.0,72.0,NaN,NaN
2018-03-15T00:00:00Z,0.0,22.0,74.0,NaN,NaN
2018-03-15T00:00:00Z,0.0,22.0,76.0,NaN,NaN
2018-03-15T00:00:00Z,0.0,24.0,56.0,NaN,NaN
2018-03-15T00:00:00Z,0.0,24.0,58.0,NaN,NaN
2018-03-15T00:00:00Z,0.0,24.0,60.0,25.211039,0.76737595
2018-03-15T00:00:00Z,0.0,24.0,62.0,25.308548,0.7421932
2018-03-15T00:00:00Z,0.0,24.0,64.0,25.371397,0.7358074
2018-03-15T00:00:00Z,0.0,24.0,66.0,25.384668,0.6787758
2018-03-15T00:00:00Z,0.0,24.0,68.0,25.491644,0.61060715
2018-03-15T00:00:00Z,0.0,24.0,70.0,NaN,NaN
2018-03-15T00:00:00Z,0.0,24.0,72.0,NaN,NaN
2018-03-15T00:00:00Z,0.0,24.0,74.0,NaN,NaN
2018-03-15T00:00:00Z,0.0,24.0,76.0,NaN,NaN
2018-03-15T00:00:00Z,0.0,26.0,56.0,23.970758,0.9370098
2018-03-15T00:00:00Z,0.0,26.0,58.0,24.621584,0.8417072
2018-03-15T00:00:00Z,0.0,26.0,60.0,24.964207,0.8316307
2018-03-15T00:00:00Z,0.0,26.0,62.0,NaN,NaN
2018-03-15T00:00:00Z,0.0,26.0,64.0,25.090765,0.7593956
2018-03-15T00:00:00Z,0.0,26.0,66.0,25.057573,0.696352
2018-03-15T00:00:00Z,0.0,26.0,68.0,NaN,NaN
2018-03-15T00:00:00Z,0.0,26.0,70.0,NaN,NaN
2018-03-15T00:00:00Z,0.0,26.0,72.0,NaN,NaN
2018-03-15T00:00:00Z,0.0,26.0,74.0,NaN,NaN
2018-03-15T00:00:00Z,0.0,26.0,76.0,NaN,NaN
2018-04-15T00:00:00Z,0.0,8.0,56.0,29.856268,0.48683357
2018-04-15T00:00:00Z,0.0,8.0,58.0,29.90381,0.4734993
2018-04-15T00:00:00Z,0.0,8.0,60.0,29.935492,0.4435749
2018-04-15T00:00:00Z,0.0,8.0,62.0,29.963839,0.39746284
2018-04-15T00:00:00Z,0.0,8.0,64.0,29.98974,0.33722115
2018-04-15T00:00:00Z,0.0,8.0,66.0,30.030409,0.2813282
2018-04-15T00:00:00Z,0.0,8.0,68.0,30.105019,0.2601242
2018-04-15T00:00:00Z,0.0,8.0,70.0,30.186195,0.26750946
2018-04-15T00:00:00Z,0.0,8.0,72.0,30.191103,0.2303524
2018-04-15T00:00:00Z,0.0,8.0,74.0,30.229343,0.25928116
2018-04-15T00:00:00Z,0.0,8.0,76.0,30.188753,0.2818718
2018-04-15T00:00:00Z,0.0,10.0,56.0,29.693321,0.5575924
2018-04-15T00:00:00Z,0.0,10.0,58.0,29.717493,0.54351425
2018-04-15T00:00:00Z,0.0,10.0,60.0,29.728525,0.5077324
2018-04-15T00:00:00Z,0.0,10.0,62.0,29.748266,0.44878578
2018-04-15T00:00:00Z,0.0,10.0,64.0,29.793322,0.3853855
2018-04-15T00:00:00Z,0.0,10.0,66.0,29.866323,0.33611488
2018-04-15T00:00:00Z,0.0,10.0,68.0,29.960562,0.3079567
2018-04-15T00:00:00Z,0.0,10.0,70.0,30.09521,0.32448006
2018-04-15T00:00:00Z,0.0,10.0,72.0,30.188543,0.31237793
2018-04-15T00:00:00Z,0.0,10.0,74.0,30.303503,0.34179497
2018-04-15T00:00:00Z,0.0,10.0,76.0,30.350698,0.36017227
2018-04-15T00:00:00Z,0.0,12.0,56.0,29.54566,0.63736725
2018-04-15T00:00:00Z,0.0,12.0,58.0,29.557543,0.631876
2018-04-15T00:00:00Z,0.0,12.0,60.0,29.537928,0.59121895
2018-04-15T00:00:00Z,0.0,12.0,62.0,29.53397,0.52492905
2018-04-15T00:00:00Z,0.0,12.0,64.0,29.586798,0.4670906
2018-04-15T00:00:00Z,0.0,12.0,66.0,29.670256,0.42284012
2018-04-15T00:00:00Z,0.0,12.0,68.0,29.760742,0.39030457
2018-04-15T00:00:00Z,0.0,12.0,70.0,29.914825,0.40749168
2018-04-15T00:00:00Z,0.0,12.0,72.0,30.067686,0.40099907
2018-04-15T00:00:00Z,0.0,12.0,74.0,30.249737,0.41657066
2018-04-15T00:00:00Z,0.0,12.0,76.0,30.392897,0.43050766
2018-04-15T00:00:00Z,0.0,14.0,56.0,29.334993,0.70703506
2018-04-15T00:00:00Z,0.0,14.0,58.0,29.348326,0.7114506
2018-04-15T00:00:00Z,0.0,14.0,60.0,29.321545,0.6671295
2018-04-15T00:00:00Z,0.0,14.0,62.0,29.304535,0.60095215
2018-04-15T00:00:00Z,0.0,14.0,64.0,29.351307,0.5495987
2018-04-15T00:00:00Z,0.0,14.0,66.0,29.443562,0.51873016
2018-04-15T00:00:00Z,0.0,14.0,68.0,29.544525,0.49521255
2018-04-15T00:00:00Z,0.0,14.0,70.0,29.69139,0.49768066
2018-04-15T00:00:00Z,0.0,14.0,72.0,29.873167,0.49560356
2018-04-15T00:00:00Z,0.0,14.0,74.0,30.044498,0.4844551
2018-04-15T00:00:00Z,0.0,14.0,76.0,NaN,NaN
2018-04-15T00:00:00Z,0.0,16.0,56.0,28.988096,0.7508812
2018-04-15T00:00:00Z,0.0,16.0,58.0,28.969242,0.7500534
2018-04-15T00:00:00Z,0.0,16.0,60.0,28.979424,0.704195
2018-04-15T00:00:00Z,0.0,16.0,62.0,28.996931,0.64676476
2018-04-15T00:00:00Z,0.0,16.0,64.0,29.044462,0.60481834
2018-04-15T00:00:00Z,0.0,16.0,66.0,29.143452,0.5892029
2018-04-15T00:00:00Z,0.0,16.0,68.0,29.265028,0.5830498
2018-04-15T00:00:00Z,0.0,16.0,70.0,29.38949,0.58465385
2018-04-15T00:00:00Z,0.0,16.0,72.0,29.564676,0.5897503
2018-04-15T00:00:00Z,0.0,16.0,74.0,29.754686,0.5502033
2018-04-15T00:00:00Z,0.0,16.0,76.0,NaN,NaN
2018-04-15T00:00:00Z,0.0,18.0,56.0,28.597086,0.7688713
2018-04-15T00:00:00Z,0.0,18.0,58.0,28.477333,0.7625122
2018-04-15T00:00:00Z,0.0,18.0,60.0,28.524364,0.72657394
2018-04-15T00:00:00Z,0.0,18.0,62.0,28.610537,0.685997
2018-04-15T00:00:00Z,0.0,18.0,64.0,28.68169,0.6535244
2018-04-15T00:00:00Z,0.0,18.0,66.0,28.772682,0.63905716
2018-04-15T00:00:00Z,0.0,18.0,68.0,28.878073,0.6475506
2018-04-15T00:00:00Z,0.0,18.0,70.0,28.928879,0.6654186
2018-04-15T00:00:00Z,0.0,18.0,72.0,28.965988,0.673378
2018-04-15T00:00:00Z,0.0,18.0,74.0,NaN,NaN
2018-04-15T00:00:00Z,0.0,18.0,76.0,NaN,NaN
2018-04-15T00:00:00Z,0.0,20.0,56.0,NaN,NaN
2018-04-15T00:00:00Z,0.0,20.0,58.0,28.115067,0.7697315
2018-04-15T00:00:00Z,0.0,20.0,60.0,28.10527,0.7657356
2018-04-15T00:00:00Z,0.0,20.0,62.0,28.21276,0.75413704
2018-04-15T00:00:00Z,0.0,20.0,64.0,28.294037,0.7232666
2018-04-15T00:00:00Z,0.0,20.0,66.0,28.35835,0.70536995
2018-04-15T00:00:00Z,0.0,20.0,68.0,28.40215,0.7229595
2018-04-15T00:00:00Z,0.0,20.0,70.0,28.393047,0.75167847
2018-04-15T00:00:00Z,0.0,20.0,72.0,28.428694,0.75209045
2018-04-15T00:00:00Z,0.0,20.0,74.0,NaN,NaN
2018-04-15T00:00:00Z,0.0,20.0,76.0,NaN,NaN
2018-04-15T00:00:00Z,0.0,22.0,56.0,NaN,NaN
2018-04-15T00:00:00Z,0.0,22.0,58.0,NaN,NaN
2018-04-15T00:00:00Z,0.0,22.0,60.0,27.803783,0.8644161
2018-04-15T00:00:00Z,0.0,22.0,62.0,27.8615,0.85993576
2018-04-15T00:00:00Z,0.0,22.0,64.0,27.902056,0.83626366
2018-04-15T00:00:00Z,0.0,22.0,66.0,27.911552,0.8083458
2018-04-15T00:00:00Z,0.0,22.0,68.0,27.918291,0.8059921
2018-04-15T00:00:00Z,0.0,22.0,70.0,27.987432,0.8071251
2018-04-15T00:00:00Z,0.0,22.0,72.0,NaN,NaN
2018-04-15T00:00:00Z,0.0,22.0,74.0,NaN,NaN
2018-04-15T00:00:00Z,0.0,22.0,76.0,NaN,NaN
2018-04-15T00:00:00Z,0.0,24.0,56.0,NaN,NaN
2018-04-15T00:00:00Z,0.0,24.0,58.0,NaN,NaN
2018-04-15T00:00:00Z,0.0,24.0,60.0,27.547523,0.9633446
2018-04-15T00:00:00Z,0.0,24.0,62.0,27.559654,0.938488
2018-04-15T00:00:00Z,0.0,24.0,64.0,27.53165,0.94345665
2018-04-15T00:00:00Z,0.0,24.0,66.0,27.491638,0.9072914
2018-04-15T00:00:00Z,0.0,24.0,68.0,27.55638,0.8617687
2018-04-15T00:00:00Z,0.0,24.0,70.0,NaN,NaN
2018-04-15T00:00:00Z,0.0,24.0,72.0,NaN,NaN
2018-04-15T00:00:00Z,0.0,24.0,74.0,NaN,NaN
2018-04-15T00:00:00Z,0.0,24.0,76.0,NaN,NaN
2018-04-15T00:00:00Z,0.0,26.0,56.0,26.37699,1.0784054
2018-04-15T00:00:00Z,0.0,26.0,58.0,27.045485,1.0067348
2018-04-15T00:00:00Z,0.0,26.0,60.0,27.38075,1.0097885
2018-04-15T00:00:00Z,0.0,26.0,62.0,NaN,NaN
2018-04-15T00:00:00Z,0.0,26.0,64.0,27.288387,0.99077034
2018-04-15T00:00:00Z,0.0,26.0,66.0,27.22873,0.94374084
2018-04-15T00:00:00Z,0.0,26.0,68.0,NaN,NaN
2018-04-15T00:00:00Z,0.0,26.0,70.0,NaN,NaN
2018-04-15T00:00:00Z,0.0,26.0,72.0,NaN,NaN
2018-04-15T00:00:00Z,0.0,26.0,74.0,NaN,NaN
2018-04-15T00:00:00Z,0.0,26.0,76.0,NaN,NaN
2018-05-15T00:00:00Z,0.0,8.0,56.0,30.07141,0.45803642
2018-05-15T00:00:00Z,0.0,8.0,58.0,30.24351,0.44836426
2018-05-15T00:00:00Z,0.0,8.0,60.0,30.305536,0.41385078
2018-05-15T00:00:00Z,0.0,8.0,62.0,30.31529,0.3788128
2018-05-15T00:00:00Z,0.0,8.0,64.0,30.312805,0.35313797
2018-05-15T00:00:00Z,0.0,8.0,66.0,30.320065,0.34283447
2018-05-15T00:00:00Z,0.0,8.0,68.0,30.358646,0.36758423
2018-05-15T00:00:00Z,0.0,8.0,70.0,30.410353,0.4157505
2018-05-15T00:00:00Z,0.0,8.0,72.0,30.373447,0.4026146
2018-05-15T00:00:00Z,0.0,8.0,74.0,30.330786,0.4469509
2018-05-15T00:00:00Z,0.0,8.0,76.0,30.185137,0.48475266
2018-05-15T00:00:00Z,0.0,10.0,56.0,30.13113,0.58052444
2018-05-15T00:00:00Z,0.0,10.0,58.0,30.312035,0.5892849
2018-05-15T00:00:00Z,0.0,10.0,60.0,30.365562,0.55989647
2018-05-15T00:00:00Z,0.0,10.0,62.0,30.378527,0.525383
2018-05-15T00:00:00Z,0.0,10.0,64.0,30.391825,0.5015774
2018-05-15T00:00:00Z,0.0,10.0,66.0,30.420084,0.49929237
2018-05-15T00:00:00Z,0.0,10.0,68.0,30.464619,0.5142441
2018-05-15T00:00:00Z,0.0,10.0,70.0,30.534271,0.5506687
2018-05-15T00:00:00Z,0.0,10.0,72.0,30.5303,0.53219795
2018-05-15T00:00:00Z,0.0,10.0,74.0,30.510113,0.5508003
2018-05-15T00:00:00Z,0.0,10.0,76.0,30.435144,0.57253075
2018-05-15T00:00:00Z,0.0,12.0,56.0,30.318548,0.7142563
2018-05-15T00:00:00Z,0.0,12.0,58.0,30.420536,0.7344532
2018-05-15T00:00:00Z,0.0,12.0,60.0,30.431772,0.71152306
2018-05-15T00:00:00Z,0.0,12.0,62.0,30.428272,0.66877365
2018-05-15T00:00:00Z,0.0,12.0,64.0,30.452532,0.6444702
2018-05-15T00:00:00Z,0.0,12.0,66.0,30.49482,0.6475086
2018-05-15T00:00:00Z,0.0,12.0,68.0,30.530018,0.6507473
2018-05-15T00:00:00Z,0.0,12.0,70.0,30.602026,0.67883873
2018-05-15T00:00:00Z,0.0,12.0,72.0,30.628916,0.6593342
2018-05-15T00:00:00Z,0.0,12.0,74.0,30.64292,0.65335846
2018-05-15T00:00:00Z,0.0,12.0,76.0,30.636778,0.65942
2018-05-15T00:00:00Z,0.0,14.0,56.0,30.436892,0.8183079
2018-05-15T00:00:00Z,0.0,14.0,58.0,30.436396,0.83808327
2018-05-15T00:00:00Z,0.0,14.0,60.0,30.41884,0.8140087
2018-05-15T00:00:00Z,0.0,14.0,62.0,30.429844,0.77521896
2018-05-15T00:00:00Z,0.0,14.0,64.0,30.473387,0.7546177
2018-05-15T00:00:00Z,0.0,14.0,66.0,30.519514,0.75709915
2018-05-15T00:00:00Z,0.0,14.0,68.0,30.548292,0.7594166
2018-05-15T00:00:00Z,0.0,14.0,70.0,30.602419,0.7743969
2018-05-15T00:00:00Z,0.0,14.0,72.0,30.662518,0.7733917
2018-05-15T00:00:00Z,0.0,14.0,74.0,30.707842,0.76392746
2018-05-15T00:00:00Z,0.0,14.0,76.0,NaN,NaN
2018-05-15T00:00:00Z,0.0,16.0,56.0,30.224085,0.84825706
2018-05-15T00:00:00Z,0.0,16.0,58.0,30.153297,0.84913063
2018-05-15T00:00:00Z,0.0,16.0,60.0,30.19662,0.8318081
2018-05-15T00:00:00Z,0.0,16.0,62.0,30.293915,0.8123951
2018-05-15T00:00:00Z,0.0,16.0,64.0,30.3849,0.8088989
2018-05-15T00:00:00Z,0.0,16.0,66.0,30.440327,0.8164501
2018-05-15T00:00:00Z,0.0,16.0,68.0,30.469717,0.8254032
2018-05-15T00:00:00Z,0.0,16.0,70.0,30.504827,0.8402214
2018-05-15T00:00:00Z,0.0,16.0,72.0,30.590677,0.8645153
2018-05-15T00:00:00Z,0.0,16.0,74.0,30.678028,0.85328865
2018-05-15T00:00:00Z,0.0,16.0,76.0,NaN,NaN
2018-05-15T00:00:00Z,0.0,18.0,56.0,29.793962,0.82151794
2018-05-15T00:00:00Z,0.0,18.0,58.0,29.64679,0.8055954
2018-05-15T00:00:00Z,0.0,18.0,60.0,29.779354,0.8004379
2018-05-15T00:00:00Z,0.0,18.0,62.0,30.003077,0.8094921
2018-05-15T00:00:00Z,0.0,18.0,64.0,30.167757,0.8278637
2018-05-15T00:00:00Z,0.0,18.0,66.0,30.249174,0.84490395
2018-05-15T00:00:00Z,0.0,18.0,68.0,30.270271,0.85985184
2018-05-15T00:00:00Z,0.0,18.0,70.0,30.270782,0.89011383
2018-05-15T00:00:00Z,0.0,18.0,72.0,30.301262,0.92591286
2018-05-15T00:00:00Z,0.0,18.0,74.0,NaN,NaN
2018-05-15T00:00:00Z,0.0,18.0,76.0,NaN,NaN
2018-05-15T00:00:00Z,0.0,20.0,56.0,NaN,NaN
2018-05-15T00:00:00Z,0.0,20.0,58.0,29.324297,0.76555824
2018-05-15T00:00:00Z,0.0,20.0,60.0,29.461853,0.7883873
2018-05-15T00:00:00Z,0.0,20.0,62.0,29.721361,0.8249645
2018-05-15T00:00:00Z,0.0,20.0,64.0,29.905254,0.8533592
2018-05-15T00:00:00Z,0.0,20.0,66.0,29.989319,0.8737335
2018-05-15T00:00:00Z,0.0,20.0,68.0,29.992867,0.90584373
2018-05-15T00:00:00Z,0.0,20.0,70.0,29.973831,0.95261955
2018-05-15T00:00:00Z,0.0,20.0,72.0,30.015093,0.9845352
2018-05-15T00:00:00Z,0.0,20.0,74.0,NaN,NaN
2018-05-15T00:00:00Z,0.0,20.0,76.0,NaN,NaN
2018-05-15T00:00:00Z,0.0,22.0,56.0,NaN,NaN
2018-05-15T00:00:00Z,0.0,22.0,58.0,NaN,NaN
2018-05-15T00:00:00Z,0.0,22.0,60.0,29.551067,0.85045624
2018-05-15T00:00:00Z,0.0,22.0,62.0,29.654781,0.89071655
2018-05-15T00:00:00Z,0.0,22.0,64.0,29.714643,0.9199772
2018-05-15T00:00:00Z,0.0,22.0,66.0,29.723782,0.9344063
2018-05-15T00:00:00Z,0.0,22.0,68.0,29.70945,0.9641056
2018-05-15T00:00:00Z,0.0,22.0,70.0,29.746525,0.99531746
2018-05-15T00:00:00Z,0.0,22.0,72.0,NaN,NaN
2018-05-15T00:00:00Z,0.0,22.0,74.0,NaN,NaN
2018-05-15T00:00:00Z,0.0,22.0,76.0,NaN,NaN
2018-05-15T00:00:00Z,0.0,24.0,56.0,NaN,NaN
2018-05-15T00:00:00Z,0.0,24.0,58.0,NaN,NaN
2018-05-15T00:00:00Z,0.0,24.0,60.0,29.850645,0.9195061
2018-05-15T00:00:00Z,0.0,24.0,62.0,29.712086,0.9463005
2018-05-15T00:00:00Z,0.0,24.0,64.0,29.57247,0.9998226
2018-05-15T00:00:00Z,0.0,24.0,66.0,29.486732,1.0038223
2018-05-15T00:00:00Z,0.0,24.0,68.0,29.499289,1.0007057
2018-05-15T00:00:00Z,0.0,24.0,70.0,NaN,NaN
2018-05-15T00:00:00Z,0.0,24.0,72.0,NaN,NaN
2018-05-15T00:00:00Z,0.0,24.0,74.0,NaN,NaN
2018-05-15T00:00:00Z,0.0,24.0,76.0,NaN,NaN
2018-05-15T00:00:00Z,0.0,26.0,56.0,29.204239,0.8180771
2018-05-15T00:00:00Z,0.0,26.0,58.0,29.818306,0.8547249
2018-05-15T00:00:00Z,0.0,26.0,60.0,30.019773,0.9361458
2018-05-15T00:00:00Z,0.0,26.0,62.0,NaN,NaN
2018-05-15T00:00:00Z,0.0,26.0,64.0,29.430447,1.0401669
2018-05-15T00:00:00Z,0.0,26.0,66.0,29.339539,1.0282974
2018-05-15T00:00:00Z,0.0,26.0,68.0,NaN,NaN
2018-05-15T00:00:00Z,0.0,26.0,70.0,NaN,NaN
2018-05-15T00:00:00Z,0.0,26.0,72.0,NaN,NaN
2018-05-15T00:00:00Z,0.0,26.0,74.0,NaN,NaN
2018-05-15T00:00:00Z,0.0,26.0,76.0,NaN,NaN
2018-06-15T00:00:00Z,0.0,8.0,56.0,27.80387,-0.20933914
2018-06-15T00:00:00Z,0.0,8.0,58.0,28.386192,-0.082473755
2018-06-15T00:00:00Z,0.0,8.0,60.0,28.815275,0.023672104
2018-06-15T00:00:00Z,0.0,8.0,62.0,29.091223,0.0959301
2018-06-15T00:00:00Z,0.0,8.0,64.0,29.265322,0.14823723
2018-06-15T00:00:00Z,0.0,8.0,66.0,29.36874,0.19119644
2018-06-15T00:00:00Z,0.0,8.0,68.0,29.44681,0.24901772
2018-06-15T00:00:00Z,0.0,8.0,70.0,29.499166,0.310709
2018-06-15T00:00:00Z,0.0,8.0,72.0,29.405272,0.2869587
2018-06-15T00:00:00Z,0.0,8.0,74.0,29.22495,0.3010769
2018-06-15T00:00:00Z,0.0,8.0,76.0,28.921251,0.3160076
2018-06-15T00:00:00Z,0.0,10.0,56.0,27.628426,-0.20323944
2018-06-15T00:00:00Z,0.0,10.0,58.0,28.217194,-0.073617935
2018-06-15T00:00:00Z,0.0,10.0,60.0,28.618656,0.015136719
2018-06-15T00:00:00Z,0.0,10.0,62.0,28.906242,0.07788849
2018-06-15T00:00:00Z,0.0,10.0,64.0,29.140947,0.14053154
2018-06-15T00:00:00Z,0.0,10.0,66.0,29.315098,0.20413971
2018-06-15T00:00:00Z,0.0,10.0,68.0,29.436728,0.2667675
2018-06-15T00:00:00Z,0.0,10.0,70.0,29.524519,0.340559
2018-06-15T00:00:00Z,0.0,10.0,72.0,29.451012,0.33576202
2018-06-15T00:00:00Z,0.0,10.0,74.0,29.275766,0.35199547
2018-06-15T00:00:00Z,0.0,10.0,76.0,29.051607,0.37174034
2018-06-15T00:00:00Z,0.0,12.0,56.0,27.834192,-0.124601364
2018-06-15T00:00:00Z,0.0,12.0,58.0,28.217148,-0.025310516
2018-06-15T00:00:00Z,0.0,12.0,60.0,28.51457,0.035507202
2018-06-15T00:00:00Z,0.0,12.0,62.0,28.801231,0.085544586
2018-06-15T00:00:00Z,0.0,12.0,64.0,29.099337,0.16179466
2018-06-15T00:00:00Z,0.0,12.0,66.0,29.341227,0.24749565
2018-06-15T00:00:00Z,0.0,12.0,68.0,29.501595,0.32017708
2018-06-15T00:00:00Z,0.0,12.0,70.0,29.612967,0.400362
2018-06-15T00:00:00Z,0.0,12.0,72.0,29.585464,0.416111
2018-06-15T00:00:00Z,0.0,12.0,74.0,29.454103,0.42694473
2018-06-15T00:00:00Z,0.0,12.0,76.0,29.296965,0.44047356
2018-06-15T00:00:00Z,0.0,14.0,56.0,28.20385,0.00970459
2018-06-15T00:00:00Z,0.0,14.0,58.0,28.325674,0.06265259
2018-06-15T00:00:00Z,0.0,14.0,60.0,28.537205,0.094120026
2018-06-15T00:00:00Z,0.0,14.0,62.0,28.847683,0.13426208
2018-06-15T00:00:00Z,0.0,14.0,64.0,29.190784,0.21430588
2018-06-15T00:00:00Z,0.0,14.0,66.0,29.461935,0.3135395
2018-06-15T00:00:00Z,0.0,14.0,68.0,29.628502,0.39585495
2018-06-15T00:00:00Z,0.0,14.0,70.0,29.735804,0.4693241
2018-06-15T00:00:00Z,0.0,14.0,72.0,29.76411,0.50271606
2018-06-15T00:00:00Z,0.0,14.0,74.0,29.718626,0.51202965
2018-06-15T00:00:00Z,0.0,14.0,76.0,NaN,NaN
2018-06-15T00:00:00Z,0.0,16.0,56.0,28.27434,0.12722206
2018-06-15T00:00:00Z,0.0,16.0,58.0,28.310852,0.15322495
2018-06-15T00:00:00Z,0.0,16.0,60.0,28.58576,0.1674881
2018-06-15T00:00:00Z,0.0,16.0,62.0,28.999033,0.20807266
2018-06-15T00:00:00Z,0.0,16.0,64.0,29.388622,0.2904129
2018-06-15T00:00:00Z,0.0,16.0,66.0,29.657187,0.3931446
2018-06-15T00:00:00Z,0.0,16.0,68.0,29.800463,0.47527695
2018-06-15T00:00:00Z,0.0,16.0,70.0,29.88403,0.53336334
2018-06-15T00:00:00Z,0.0,16.0,72.0,29.948692,0.57894325
2018-06-15T00:00:00Z,0.0,16.0,74.0,29.935698,0.5806427
2018-06-15T00:00:00Z,0.0,16.0,76.0,NaN,NaN
2018-06-15T00:00:00Z,0.0,18.0,56.0,28.079247,0.20244026
2018-06-15T00:00:00Z,0.0,18.0,58.0,28.119919,0.22391129
2018-06-15T00:00:00Z,0.0,18.0,60.0,28.537048,0.24044418
2018-06-15T00:00:00Z,0.0,18.0,62.0,29.095015,0.2866192
2018-06-15T00:00:00Z,0.0,18.0,64.0,29.567991,0.37903404
2018-06-15T00:00:00Z,0.0,18.0,66.0,29.860731,0.48002434
2018-06-15T00:00:00Z,0.0,18.0,68.0,29.98364,0.5518074
2018-06-15T00:00:00Z,0.0,18.0,70.0,30.035723,0.59766006
2018-06-15T00:00:00Z,0.0,18.0,72.0,30.081999,0.62947845
2018-06-15T00:00:00Z,0.0,18.0,74.0,NaN,NaN
2018-06-15T00:00:00Z,0.0,18.0,76.0,NaN,NaN
2018-06-15T00:00:00Z,0.0,20.0,56.0,NaN,NaN
2018-06-15T00:00:00Z,0.0,20.0,58.0,28.175034,0.29613686
2018-06-15T00:00:00Z,0.0,20.0,60.0,28.640574,0.33507347
2018-06-15T00:00:00Z,0.0,20.0,62.0,29.215412,0.39297485
2018-06-15T00:00:00Z,0.0,20.0,64.0,29.699125,0.48246002
2018-06-15T00:00:00Z,0.0,20.0,66.0,30.015251,0.57206345
2018-06-15T00:00:00Z,0.0,20.0,68.0,30.133171,0.6444187
2018-06-15T00:00:00Z,0.0,20.0,70.0,30.148783,0.6801357
2018-06-15T00:00:00Z,0.0,20.0,72.0,30.151468,0.6797447
2018-06-15T00:00:00Z,0.0,20.0,74.0,NaN,NaN
2018-06-15T00:00:00Z,0.0,20.0,76.0,NaN,NaN
2018-06-15T00:00:00Z,0.0,22.0,56.0,NaN,NaN
2018-06-15T00:00:00Z,0.0,22.0,58.0,NaN,NaN
2018-06-15T00:00:00Z,0.0,22.0,60.0,29.479883,0.53142357
2018-06-15T00:00:00Z,0.0,22.0,62.0,29.702705,0.5734978
2018-06-15T00:00:00Z,0.0,22.0,64.0,29.93512,0.6265793
2018-06-15T00:00:00Z,0.0,22.0,66.0,30.142246,0.691349
2018-06-15T00:00:00Z,0.0,22.0,68.0,30.205585,0.7377796
2018-06-15T00:00:00Z,0.0,22.0,70.0,30.190365,0.7414837
2018-06-15T00:00:00Z,0.0,22.0,72.0,NaN,NaN
2018-06-15T00:00:00Z,0.0,22.0,74.0,NaN,NaN
2018-06-15T00:00:00Z,0.0,22.0,76.0,NaN,NaN
2018-06-15T00:00:00Z,0.0,24.0,56.0,NaN,NaN
2018-06-15T00:00:00Z,0.0,24.0,58.0,NaN,NaN
2018-06-15T00:00:00Z,0.0,24.0,60.0,30.796183,0.78360176
2018-06-15T00:00:00Z,0.0,24.0,62.0,30.38441,0.7364044
2018-06-15T00:00:00Z,0.0,24.0,64.0,30.212925,0.78235626
2018-06-15T00:00:00Z,0.0,24.0,66.0,30.224108,0.80893517
2018-06-15T00:00:00Z,0.0,24.0,68.0,30.216604,0.80177116
2018-06-15T00:00:00Z,0.0,24.0,70.0,NaN,NaN
2018-06-15T00:00:00Z,0.0,24.0,72.0,NaN,NaN
2018-06-15T00:00:00Z,0.0,24.0,74.0,NaN,NaN
2018-06-15T00:00:00Z,0.0,24.0,76.0,NaN,NaN
2018-06-15T00:00:00Z,0.0,26.0,56.0,31.921911,1.0913258
2018-06-15T00:00:00Z,0.0,26.0,58.0,31.998686,0.97743416
2018-06-15T00:00:00Z,0.0,26.0,60.0,31.631214,0.91321754
2018-06-15T00:00:00Z,0.0,26.0,62.0,NaN,NaN
2018-06-15T00:00:00Z,0.0,26.0,64.0,30.314022,0.87607
2018-06-15T00:00:00Z,0.0,26.0,66.0,30.248886,0.86670876
2018-06-15T00:00:00Z,0.0,26.0,68.0,NaN,NaN
2018-06-15T00:00:00Z,0.0,26.0,70.0,NaN,NaN
2018-06-15T00:00:00Z,0.0,26.0,72.0,NaN,NaN
2018-06-15T00:00:00Z,0.0,26.0,74.0,NaN,NaN
2018-06-15T00:00:00Z,0.0,26.0,76.0,NaN,NaN
2018-07-15T00:00:00Z,0.0,8.0,56.0,26.60774,0.15478134
2018-07-15T00:00:00Z,0.0,8.0,58.0,27.307144,0.21855927
2018-07-15T00:00:00Z,0.0,8.0,60.0,27.912178,0.25292587
2018-07-15T00:00:00Z,0.0,8.0,62.0,28.328959,0.23658371
2018-07-15T00:00:00Z,0.0,8.0,64.0,28.579819,0.19621468
2018-07-15T00:00:00Z,0.0,8.0,66.0,28.71552,0.17523003
2018-07-15T00:00:00Z,0.0,8.0,68.0,28.8028,0.21188354
2018-07-15T00:00:00Z,0.0,8.0,70.0,28.863264,0.29095268
2018-07-15T00:00:00Z,0.0,8.0,72.0,28.767323,0.30680275
2018-07-15T00:00:00Z,0.0,8.0,74.0,28.548975,0.3563099
2018-07-15T00:00:00Z,0.0,8.0,76.0,28.196743,0.38173676
2018-07-15T00:00:00Z,0.0,10.0,56.0,26.261759,0.1968441
2018-07-15T00:00:00Z,0.0,10.0,58.0,26.982037,0.28572464
2018-07-15T00:00:00Z,0.0,10.0,60.0,27.530718,0.30965424
2018-07-15T00:00:00Z,0.0,10.0,62.0,27.929962,0.27206612
2018-07-15T00:00:00Z,0.0,10.0,64.0,28.234531,0.21896744
2018-07-15T00:00:00Z,0.0,10.0,66.0,28.425484,0.17350388
2018-07-15T00:00:00Z,0.0,10.0,68.0,28.546272,0.17245865
2018-07-15T00:00:00Z,0.0,10.0,70.0,28.646639,0.24855614
2018-07-15T00:00:00Z,0.0,10.0,72.0,28.570126,0.2853737
2018-07-15T00:00:00Z,0.0,10.0,74.0,28.35199,0.3427601
2018-07-15T00:00:00Z,0.0,10.0,76.0,28.083048,0.37618828
2018-07-15T00:00:00Z,0.0,12.0,56.0,26.15469,0.22179413
2018-07-15T00:00:00Z,0.0,12.0,58.0,26.680237,0.3053627
2018-07-15T00:00:00Z,0.0,12.0,60.0,27.114243,0.30990982
2018-07-15T00:00:00Z,0.0,12.0,62.0,27.512793,0.25987625
2018-07-15T00:00:00Z,0.0,12.0,64.0,27.880949,0.20009422
2018-07-15T00:00:00Z,0.0,12.0,66.0,28.139986,0.14373589
2018-07-15T00:00:00Z,0.0,12.0,68.0,28.31586,0.12640381
2018-07-15T00:00:00Z,0.0,12.0,70.0,28.462059,0.19158173
2018-07-15T00:00:00Z,0.0,12.0,72.0,28.462818,0.24637985
2018-07-15T00:00:00Z,0.0,12.0,74.0,28.323177,0.30535126
2018-07-15T00:00:00Z,0.0,12.0,76.0,28.151608,0.34894943
2018-07-15T00:00:00Z,0.0,14.0,56.0,26.173092,0.2359066
2018-07-15T00:00:00Z,0.0,14.0,58.0,26.43264,0.28103638
2018-07-15T00:00:00Z,0.0,14.0,60.0,26.776798,0.2613411
2018-07-15T00:00:00Z,0.0,14.0,62.0,27.209595,0.20576096
2018-07-15T00:00:00Z,0.0,14.0,64.0,27.629229,0.13683319
2018-07-15T00:00:00Z,0.0,14.0,66.0,27.935995,0.07807922
2018-07-15T00:00:00Z,0.0,14.0,68.0,28.151983,0.063381195
2018-07-15T00:00:00Z,0.0,14.0,70.0,28.334547,0.12029648
2018-07-15T00:00:00Z,0.0,14.0,72.0,28.427013,0.18245316
2018-07-15T00:00:00Z,0.0,14.0,74.0,28.407164,0.22763062
2018-07-15T00:00:00Z,0.0,14.0,76.0,NaN,NaN
2018-07-15T00:00:00Z,0.0,16.0,56.0,25.971775,0.19651794
2018-07-15T00:00:00Z,0.0,16.0,58.0,26.140762,0.1998043
2018-07-15T00:00:00Z,0.0,16.0,60.0,26.550741,0.16678238
2018-07-15T00:00:00Z,0.0,16.0,62.0,27.087944,0.11392212
2018-07-15T00:00:00Z,0.0,16.0,64.0,27.565266,0.04534912
2018-07-15T00:00:00Z,0.0,16.0,66.0,27.895895,-0.011106491
2018-07-15T00:00:00Z,0.0,16.0,68.0,28.11982,-0.019971848
2018-07-15T00:00:00Z,0.0,16.0,70.0,28.307066,0.02417183
2018-07-15T00:00:00Z,0.0,16.0,72.0,28.462255,0.10170746
2018-07-15T00:00:00Z,0.0,16.0,74.0,28.48403,0.13604736
2018-07-15T00:00:00Z,0.0,16.0,76.0,NaN,NaN
2018-07-15T00:00:00Z,0.0,18.0,56.0,25.667543,0.12552643
2018-07-15T00:00:00Z,0.0,18.0,58.0,25.803999,0.092782974
2018-07-15T00:00:00Z,0.0,18.0,60.0,26.3464,0.04919243
2018-07-15T00:00:00Z,0.0,18.0,62.0,27.032162,8.087158E-4
2018-07-15T00:00:00Z,0.0,18.0,64.0,27.613941,-0.056266785
2018-07-15T00:00:00Z,0.0,18.0,66.0,28.009987,-0.09936905
2018-07-15T00:00:00Z,0.0,18.0,68.0,28.234488,-0.10734749
2018-07-15T00:00:00Z,0.0,18.0,70.0,28.396255,-0.07720184
2018-07-15T00:00:00Z,0.0,18.0,72.0,28.53292,-0.02954483
2018-07-15T00:00:00Z,0.0,18.0,74.0,NaN,NaN
2018-07-15T00:00:00Z,0.0,18.0,76.0,NaN,NaN
2018-07-15T00:00:00Z,0.0,20.0,56.0,NaN,NaN
2018-07-15T00:00:00Z,0.0,20.0,58.0,25.868551,0.027549744
2018-07-15T00:00:00Z,0.0,20.0,60.0,26.436636,-0.026626587
2018-07-15T00:00:00Z,0.0,20.0,62.0,27.11109,-0.08236885
2018-07-15T00:00:00Z,0.0,20.0,64.0,27.723984,-0.13360214
2018-07-15T00:00:00Z,0.0,20.0,66.0,28.19534,-0.16903496
2018-07-15T00:00:00Z,0.0,20.0,68.0,28.432669,-0.16374779
2018-07-15T00:00:00Z,0.0,20.0,70.0,28.534533,-0.14406204
2018-07-15T00:00:00Z,0.0,20.0,72.0,28.56862,-0.14684105
2018-07-15T00:00:00Z,0.0,20.0,74.0,NaN,NaN
2018-07-15T00:00:00Z,0.0,20.0,76.0,NaN,NaN
2018-07-15T00:00:00Z,0.0,22.0,56.0,NaN,NaN
2018-07-15T00:00:00Z,0.0,22.0,58.0,NaN,NaN
2018-07-15T00:00:00Z,0.0,22.0,60.0,27.55068,0.0062713623
2018-07-15T00:00:00Z,0.0,22.0,62.0,27.742218,-0.060468674
2018-07-15T00:00:00Z,0.0,22.0,64.0,28.051207,-0.13885498
2018-07-15T00:00:00Z,0.0,22.0,66.0,28.433012,-0.17632103
2018-07-15T00:00:00Z,0.0,22.0,68.0,28.61001,-0.17930794
2018-07-15T00:00:00Z,0.0,22.0,70.0,28.606787,-0.19151688
2018-07-15T00:00:00Z,0.0,22.0,72.0,NaN,NaN
2018-07-15T00:00:00Z,0.0,22.0,74.0,NaN,NaN
2018-07-15T00:00:00Z,0.0,22.0,76.0,NaN,NaN
2018-07-15T00:00:00Z,0.0,24.0,56.0,NaN,NaN
2018-07-15T00:00:00Z,0.0,24.0,58.0,NaN,NaN
2018-07-15T00:00:00Z,0.0,24.0,60.0,29.413324,0.114219666
2018-07-15T00:00:00Z,0.0,24.0,62.0,28.727077,-0.015609741
2018-07-15T00:00:00Z,0.0,24.0,64.0,28.507074,-0.09231377
2018-07-15T00:00:00Z,0.0,24.0,66.0,28.6558,-0.14353943
2018-07-15T00:00:00Z,0.0,24.0,68.0,28.687899,-0.18931389
2018-07-15T00:00:00Z,0.0,24.0,70.0,NaN,NaN
2018-07-15T00:00:00Z,0.0,24.0,72.0,NaN,NaN
2018-07-15T00:00:00Z,0.0,24.0,74.0,NaN,NaN
2018-07-15T00:00:00Z,0.0,24.0,76.0,NaN,NaN
2018-07-15T00:00:00Z,0.0,26.0,56.0,32.391342,0.5871773
2018-07-15T00:00:00Z,0.0,26.0,58.0,31.719234,0.3447647
2018-07-15T00:00:00Z,0.0,26.0,60.0,30.73618,0.20673561
2018-07-15T00:00:00Z,0.0,26.0,62.0,NaN,NaN
2018-07-15T00:00:00Z,0.0,26.0,64.0,28.763018,-0.059583664
2018-07-15T00:00:00Z,0.0,26.0,66.0,28.753584,-0.12942505
2018-07-15T00:00:00Z,0.0,26.0,68.0,NaN,NaN
2018-07-15T00:00:00Z,0.0,26.0,70.0,NaN,NaN
2018-07-15T00:00:00Z,0.0,26.0,72.0,NaN,NaN
2018-07-15T00:00:00Z,0.0,26.0,74.0,NaN,NaN
2018-07-15T00:00:00Z,0.0,26.0,76.0,NaN,NaN
2018-08-15T00:00:00Z,0.0,8.0,56.0,25.843397,0.03954315
2018-08-15T00:00:00Z,0.0,8.0,58.0,26.555565,0.10398102
2018-08-15T00:00:00Z,0.0,8.0,60.0,27.264465,0.14702606
2018-08-15T00:00:00Z,0.0,8.0,62.0,27.831469,0.16159248
2018-08-15T00:00:00Z,0.0,8.0,64.0,28.218544,0.16177177
2018-08-15T00:00:00Z,0.0,8.0,66.0,28.43029,0.15987206
2018-08-15T00:00:00Z,0.0,8.0,68.0,28.52409,0.18769264
2018-08-15T00:00:00Z,0.0,8.0,70.0,28.549904,0.24419594
2018-08-15T00:00:00Z,0.0,8.0,72.0,28.413887,0.24571991
2018-08-15T00:00:00Z,0.0,8.0,74.0,28.163698,0.29265594
2018-08-15T00:00:00Z,0.0,8.0,76.0,27.809616,0.31892204
2018-08-15T00:00:00Z,0.0,10.0,56.0,25.2898,-0.07040787
2018-08-15T00:00:00Z,0.0,10.0,58.0,25.976618,-0.0044879913
2018-08-15T00:00:00Z,0.0,10.0,60.0,26.598255,0.037485123
2018-08-15T00:00:00Z,0.0,10.0,62.0,27.136427,0.047948837
2018-08-15T00:00:00Z,0.0,10.0,64.0,27.58711,0.04646492
2018-08-15T00:00:00Z,0.0,10.0,66.0,27.892744,0.045057297
2018-08-15T00:00:00Z,0.0,10.0,68.0,28.082718,0.07480049
2018-08-15T00:00:00Z,0.0,10.0,70.0,28.20891,0.1633892
2018-08-15T00:00:00Z,0.0,10.0,72.0,28.12967,0.20700264
2018-08-15T00:00:00Z,0.0,10.0,74.0,27.890196,0.26877785
2018-08-15T00:00:00Z,0.0,10.0,76.0,27.614586,0.30649567
2018-08-15T00:00:00Z,0.0,12.0,56.0,24.928188,-0.14743614
2018-08-15T00:00:00Z,0.0,12.0,58.0,25.427788,-0.10604477
2018-08-15T00:00:00Z,0.0,12.0,60.0,25.928493,-0.07875633
2018-08-15T00:00:00Z,0.0,12.0,62.0,26.448683,-0.07527542
2018-08-15T00:00:00Z,0.0,12.0,64.0,26.955677,-0.08263397
2018-08-15T00:00:00Z,0.0,12.0,66.0,27.354399,-0.08324623
2018-08-15T00:00:00Z,0.0,12.0,68.0,27.651934,-0.04914856
2018-08-15T00:00:00Z,0.0,12.0,70.0,27.886757,0.05915451
2018-08-15T00:00:00Z,0.0,12.0,72.0,27.917707,0.1367302
2018-08-15T00:00:00Z,0.0,12.0,74.0,27.772839,0.20828438
2018-08-15T00:00:00Z,0.0,12.0,76.0,27.604202,0.25988007
2018-08-15T00:00:00Z,0.0,14.0,56.0,24.760181,-0.13667297
2018-08-15T00:00:00Z,0.0,14.0,58.0,25.03696,-0.13941574
2018-08-15T00:00:00Z,0.0,14.0,60.0,25.43182,-0.1509304
2018-08-15T00:00:00Z,0.0,14.0,62.0,25.951618,-0.16602898
2018-08-15T00:00:00Z,0.0,14.0,64.0,26.493128,-0.18955994
2018-08-15T00:00:00Z,0.0,14.0,66.0,26.953749,-0.19610405
2018-08-15T00:00:00Z,0.0,14.0,68.0,27.329115,-0.15730095
2018-08-15T00:00:00Z,0.0,14.0,70.0,27.637539,-0.051315308
2018-08-15T00:00:00Z,0.0,14.0,72.0,27.785519,0.042583466
2018-08-15T00:00:00Z,0.0,14.0,74.0,27.771471,0.10289574
2018-08-15T00:00:00Z,0.0,14.0,76.0,NaN,NaN
2018-08-15T00:00:00Z,0.0,16.0,56.0,24.558622,-0.08864212
2018-08-15T00:00:00Z,0.0,16.0,58.0,24.779408,-0.12003136
2018-08-15T00:00:00Z,0.0,16.0,60.0,25.199537,-0.16746521
2018-08-15T00:00:00Z,0.0,16.0,62.0,25.762209,-0.2110424
2018-08-15T00:00:00Z,0.0,16.0,64.0,26.328407,-0.25444794
2018-08-15T00:00:00Z,0.0,16.0,66.0,26.809187,-0.2757511
2018-08-15T00:00:00Z,0.0,16.0,68.0,27.204508,-0.24097252
2018-08-15T00:00:00Z,0.0,16.0,70.0,27.528543,-0.15470695
2018-08-15T00:00:00Z,0.0,16.0,72.0,27.746977,-0.051765442
2018-08-15T00:00:00Z,0.0,16.0,74.0,27.787071,-0.00683403
2018-08-15T00:00:00Z,0.0,16.0,76.0,NaN,NaN
2018-08-15T00:00:00Z,0.0,18.0,56.0,24.388302,-0.0613842
2018-08-15T00:00:00Z,0.0,18.0,58.0,24.592642,-0.09300423
2018-08-15T00:00:00Z,0.0,18.0,60.0,25.128376,-0.14891624
2018-08-15T00:00:00Z,0.0,18.0,62.0,25.79349,-0.21471977
2018-08-15T00:00:00Z,0.0,18.0,64.0,26.423899,-0.27587318
2018-08-15T00:00:00Z,0.0,18.0,66.0,26.938179,-0.31084442
2018-08-15T00:00:00Z,0.0,18.0,68.0,27.300465,-0.29876518
2018-08-15T00:00:00Z,0.0,18.0,70.0,27.577923,-0.24122238
2018-08-15T00:00:00Z,0.0,18.0,72.0,27.77336,-0.17750931
2018-08-15T00:00:00Z,0.0,18.0,74.0,NaN,NaN
2018-08-15T00:00:00Z,0.0,18.0,76.0,NaN,NaN
2018-08-15T00:00:00Z,0.0,20.0,56.0,NaN,NaN
2018-08-15T00:00:00Z,0.0,20.0,58.0,24.777336,-0.076784134
2018-08-15T00:00:00Z,0.0,20.0,60.0,25.3732,-0.10868454
2018-08-15T00:00:00Z,0.0,20.0,62.0,26.039948,-0.16815758
2018-08-15T00:00:00Z,0.0,20.0,64.0,26.677345,-0.24334335
2018-08-15T00:00:00Z,0.0,20.0,66.0,27.22148,-0.30122948
2018-08-15T00:00:00Z,0.0,20.0,68.0,27.5387,-0.30415535
2018-08-15T00:00:00Z,0.0,20.0,70.0,27.708675,-0.28232574
2018-08-15T00:00:00Z,0.0,20.0,72.0,27.78967,-0.27869034
2018-08-15T00:00:00Z,0.0,20.0,74.0,NaN,NaN
2018-08-15T00:00:00Z,0.0,20.0,76.0,NaN,NaN
2018-08-15T00:00:00Z,0.0,22.0,56.0,NaN,NaN
2018-08-15T00:00:00Z,0.0,22.0,58.0,NaN,NaN
2018-08-15T00:00:00Z,0.0,22.0,60.0,26.610783,0.016897202
2018-08-15T00:00:00Z,0.0,22.0,62.0,26.790733,-0.041143417
2018-08-15T00:00:00Z,0.0,22.0,64.0,27.12922,-0.13419724
2018-08-15T00:00:00Z,0.0,22.0,66.0,27.570051,-0.20259476
2018-08-15T00:00:00Z,0.0,22.0,68.0,27.77751,-0.24211502
2018-08-15T00:00:00Z,0.0,22.0,70.0,27.790678,-0.28521156
2018-08-15T00:00:00Z,0.0,22.0,72.0,NaN,NaN
2018-08-15T00:00:00Z,0.0,22.0,74.0,NaN,NaN
2018-08-15T00:00:00Z,0.0,22.0,76.0,NaN,NaN
2018-08-15T00:00:00Z,0.0,24.0,56.0,NaN,NaN
2018-08-15T00:00:00Z,0.0,24.0,58.0,NaN,NaN
2018-08-15T00:00:00Z,0.0,24.0,60.0,28.669249,0.26473236
2018-08-15T00:00:00Z,0.0,24.0,62.0,27.864386,0.09761429
2018-08-15T00:00:00Z,0.0,24.0,64.0,27.65916,0.006635666
2018-08-15T00:00:00Z,0.0,24.0,66.0,27.87734,-0.063949585
2018-08-15T00:00:00Z,0.0,24.0,68.0,27.921099,-0.15598297
2018-08-15T00:00:00Z,0.0,24.0,70.0,NaN,NaN
2018-08-15T00:00:00Z,0.0,24.0,72.0,NaN,NaN
2018-08-15T00:00:00Z,0.0,24.0,74.0,NaN,NaN
2018-08-15T00:00:00Z,0.0,24.0,76.0,NaN,NaN
2018-08-15T00:00:00Z,0.0,26.0,56.0,32.862144,0.8953953
2018-08-15T00:00:00Z,0.0,26.0,58.0,31.604141,0.66493225
2018-08-15T00:00:00Z,0.0,26.0,60.0,30.199623,0.46515846
2018-08-15T00:00:00Z,0.0,26.0,62.0,NaN,NaN
2018-08-15T00:00:00Z,0.0,26.0,64.0,27.97698,0.096141815
2018-08-15T00:00:00Z,0.0,26.0,66.0,28.028795,0.03021431
2018-08-15T00:00:00Z,0.0,26.0,68.0,NaN,NaN
2018-08-15T00:00:00Z,0.0,26.0,70.0,NaN,NaN
2018-08-15T00:00:00Z,0.0,26.0,72.0,NaN,NaN
2018-08-15T00:00:00Z,0.0,26.0,74.0,NaN,NaN
2018-08-15T00:00:00Z,0.0,26.0,76.0,NaN,NaN
2018-09-15T00:00:00Z,0.0,8.0,56.0,26.53866,0.2546177
2018-09-15T00:00:00Z,0.0,8.0,58.0,27.109945,0.25302696
2018-09-15T00:00:00Z,0.0,8.0,60.0,27.692926,0.25538445
2018-09-15T00:00:00Z,0.0,8.0,62.0,28.161642,0.25995636
2018-09-15T00:00:00Z,0.0,8.0,64.0,28.482563,0.27214813
2018-09-15T00:00:00Z,0.0,8.0,66.0,28.66101,0.285244
2018-09-15T00:00:00Z,0.0,8.0,68.0,28.741385,0.31765938
2018-09-15T00:00:00Z,0.0,8.0,70.0,28.769491,0.3692417
2018-09-15T00:00:00Z,0.0,8.0,72.0,28.65926,0.3575096
2018-09-15T00:00:00Z,0.0,8.0,74.0,28.462574,0.38555527
2018-09-15T00:00:00Z,0.0,8.0,76.0,28.185738,0.40218925
2018-09-15T00:00:00Z,0.0,10.0,56.0,26.043936,0.10516548
2018-09-15T00:00:00Z,0.0,10.0,58.0,26.570198,0.100883484
2018-09-15T00:00:00Z,0.0,10.0,60.0,27.070063,0.10095978
2018-09-15T00:00:00Z,0.0,10.0,62.0,27.524221,0.11234665
2018-09-15T00:00:00Z,0.0,10.0,64.0,27.913097,0.13559914
2018-09-15T00:00:00Z,0.0,10.0,66.0,28.185152,0.16188431
2018-09-15T00:00:00Z,0.0,10.0,68.0,28.3595,0.20481491
2018-09-15T00:00:00Z,0.0,10.0,70.0,28.477205,0.2809124
2018-09-15T00:00:00Z,0.0,10.0,72.0,28.417997,0.29974747
2018-09-15T00:00:00Z,0.0,10.0,74.0,28.232819,0.34184074
2018-09-15T00:00:00Z,0.0,10.0,76.0,28.014965,0.3723545
2018-09-15T00:00:00Z,0.0,12.0,56.0,25.729368,-0.0059051514
2018-09-15T00:00:00Z,0.0,12.0,58.0,26.10392,-0.020666122
2018-09-15T00:00:00Z,0.0,12.0,60.0,26.49965,-0.03211975
2018-09-15T00:00:00Z,0.0,12.0,62.0,26.923098,-0.037712097
2018-09-15T00:00:00Z,0.0,12.0,64.0,27.346573,-0.025989532
2018-09-15T00:00:00Z,0.0,12.0,66.0,27.69195,-3.6239624E-4
2018-09-15T00:00:00Z,0.0,12.0,68.0,27.959568,0.042943954
2018-09-15T00:00:00Z,0.0,12.0,70.0,28.176409,0.13861656
2018-09-15T00:00:00Z,0.0,12.0,72.0,28.207243,0.19569969
2018-09-15T00:00:00Z,0.0,12.0,74.0,28.100061,0.26163673
2018-09-15T00:00:00Z,0.0,12.0,76.0,27.979307,0.3157158
2018-09-15T00:00:00Z,0.0,14.0,56.0,25.616497,-0.016838074
2018-09-15T00:00:00Z,0.0,14.0,58.0,25.821062,-0.05370903
2018-09-15T00:00:00Z,0.0,14.0,60.0,26.115284,-0.10515213
2018-09-15T00:00:00Z,0.0,14.0,62.0,26.507874,-0.14612389
2018-09-15T00:00:00Z,0.0,14.0,64.0,26.92566,-0.1703186
2018-09-15T00:00:00Z,0.0,14.0,66.0,27.300266,-0.16717148
2018-09-15T00:00:00Z,0.0,14.0,68.0,27.63275,-0.12862396
2018-09-15T00:00:00Z,0.0,14.0,70.0,27.922087,-0.03230858
2018-09-15T00:00:00Z,0.0,14.0,72.0,28.065252,0.064689636
2018-09-15T00:00:00Z,0.0,14.0,74.0,28.056759,0.13199997
2018-09-15T00:00:00Z,0.0,14.0,76.0,NaN,NaN
2018-09-15T00:00:00Z,0.0,16.0,56.0,25.514906,0.033815384
2018-09-15T00:00:00Z,0.0,16.0,58.0,25.68546,-0.016895294
2018-09-15T00:00:00Z,0.0,16.0,60.0,25.99058,-0.10327339
2018-09-15T00:00:00Z,0.0,16.0,62.0,26.38077,-0.19329262
2018-09-15T00:00:00Z,0.0,16.0,64.0,26.765026,-0.2726822
2018-09-15T00:00:00Z,0.0,16.0,66.0,27.125269,-0.30556297
2018-09-15T00:00:00Z,0.0,16.0,68.0,27.47584,-0.2746811
2018-09-15T00:00:00Z,0.0,16.0,70.0,27.811031,-0.1747818
2018-09-15T00:00:00Z,0.0,16.0,72.0,28.039831,-0.047245026
2018-09-15T00:00:00Z,0.0,16.0,74.0,28.068438,0.011613846
2018-09-15T00:00:00Z,0.0,16.0,76.0,NaN,NaN
2018-09-15T00:00:00Z,0.0,18.0,56.0,25.431307,0.08187485
2018-09-15T00:00:00Z,0.0,18.0,58.0,25.598085,0.035600662
2018-09-15T00:00:00Z,0.0,18.0,60.0,26.011791,-0.055541992
2018-09-15T00:00:00Z,0.0,18.0,62.0,26.473335,-0.1812706
2018-09-15T00:00:00Z,0.0,18.0,64.0,26.873177,-0.30132294
2018-09-15T00:00:00Z,0.0,18.0,66.0,27.220573,-0.36855125
2018-09-15T00:00:00Z,0.0,18.0,68.0,27.546227,-0.34314728
2018-09-15T00:00:00Z,0.0,18.0,70.0,27.874851,-0.23944092
2018-09-15T00:00:00Z,0.0,18.0,72.0,28.107561,-0.13695335
2018-09-15T00:00:00Z,0.0,18.0,74.0,NaN,NaN
2018-09-15T00:00:00Z,0.0,18.0,76.0,NaN,NaN
2018-09-15T00:00:00Z,0.0,20.0,56.0,NaN,NaN
2018-09-15T00:00:00Z,0.0,20.0,58.0,25.76555,0.056175232
2018-09-15T00:00:00Z,0.0,20.0,60.0,26.243898,-0.0022296906
2018-09-15T00:00:00Z,0.0,20.0,62.0,26.730686,-0.11006355
2018-09-15T00:00:00Z,0.0,20.0,64.0,27.129904,-0.24292946
2018-09-15T00:00:00Z,0.0,20.0,66.0,27.482956,-0.3206482
2018-09-15T00:00:00Z,0.0,20.0,68.0,27.755785,-0.29298782
2018-09-15T00:00:00Z,0.0,20.0,70.0,27.990366,-0.21747398
2018-09-15T00:00:00Z,0.0,20.0,72.0,28.14453,-0.17447853
2018-09-15T00:00:00Z,0.0,20.0,74.0,NaN,NaN
2018-09-15T00:00:00Z,0.0,20.0,76.0,NaN,NaN
2018-09-15T00:00:00Z,0.0,22.0,56.0,NaN,NaN
2018-09-15T00:00:00Z,0.0,22.0,58.0,NaN,NaN
2018-09-15T00:00:00Z,0.0,22.0,60.0,27.164953,0.10644722
2018-09-15T00:00:00Z,0.0,22.0,62.0,27.287395,0.03127098
2018-09-15T00:00:00Z,0.0,22.0,64.0,27.488092,-0.07557297
2018-09-15T00:00:00Z,0.0,22.0,66.0,27.77008,-0.13860703
2018-09-15T00:00:00Z,0.0,22.0,68.0,27.929165,-0.15073776
2018-09-15T00:00:00Z,0.0,22.0,70.0,28.016047,-0.15819359
2018-09-15T00:00:00Z,0.0,22.0,72.0,NaN,NaN
2018-09-15T00:00:00Z,0.0,22.0,74.0,NaN,NaN
2018-09-15T00:00:00Z,0.0,22.0,76.0,NaN,NaN
2018-09-15T00:00:00Z,0.0,24.0,56.0,NaN,NaN
2018-09-15T00:00:00Z,0.0,24.0,58.0,NaN,NaN
2018-09-15T00:00:00Z,0.0,24.0,60.0,28.659979,0.32309723
2018-09-15T00:00:00Z,0.0,24.0,62.0,28.013186,0.18974113
2018-09-15T00:00:00Z,0.0,24.0,64.0,27.82195,0.12551498
2018-09-15T00:00:00Z,0.0,24.0,66.0,27.956064,0.073675156
2018-09-15T00:00:00Z,0.0,24.0,68.0,28.002794,-0.002040863
2018-09-15T00:00:00Z,0.0,24.0,70.0,NaN,NaN
2018-09-15T00:00:00Z,0.0,24.0,72.0,NaN,NaN
2018-09-15T00:00:00Z,0.0,24.0,74.0,NaN,NaN
2018-09-15T00:00:00Z,0.0,24.0,76.0,NaN,NaN
2018-09-15T00:00:00Z,0.0,26.0,56.0,32.422546,0.8216324
2018-09-15T00:00:00Z,0.0,26.0,58.0,31.057175,0.6405926
2018-09-15T00:00:00Z,0.0,26.0,60.0,29.797209,0.5022812
2018-09-15T00:00:00Z,0.0,26.0,62.0,NaN,NaN
2018-09-15T00:00:00Z,0.0,26.0,64.0,27.994251,0.25694656
2018-09-15T00:00:00Z,0.0,26.0,66.0,28.02003,0.20898438
2018-09-15T00:00:00Z,0.0,26.0,68.0,NaN,NaN
2018-09-15T00:00:00Z,0.0,26.0,70.0,NaN,NaN
2018-09-15T00:00:00Z,0.0,26.0,72.0,NaN,NaN
2018-09-15T00:00:00Z,0.0,26.0,74.0,NaN,NaN
2018-09-15T00:00:00Z,0.0,26.0,76.0,NaN,NaN
2018-10-15T00:00:00Z,0.0,8.0,56.0,27.611155,0.19655037
2018-10-15T00:00:00Z,0.0,8.0,58.0,28.031153,0.27127647
2018-10-15T00:00:00Z,0.0,8.0,60.0,28.42788,0.32535553
2018-10-15T00:00:00Z,0.0,8.0,62.0,28.704195,0.3654232
2018-10-15T00:00:00Z,0.0,8.0,64.0,28.871418,0.40356445
2018-10-15T00:00:00Z,0.0,8.0,66.0,28.983545,0.43302345
2018-10-15T00:00:00Z,0.0,8.0,68.0,29.076653,0.46619225
2018-10-15T00:00:00Z,0.0,8.0,70.0,29.148924,0.5032139
2018-10-15T00:00:00Z,0.0,8.0,72.0,29.094704,0.46753502
2018-10-15T00:00:00Z,0.0,8.0,74.0,28.984182,0.47393227
2018-10-15T00:00:00Z,0.0,8.0,76.0,28.789135,0.46974564
2018-10-15T00:00:00Z,0.0,10.0,56.0,27.380888,0.096551895
2018-10-15T00:00:00Z,0.0,10.0,58.0,27.764372,0.181036
2018-10-15T00:00:00Z,0.0,10.0,60.0,28.1019,0.25256538
2018-10-15T00:00:00Z,0.0,10.0,62.0,28.37577,0.31472778
2018-10-15T00:00:00Z,0.0,10.0,64.0,28.610107,0.38058662
2018-10-15T00:00:00Z,0.0,10.0,66.0,28.819895,0.44443703
2018-10-15T00:00:00Z,0.0,10.0,68.0,29.008589,0.5032749
2018-10-15T00:00:00Z,0.0,10.0,70.0,29.16848,0.56331253
2018-10-15T00:00:00Z,0.0,10.0,72.0,29.175451,0.54867935
2018-10-15T00:00:00Z,0.0,10.0,74.0,29.08317,0.55916786
2018-10-15T00:00:00Z,0.0,10.0,76.0,28.924913,0.56087875
2018-10-15T00:00:00Z,0.0,12.0,56.0,27.36619,0.07016945
2018-10-15T00:00:00Z,0.0,12.0,58.0,27.635147,0.13237572
2018-10-15T00:00:00Z,0.0,12.0,60.0,27.871273,0.19706345
2018-10-15T00:00:00Z,0.0,12.0,62.0,28.105331,0.25639343
2018-10-15T00:00:00Z,0.0,12.0,64.0,28.365187,0.3268757
2018-10-15T00:00:00Z,0.0,12.0,66.0,28.646593,0.4117813
2018-10-15T00:00:00Z,0.0,12.0,68.0,28.922832,0.48818588
2018-10-15T00:00:00Z,0.0,12.0,70.0,29.17379,0.5752468
2018-10-15T00:00:00Z,0.0,12.0,72.0,29.25387,0.59630775
2018-10-15T00:00:00Z,0.0,12.0,74.0,29.20171,0.6173477
2018-10-15T00:00:00Z,0.0,12.0,76.0,29.103012,0.63311195
2018-10-15T00:00:00Z,0.0,14.0,56.0,27.536732,0.13296127
2018-10-15T00:00:00Z,0.0,14.0,58.0,27.676773,0.16560555
2018-10-15T00:00:00Z,0.0,14.0,60.0,27.816374,0.19230843
2018-10-15T00:00:00Z,0.0,14.0,62.0,28.013208,0.23195648
2018-10-15T00:00:00Z,0.0,14.0,64.0,28.264612,0.29284096
2018-10-15T00:00:00Z,0.0,14.0,66.0,28.562529,0.37655067
2018-10-15T00:00:00Z,0.0,14.0,68.0,28.882105,0.45850182
2018-10-15T00:00:00Z,0.0,14.0,70.0,29.173317,0.54579544
2018-10-15T00:00:00Z,0.0,14.0,72.0,29.320257,0.60650635
2018-10-15T00:00:00Z,0.0,14.0,74.0,29.317106,0.63505745
2018-10-15T00:00:00Z,0.0,14.0,76.0,NaN,NaN
2018-10-15T00:00:00Z,0.0,16.0,56.0,27.682775,0.23988724
2018-10-15T00:00:00Z,0.0,16.0,58.0,27.776882,0.26021576
2018-10-15T00:00:00Z,0.0,16.0,60.0,27.91299,0.25440598
2018-10-15T00:00:00Z,0.0,16.0,62.0,28.104961,0.2603569
2018-10-15T00:00:00Z,0.0,16.0,64.0,28.335379,0.3031292
2018-10-15T00:00:00Z,0.0,16.0,66.0,28.60961,0.37088203
2018-10-15T00:00:00Z,0.0,16.0,68.0,28.924942,0.4449005
2018-10-15T00:00:00Z,0.0,16.0,70.0,29.222149,0.5273571
2018-10-15T00:00:00Z,0.0,16.0,72.0,29.40392,0.6119442
2018-10-15T00:00:00Z,0.0,16.0,74.0,29.41219,0.6360035
2018-10-15T00:00:00Z,0.0,16.0,76.0,NaN,NaN
2018-10-15T00:00:00Z,0.0,18.0,56.0,27.703491,0.339983
2018-10-15T00:00:00Z,0.0,18.0,58.0,27.780287,0.3621273
2018-10-15T00:00:00Z,0.0,18.0,60.0,28.004913,0.35172653
2018-10-15T00:00:00Z,0.0,18.0,62.0,28.270409,0.33765793
2018-10-15T00:00:00Z,0.0,18.0,64.0,28.516209,0.3615837
2018-10-15T00:00:00Z,0.0,18.0,66.0,28.777533,0.41874123
2018-10-15T00:00:00Z,0.0,18.0,68.0,29.061415,0.48707962
2018-10-15T00:00:00Z,0.0,18.0,70.0,29.336117,0.5744705
2018-10-15T00:00:00Z,0.0,18.0,72.0,29.499935,0.647377
2018-10-15T00:00:00Z,0.0,18.0,74.0,NaN,NaN
2018-10-15T00:00:00Z,0.0,18.0,76.0,NaN,NaN
2018-10-15T00:00:00Z,0.0,20.0,56.0,NaN,NaN
2018-10-15T00:00:00Z,0.0,20.0,58.0,27.85031,0.43509483
2018-10-15T00:00:00Z,0.0,20.0,60.0,28.134148,0.4438553
2018-10-15T00:00:00Z,0.0,20.0,62.0,28.460321,0.44340515
2018-10-15T00:00:00Z,0.0,20.0,64.0,28.726507,0.4659443
2018-10-15T00:00:00Z,0.0,20.0,66.0,28.975803,0.5243454
2018-10-15T00:00:00Z,0.0,20.0,68.0,29.207407,0.610302
2018-10-15T00:00:00Z,0.0,20.0,70.0,29.41139,0.68904305
2018-10-15T00:00:00Z,0.0,20.0,72.0,29.541006,0.7225704
2018-10-15T00:00:00Z,0.0,20.0,74.0,NaN,NaN
2018-10-15T00:00:00Z,0.0,20.0,76.0,NaN,NaN
2018-10-15T00:00:00Z,0.0,22.0,56.0,NaN,NaN
2018-10-15T00:00:00Z,0.0,22.0,58.0,NaN,NaN
2018-10-15T00:00:00Z,0.0,22.0,60.0,28.600975,0.5795803
2018-10-15T00:00:00Z,0.0,22.0,62.0,28.75498,0.59423065
2018-10-15T00:00:00Z,0.0,22.0,64.0,28.92493,0.63240814
2018-10-15T00:00:00Z,0.0,22.0,66.0,29.109604,0.7045212
2018-10-15T00:00:00Z,0.0,22.0,68.0,29.246304,0.7773304
2018-10-15T00:00:00Z,0.0,22.0,70.0,29.371387,0.8036289
2018-10-15T00:00:00Z,0.0,22.0,72.0,NaN,NaN
2018-10-15T00:00:00Z,0.0,22.0,74.0,NaN,NaN
2018-10-15T00:00:00Z,0.0,22.0,76.0,NaN,NaN
2018-10-15T00:00:00Z,0.0,24.0,56.0,NaN,NaN
2018-10-15T00:00:00Z,0.0,24.0,58.0,NaN,NaN
2018-10-15T00:00:00Z,0.0,24.0,60.0,29.284548,0.7702446
2018-10-15T00:00:00Z,0.0,24.0,62.0,29.052422,0.74575424
2018-10-15T00:00:00Z,0.0,24.0,64.0,29.039015,0.8258133
2018-10-15T00:00:00Z,0.0,24.0,66.0,29.1176,0.88744736
2018-10-15T00:00:00Z,0.0,24.0,68.0,29.20055,0.9101887
2018-10-15T00:00:00Z,0.0,24.0,70.0,NaN,NaN
2018-10-15T00:00:00Z,0.0,24.0,72.0,NaN,NaN
2018-10-15T00:00:00Z,0.0,24.0,74.0,NaN,NaN
2018-10-15T00:00:00Z,0.0,24.0,76.0,NaN,NaN
2018-10-15T00:00:00Z,0.0,26.0,56.0,31.22491,1.0468292
2018-10-15T00:00:00Z,0.0,26.0,58.0,30.40749,0.96113205
2018-10-15T00:00:00Z,0.0,26.0,60.0,29.767513,0.90488815
2018-10-15T00:00:00Z,0.0,26.0,62.0,NaN,NaN
2018-10-15T00:00:00Z,0.0,26.0,64.0,29.047626,0.9530773
2018-10-15T00:00:00Z,0.0,26.0,66.0,29.06429,0.98189163
2018-10-15T00:00:00Z,0.0,26.0,68.0,NaN,NaN
2018-10-15T00:00:00Z,0.0,26.0,70.0,NaN,NaN
2018-10-15T00:00:00Z,0.0,26.0,72.0,NaN,NaN
2018-10-15T00:00:00Z,0.0,26.0,74.0,NaN,NaN
2018-10-15T00:00:00Z,0.0,26.0,76.0,NaN,NaN
2018-11-15T00:00:00Z,0.0,8.0,56.0,28.592756,0.7614231
2018-11-15T00:00:00Z,0.0,8.0,58.0,28.77044,0.7316456
2018-11-15T00:00:00Z,0.0,8.0,60.0,28.936527,0.6919193
2018-11-15T00:00:00Z,0.0,8.0,62.0,29.042095,0.6506977
2018-11-15T00:00:00Z,0.0,8.0,64.0,29.102636,0.6120529
2018-11-15T00:00:00Z,0.0,8.0,66.0,29.16383,0.57310104
2018-11-15T00:00:00Z,0.0,8.0,68.0,29.246399,0.55758667
2018-11-15T00:00:00Z,0.0,8.0,70.0,29.317675,0.5680485
2018-11-15T00:00:00Z,0.0,8.0,72.0,29.275005,0.53260803
2018-11-15T00:00:00Z,0.0,8.0,74.0,29.21749,0.5602398
2018-11-15T00:00:00Z,0.0,8.0,76.0,29.086555,0.57414436
2018-11-15T00:00:00Z,0.0,10.0,56.0,28.392454,0.76091194
2018-11-15T00:00:00Z,0.0,10.0,58.0,28.540382,0.7435894
2018-11-15T00:00:00Z,0.0,10.0,60.0,28.659384,0.70215416
2018-11-15T00:00:00Z,0.0,10.0,62.0,28.76431,0.66979027
2018-11-15T00:00:00Z,0.0,10.0,64.0,28.865595,0.63944817
2018-11-15T00:00:00Z,0.0,10.0,66.0,28.99492,0.61112785
2018-11-15T00:00:00Z,0.0,10.0,68.0,29.15534,0.60102654
2018-11-15T00:00:00Z,0.0,10.0,70.0,29.325758,0.62711334
2018-11-15T00:00:00Z,0.0,10.0,72.0,29.385853,0.61616516
2018-11-15T00:00:00Z,0.0,10.0,74.0,29.38015,0.64723396
2018-11-15T00:00:00Z,0.0,10.0,76.0,29.292217,0.66576576
2018-11-15T00:00:00Z,0.0,12.0,56.0,28.232773,0.75502205
2018-11-15T00:00:00Z,0.0,12.0,58.0,28.345905,0.74894524
2018-11-15T00:00:00Z,0.0,12.0,60.0,28.408352,0.70960236
2018-11-15T00:00:00Z,0.0,12.0,62.0,28.47881,0.67074585
2018-11-15T00:00:00Z,0.0,12.0,64.0,28.594578,0.6419945
2018-11-15T00:00:00Z,0.0,12.0,66.0,28.778269,0.6255398
2018-11-15T00:00:00Z,0.0,12.0,68.0,29.010834,0.61966705
2018-11-15T00:00:00Z,0.0,12.0,70.0,29.278727,0.66293716
2018-11-15T00:00:00Z,0.0,12.0,72.0,29.434835,0.6764202
2018-11-15T00:00:00Z,0.0,12.0,74.0,29.489141,0.709013
2018-11-15T00:00:00Z,0.0,12.0,76.0,29.471848,0.73817444
2018-11-15T00:00:00Z,0.0,14.0,56.0,28.129505,0.749506
2018-11-15T00:00:00Z,0.0,14.0,58.0,28.201464,0.74248314
2018-11-15T00:00:00Z,0.0,14.0,60.0,28.232338,0.70004654
2018-11-15T00:00:00Z,0.0,14.0,62.0,28.28442,0.6592331
2018-11-15T00:00:00Z,0.0,14.0,64.0,28.39534,0.6332989
2018-11-15T00:00:00Z,0.0,14.0,66.0,28.601479,0.62760353
2018-11-15T00:00:00Z,0.0,14.0,68.0,28.885752,0.6331272
2018-11-15T00:00:00Z,0.0,14.0,70.0,29.198854,0.67350197
2018-11-15T00:00:00Z,0.0,14.0,72.0,29.414213,0.71208763
2018-11-15T00:00:00Z,0.0,14.0,74.0,29.495253,0.736475
2018-11-15T00:00:00Z,0.0,14.0,76.0,NaN,NaN
2018-11-15T00:00:00Z,0.0,16.0,56.0,28.030035,0.7314167
2018-11-15T00:00:00Z,0.0,16.0,58.0,28.054857,0.70866966
2018-11-15T00:00:00Z,0.0,16.0,60.0,28.097277,0.6672535
2018-11-15T00:00:00Z,0.0,16.0,62.0,28.159494,0.630785
2018-11-15T00:00:00Z,0.0,16.0,64.0,28.258945,0.6106758
2018-11-15T00:00:00Z,0.0,16.0,66.0,28.469807,0.61888885
2018-11-15T00:00:00Z,0.0,16.0,68.0,28.781914,0.63972473
2018-11-15T00:00:00Z,0.0,16.0,70.0,29.09611,0.6799221
2018-11-15T00:00:00Z,0.0,16.0,72.0,29.323046,0.73771095
2018-11-15T00:00:00Z,0.0,16.0,74.0,29.425512,0.7526512
2018-11-15T00:00:00Z,0.0,16.0,76.0,NaN,NaN
2018-11-15T00:00:00Z,0.0,18.0,56.0,27.890768,0.6937485
2018-11-15T00:00:00Z,0.0,18.0,58.0,27.847473,0.64728355
2018-11-15T00:00:00Z,0.0,18.0,60.0,27.91714,0.60801315
2018-11-15T00:00:00Z,0.0,18.0,62.0,28.024948,0.5847378
2018-11-15T00:00:00Z,0.0,18.0,64.0,28.14776,0.58836174
2018-11-15T00:00:00Z,0.0,18.0,66.0,28.358994,0.613575
2018-11-15T00:00:00Z,0.0,18.0,68.0,28.658854,0.6521435
2018-11-15T00:00:00Z,0.0,18.0,70.0,28.920643,0.7008076
2018-11-15T00:00:00Z,0.0,18.0,72.0,29.066704,0.7493706
2018-11-15T00:00:00Z,0.0,18.0,74.0,NaN,NaN
2018-11-15T00:00:00Z,0.0,18.0,76.0,NaN,NaN
2018-11-15T00:00:00Z,0.0,20.0,56.0,NaN,NaN
2018-11-15T00:00:00Z,0.0,20.0,58.0,27.667425,0.5659065
2018-11-15T00:00:00Z,0.0,20.0,60.0,27.732275,0.5385113
2018-11-15T00:00:00Z,0.0,20.0,62.0,27.885357,0.5442505
2018-11-15T00:00:00Z,0.0,20.0,64.0,28.046062,0.5819588
2018-11-15T00:00:00Z,0.0,20.0,66.0,28.241024,0.6347542
2018-11-15T00:00:00Z,0.0,20.0,68.0,28.462715,0.6980057
2018-11-15T00:00:00Z,0.0,20.0,70.0,28.636564,0.7482872
2018-11-15T00:00:00Z,0.0,20.0,72.0,28.76377,0.7665386
2018-11-15T00:00:00Z,0.0,20.0,74.0,NaN,NaN
2018-11-15T00:00:00Z,0.0,20.0,76.0,NaN,NaN
2018-11-15T00:00:00Z,0.0,22.0,56.0,NaN,NaN
2018-11-15T00:00:00Z,0.0,22.0,58.0,NaN,NaN
2018-11-15T00:00:00Z,0.0,22.0,60.0,27.652826,0.50366783
2018-11-15T00:00:00Z,0.0,22.0,62.0,27.791122,0.5507469
2018-11-15T00:00:00Z,0.0,22.0,64.0,27.960022,0.64079285
2018-11-15T00:00:00Z,0.0,22.0,66.0,28.097353,0.71941376
2018-11-15T00:00:00Z,0.0,22.0,68.0,28.199112,0.77149963
2018-11-15T00:00:00Z,0.0,22.0,70.0,28.338428,0.7908268
2018-11-15T00:00:00Z,0.0,22.0,72.0,NaN,NaN
2018-11-15T00:00:00Z,0.0,22.0,74.0,NaN,NaN
2018-11-15T00:00:00Z,0.0,22.0,76.0,NaN,NaN
2018-11-15T00:00:00Z,0.0,24.0,56.0,NaN,NaN
2018-11-15T00:00:00Z,0.0,24.0,58.0,NaN,NaN
2018-11-15T00:00:00Z,0.0,24.0,60.0,27.611628,0.4889145
2018-11-15T00:00:00Z,0.0,24.0,62.0,27.70876,0.5914707
2018-11-15T00:00:00Z,0.0,24.0,64.0,27.868357,0.7586632
2018-11-15T00:00:00Z,0.0,24.0,66.0,27.925406,0.8266487
2018-11-15T00:00:00Z,0.0,24.0,68.0,27.9894,0.83460236
2018-11-15T00:00:00Z,0.0,24.0,70.0,NaN,NaN
2018-11-15T00:00:00Z,0.0,24.0,72.0,NaN,NaN
2018-11-15T00:00:00Z,0.0,24.0,74.0,NaN,NaN
2018-11-15T00:00:00Z,0.0,24.0,76.0,NaN,NaN
2018-11-15T00:00:00Z,0.0,26.0,56.0,27.842499,0.14299583
2018-11-15T00:00:00Z,0.0,26.0,58.0,27.661892,0.3132515
2018-11-15T00:00:00Z,0.0,26.0,60.0,27.579647,0.46305656
2018-11-15T00:00:00Z,0.0,26.0,62.0,NaN,NaN
2018-11-15T00:00:00Z,0.0,26.0,64.0,27.796219,0.85598755
2018-11-15T00:00:00Z,0.0,26.0,66.0,27.803492,0.8842583
2018-11-15T00:00:00Z,0.0,26.0,68.0,NaN,NaN
2018-11-15T00:00:00Z,0.0,26.0,70.0,NaN,NaN
2018-11-15T00:00:00Z,0.0,26.0,72.0,NaN,NaN
2018-11-15T00:00:00Z,0.0,26.0,74.0,NaN,NaN
2018-11-15T00:00:00Z,0.0,26.0,76.0,NaN,NaN
2018-12-15T00:00:00Z,0.0,8.0,56.0,28.16314,0.84682655
2018-12-15T00:00:00Z,0.0,8.0,58.0,28.31338,0.791193
2018-12-15T00:00:00Z,0.0,8.0,60.0,28.445213,0.71417046
2018-12-15T00:00:00Z,0.0,8.0,62.0,28.55186,0.6353607
2018-12-15T00:00:00Z,0.0,8.0,64.0,28.650604,0.5642071
2018-12-15T00:00:00Z,0.0,8.0,66.0,28.76087,0.5045757
2018-12-15T00:00:00Z,0.0,8.0,68.0,28.880394,0.47843552
2018-12-15T00:00:00Z,0.0,8.0,70.0,28.960264,0.4775982
2018-12-15T00:00:00Z,0.0,8.0,72.0,28.89103,0.41719627
2018-12-15T00:00:00Z,0.0,8.0,74.0,28.794304,0.412138
2018-12-15T00:00:00Z,0.0,8.0,76.0,28.63197,0.41333008
2018-12-15T00:00:00Z,0.0,10.0,56.0,27.860277,0.8722153
2018-12-15T00:00:00Z,0.0,10.0,58.0,27.974346,0.83649063
2018-12-15T00:00:00Z,0.0,10.0,60.0,28.076593,0.7719879
2018-12-15T00:00:00Z,0.0,10.0,62.0,28.181522,0.7039604
2018-12-15T00:00:00Z,0.0,10.0,64.0,28.310589,0.63235855
2018-12-15T00:00:00Z,0.0,10.0,66.0,28.488249,0.5691242
2018-12-15T00:00:00Z,0.0,10.0,68.0,28.69622,0.5359287
2018-12-15T00:00:00Z,0.0,10.0,70.0,28.896793,0.54356384
2018-12-15T00:00:00Z,0.0,10.0,72.0,28.954306,0.49713898
2018-12-15T00:00:00Z,0.0,10.0,74.0,28.931364,0.4838009
2018-12-15T00:00:00Z,0.0,10.0,76.0,28.827963,0.476408
2018-12-15T00:00:00Z,0.0,12.0,56.0,27.529299,0.8920498
2018-12-15T00:00:00Z,0.0,12.0,58.0,27.615303,0.87111473
2018-12-15T00:00:00Z,0.0,12.0,60.0,27.682833,0.8198948
2018-12-15T00:00:00Z,0.0,12.0,62.0,27.754871,0.74980927
2018-12-15T00:00:00Z,0.0,12.0,64.0,27.88595,0.67082596
2018-12-15T00:00:00Z,0.0,12.0,66.0,28.116102,0.6050606
2018-12-15T00:00:00Z,0.0,12.0,68.0,28.408102,0.562727
2018-12-15T00:00:00Z,0.0,12.0,70.0,28.730003,0.57681465
2018-12-15T00:00:00Z,0.0,12.0,72.0,28.927338,0.5582962
2018-12-15T00:00:00Z,0.0,12.0,74.0,28.999567,0.5456848
2018-12-15T00:00:00Z,0.0,12.0,76.0,28.984735,0.53495026
2018-12-15T00:00:00Z,0.0,14.0,56.0,27.19665,0.89239883
2018-12-15T00:00:00Z,0.0,14.0,58.0,27.27368,0.87384605
2018-12-15T00:00:00Z,0.0,14.0,60.0,27.335306,0.8226814
2018-12-15T00:00:00Z,0.0,14.0,62.0,27.396635,0.75730133
2018-12-15T00:00:00Z,0.0,14.0,64.0,27.51041,0.67790985
2018-12-15T00:00:00Z,0.0,14.0,66.0,27.752756,0.61094284
2018-12-15T00:00:00Z,0.0,14.0,68.0,28.111155,0.5732155
2018-12-15T00:00:00Z,0.0,14.0,70.0,28.516573,0.5901356
2018-12-15T00:00:00Z,0.0,14.0,72.0,28.821888,0.6104717
2018-12-15T00:00:00Z,0.0,14.0,74.0,28.961086,0.6086235
2018-12-15T00:00:00Z,0.0,14.0,76.0,NaN,NaN
2018-12-15T00:00:00Z,0.0,16.0,56.0,26.874002,0.84428024
2018-12-15T00:00:00Z,0.0,16.0,58.0,26.919518,0.812809
2018-12-15T00:00:00Z,0.0,16.0,60.0,27.005955,0.76670265
2018-12-15T00:00:00Z,0.0,16.0,62.0,27.079857,0.7084389
2018-12-15T00:00:00Z,0.0,16.0,64.0,27.178286,0.6408882
2018-12-15T00:00:00Z,0.0,16.0,66.0,27.41481,0.58120537
2018-12-15T00:00:00Z,0.0,16.0,68.0,27.812319,0.558527
2018-12-15T00:00:00Z,0.0,16.0,70.0,28.235292,0.586895
2018-12-15T00:00:00Z,0.0,16.0,72.0,28.577501,0.6457443
2018-12-15T00:00:00Z,0.0,16.0,74.0,28.790743,0.655735
2018-12-15T00:00:00Z,0.0,16.0,76.0,NaN,NaN
2018-12-15T00:00:00Z,0.0,18.0,56.0,26.617731,0.7662506
2018-12-15T00:00:00Z,0.0,18.0,58.0,26.583065,0.7174053
2018-12-15T00:00:00Z,0.0,18.0,60.0,26.667921,0.67731667
2018-12-15T00:00:00Z,0.0,18.0,62.0,26.759718,0.63051033
2018-12-15T00:00:00Z,0.0,18.0,64.0,26.856262,0.57719994
2018-12-15T00:00:00Z,0.0,18.0,66.0,27.081017,0.53560066
2018-12-15T00:00:00Z,0.0,18.0,68.0,27.441584,0.5244808
2018-12-15T00:00:00Z,0.0,18.0,70.0,27.767265,0.56390953
2018-12-15T00:00:00Z,0.0,18.0,72.0,27.964537,0.6222782
2018-12-15T00:00:00Z,0.0,18.0,74.0,NaN,NaN
2018-12-15T00:00:00Z,0.0,18.0,76.0,NaN,NaN
2018-12-15T00:00:00Z,0.0,20.0,56.0,NaN,NaN
2018-12-15T00:00:00Z,0.0,20.0,58.0,26.341614,0.6286869
2018-12-15T00:00:00Z,0.0,20.0,60.0,26.366205,0.6005459
2018-12-15T00:00:00Z,0.0,20.0,62.0,26.46494,0.5708351
2018-12-15T00:00:00Z,0.0,20.0,64.0,26.569525,0.530735
2018-12-15T00:00:00Z,0.0,20.0,66.0,26.728683,0.5004959
2018-12-15T00:00:00Z,0.0,20.0,68.0,26.940346,0.50884247
2018-12-15T00:00:00Z,0.0,20.0,70.0,27.11393,0.54844856
2018-12-15T00:00:00Z,0.0,20.0,72.0,27.291315,0.5817032
2018-12-15T00:00:00Z,0.0,20.0,74.0,NaN,NaN
2018-12-15T00:00:00Z,0.0,20.0,76.0,NaN,NaN
2018-12-15T00:00:00Z,0.0,22.0,56.0,NaN,NaN
2018-12-15T00:00:00Z,0.0,22.0,58.0,NaN,NaN
2018-12-15T00:00:00Z,0.0,22.0,60.0,26.115828,0.5843563
2018-12-15T00:00:00Z,0.0,22.0,62.0,26.224293,0.57027054
2018-12-15T00:00:00Z,0.0,22.0,64.0,26.319633,0.54265404
2018-12-15T00:00:00Z,0.0,22.0,66.0,26.3636,0.51670265
2018-12-15T00:00:00Z,0.0,22.0,68.0,26.395428,0.5178299
2018-12-15T00:00:00Z,0.0,22.0,70.0,26.541353,0.5317497
2018-12-15T00:00:00Z,0.0,22.0,72.0,NaN,NaN
2018-12-15T00:00:00Z,0.0,22.0,74.0,NaN,NaN
2018-12-15T00:00:00Z,0.0,22.0,76.0,NaN,NaN
2018-12-15T00:00:00Z,0.0,24.0,56.0,NaN,NaN
2018-12-15T00:00:00Z,0.0,24.0,58.0,NaN,NaN
2018-12-15T00:00:00Z,0.0,24.0,60.0,25.885517,0.61120987
2018-12-15T00:00:00Z,0.0,24.0,62.0,26.009146,0.59270096
2018-12-15T00:00:00Z,0.0,24.0,64.0,26.094345,0.5903778
2018-12-15T00:00:00Z,0.0,24.0,66.0,26.046041,0.56225586
2018-12-15T00:00:00Z,0.0,24.0,68.0,26.046774,0.53362656
2018-12-15T00:00:00Z,0.0,24.0,70.0,NaN,NaN
2018-12-15T00:00:00Z,0.0,24.0,72.0,NaN,NaN
2018-12-15T00:00:00Z,0.0,24.0,74.0,NaN,NaN
2018-12-15T00:00:00Z,0.0,24.0,76.0,NaN,NaN
2018-12-15T00:00:00Z,0.0,26.0,56.0,25.617994,0.5432453
2018-12-15T00:00:00Z,0.0,26.0,58.0,25.679016,0.58008385
2018-12-15T00:00:00Z,0.0,26.0,60.0,25.742928,0.63001823
2018-12-15T00:00:00Z,0.0,26.0,62.0,NaN,NaN
2018-12-15T00:00:00Z,0.0,26.0,64.0,25.936954,0.6095257
2018-12-15T00:00:00Z,0.0,26.0,66.0,25.87493,0.5789089
2018-12-15T00:00:00Z,0.0,26.0,68.0,NaN,NaN
2018-12-15T00:00:00Z,0.0,26.0,70.0,NaN,NaN
2018-12-15T00:00:00Z,0.0,26.0,72.0,NaN,NaN
2018-12-15T00:00:00Z,0.0,26.0,74.0,NaN,NaN
2018-12-15T00:00:00Z,0.0,26.0,76.0,NaN,NaN
2019-01-15T00:00:00Z,0.0,8.0,56.0,27.582449,0.75928307
2019-01-15T00:00:00Z,0.0,8.0,58.0,27.77838,0.73109055
2019-01-15T00:00:00Z,0.0,8.0,60.0,27.923876,0.6622124
2019-01-15T00:00:00Z,0.0,8.0,62.0,28.061764,0.5868473
2019-01-15T00:00:00Z,0.0,8.0,64.0,28.198378,0.50756645
2019-01-15T00:00:00Z,0.0,8.0,66.0,28.32497,0.43338394
2019-01-15T00:00:00Z,0.0,8.0,68.0,28.420738,0.37142563
2019-01-15T00:00:00Z,0.0,8.0,70.0,28.462833,0.3197918
2019-01-15T00:00:00Z,0.0,8.0,72.0,28.448795,0.28894043
2019-01-15T00:00:00Z,0.0,8.0,74.0,28.406246,0.30233002
2019-01-15T00:00:00Z,0.0,8.0,76.0,28.28488,0.3270607
2019-01-15T00:00:00Z,0.0,10.0,56.0,27.124464,0.7240925
2019-01-15T00:00:00Z,0.0,10.0,58.0,27.283537,0.715395
2019-01-15T00:00:00Z,0.0,10.0,60.0,27.422176,0.6808052
2019-01-15T00:00:00Z,0.0,10.0,62.0,27.57675,0.6357708
2019-01-15T00:00:00Z,0.0,10.0,64.0,27.760923,0.56890297
2019-01-15T00:00:00Z,0.0,10.0,66.0,27.975586,0.5002537
2019-01-15T00:00:00Z,0.0,10.0,68.0,28.185703,0.44526672
2019-01-15T00:00:00Z,0.0,10.0,70.0,28.359463,0.40467072
2019-01-15T00:00:00Z,0.0,10.0,72.0,28.46642,0.37402344
2019-01-15T00:00:00Z,0.0,10.0,74.0,28.505062,0.37181282
2019-01-15T00:00:00Z,0.0,10.0,76.0,28.453411,0.375885
2019-01-15T00:00:00Z,0.0,12.0,56.0,26.568768,0.65503883
2019-01-15T00:00:00Z,0.0,12.0,58.0,26.675983,0.64735985
2019-01-15T00:00:00Z,0.0,12.0,60.0,26.79966,0.6395149
2019-01-15T00:00:00Z,0.0,12.0,62.0,26.951372,0.6165409
2019-01-15T00:00:00Z,0.0,12.0,64.0,27.174381,0.56936264
2019-01-15T00:00:00Z,0.0,12.0,66.0,27.476984,0.51400757
2019-01-15T00:00:00Z,0.0,12.0,68.0,27.811056,0.4704132
2019-01-15T00:00:00Z,0.0,12.0,70.0,28.130495,0.44936943
2019-01-15T00:00:00Z,0.0,12.0,72.0,28.368677,0.43196678
2019-01-15T00:00:00Z,0.0,12.0,74.0,28.512001,0.43249893
2019-01-15T00:00:00Z,0.0,12.0,76.0,28.567924,0.43389702
2019-01-15T00:00:00Z,0.0,14.0,56.0,26.046995,0.5913925
2019-01-15T00:00:00Z,0.0,14.0,58.0,26.11335,0.56845474
2019-01-15T00:00:00Z,0.0,14.0,60.0,26.209326,0.5455971
2019-01-15T00:00:00Z,0.0,14.0,62.0,26.352173,0.53790283
2019-01-15T00:00:00Z,0.0,14.0,64.0,26.583801,0.51711464
2019-01-15T00:00:00Z,0.0,14.0,66.0,26.944946,0.48859406
2019-01-15T00:00:00Z,0.0,14.0,68.0,27.3929,0.4689846
2019-01-15T00:00:00Z,0.0,14.0,70.0,27.834036,0.4662037
2019-01-15T00:00:00Z,0.0,14.0,72.0,28.17605,0.4687996
2019-01-15T00:00:00Z,0.0,14.0,74.0,28.378473,0.47413826
2019-01-15T00:00:00Z,0.0,14.0,76.0,NaN,NaN
2019-01-15T00:00:00Z,0.0,16.0,56.0,25.630838,0.5416031
2019-01-15T00:00:00Z,0.0,16.0,58.0,25.640276,0.49373436
2019-01-15T00:00:00Z,0.0,16.0,60.0,25.718513,0.44826508
2019-01-15T00:00:00Z,0.0,16.0,62.0,25.834059,0.42633057
2019-01-15T00:00:00Z,0.0,16.0,64.0,26.045746,0.42655945
2019-01-15T00:00:00Z,0.0,16.0,66.0,26.433994,0.43136978
2019-01-15T00:00:00Z,0.0,16.0,68.0,26.959984,0.4424019
2019-01-15T00:00:00Z,0.0,16.0,70.0,27.439255,0.4566307
2019-01-15T00:00:00Z,0.0,16.0,72.0,27.803144,0.47390938
2019-01-15T00:00:00Z,0.0,16.0,74.0,28.097813,0.49691582
2019-01-15T00:00:00Z,0.0,16.0,76.0,NaN,NaN
2019-01-15T00:00:00Z,0.0,18.0,56.0,25.352884,0.5037918
2019-01-15T00:00:00Z,0.0,18.0,58.0,25.27473,0.44664764
2019-01-15T00:00:00Z,0.0,18.0,60.0,25.313734,0.39167213
2019-01-15T00:00:00Z,0.0,18.0,62.0,25.395374,0.35252
2019-01-15T00:00:00Z,0.0,18.0,64.0,25.567423,0.34708977
2019-01-15T00:00:00Z,0.0,18.0,66.0,25.938232,0.37098312
2019-01-15T00:00:00Z,0.0,18.0,68.0,26.419807,0.3877449
2019-01-15T00:00:00Z,0.0,18.0,70.0,26.76237,0.39320183
2019-01-15T00:00:00Z,0.0,18.0,72.0,26.92903,0.39948273
2019-01-15T00:00:00Z,0.0,18.0,74.0,NaN,NaN
2019-01-15T00:00:00Z,0.0,18.0,76.0,NaN,NaN
2019-01-15T00:00:00Z,0.0,20.0,56.0,NaN,NaN
2019-01-15T00:00:00Z,0.0,20.0,58.0,25.023197,0.42100334
2019-01-15T00:00:00Z,0.0,20.0,60.0,24.976849,0.3855362
2019-01-15T00:00:00Z,0.0,20.0,62.0,25.030104,0.35143852
2019-01-15T00:00:00Z,0.0,20.0,64.0,25.168549,0.3324871
2019-01-15T00:00:00Z,0.0,20.0,66.0,25.41696,0.33244133
2019-01-15T00:00:00Z,0.0,20.0,68.0,25.665155,0.31788635
2019-01-15T00:00:00Z,0.0,20.0,70.0,25.801527,0.2981949
2019-01-15T00:00:00Z,0.0,20.0,72.0,25.958302,0.2812748
2019-01-15T00:00:00Z,0.0,20.0,74.0,NaN,NaN
2019-01-15T00:00:00Z,0.0,20.0,76.0,NaN,NaN
2019-01-15T00:00:00Z,0.0,22.0,56.0,NaN,NaN
2019-01-15T00:00:00Z,0.0,22.0,58.0,NaN,NaN
2019-01-15T00:00:00Z,0.0,22.0,60.0,24.645393,0.42643356
2019-01-15T00:00:00Z,0.0,22.0,62.0,24.71677,0.40768814
2019-01-15T00:00:00Z,0.0,22.0,64.0,24.817982,0.3826065
2019-01-15T00:00:00Z,0.0,22.0,66.0,24.873785,0.33563995
2019-01-15T00:00:00Z,0.0,22.0,68.0,24.866188,0.26891136
2019-01-15T00:00:00Z,0.0,22.0,70.0,24.980957,0.21239471
2019-01-15T00:00:00Z,0.0,22.0,72.0,NaN,NaN
2019-01-15T00:00:00Z,0.0,22.0,74.0,NaN,NaN
2019-01-15T00:00:00Z,0.0,22.0,76.0,NaN,NaN
2019-01-15T00:00:00Z,0.0,24.0,56.0,NaN,NaN
2019-01-15T00:00:00Z,0.0,24.0,58.0,NaN,NaN
2019-01-15T00:00:00Z,0.0,24.0,60.0,24.360325,0.50206566
2019-01-15T00:00:00Z,0.0,24.0,62.0,24.460543,0.46710968
2019-01-15T00:00:00Z,0.0,24.0,64.0,24.512026,0.43519783
2019-01-15T00:00:00Z,0.0,24.0,66.0,24.42672,0.35627747
2019-01-15T00:00:00Z,0.0,24.0,68.0,24.384151,0.2583027
2019-01-15T00:00:00Z,0.0,24.0,70.0,NaN,NaN
2019-01-15T00:00:00Z,0.0,24.0,72.0,NaN,NaN
2019-01-15T00:00:00Z,0.0,24.0,74.0,NaN,NaN
2019-01-15T00:00:00Z,0.0,24.0,76.0,NaN,NaN
2019-01-15T00:00:00Z,0.0,26.0,56.0,23.902834,0.7257519
2019-01-15T00:00:00Z,0.0,26.0,58.0,24.142351,0.61319923
2019-01-15T00:00:00Z,0.0,26.0,60.0,24.204384,0.5385113
2019-01-15T00:00:00Z,0.0,26.0,62.0,NaN,NaN
2019-01-15T00:00:00Z,0.0,26.0,64.0,24.313423,0.43520927
2019-01-15T00:00:00Z,0.0,26.0,66.0,24.232119,0.3809433
2019-01-15T00:00:00Z,0.0,26.0,68.0,NaN,NaN
2019-01-15T00:00:00Z,0.0,26.0,70.0,NaN,NaN
2019-01-15T00:00:00Z,0.0,26.0,72.0,NaN,NaN
2019-01-15T00:00:00Z,0.0,26.0,74.0,NaN,NaN
2019-01-15T00:00:00Z,0.0,26.0,76.0,NaN,NaN
2019-02-15T00:00:00Z,0.0,8.0,56.0,27.37414,0.3442421
2019-02-15T00:00:00Z,0.0,8.0,58.0,27.573355,0.37322998
2019-02-15T00:00:00Z,0.0,8.0,60.0,27.752174,0.3678856
2019-02-15T00:00:00Z,0.0,8.0,62.0,27.952618,0.35780716
2019-02-15T00:00:00Z,0.0,8.0,64.0,28.167564,0.3509407
2019-02-15T00:00:00Z,0.0,8.0,66.0,28.368382,0.34673882
2019-02-15T00:00:00Z,0.0,8.0,68.0,28.545986,0.35225677
2019-02-15T00:00:00Z,0.0,8.0,70.0,28.684982,0.36694145
2019-02-15T00:00:00Z,0.0,8.0,72.0,28.75259,0.37184143
2019-02-15T00:00:00Z,0.0,8.0,74.0,28.774704,0.39030647
2019-02-15T00:00:00Z,0.0,8.0,76.0,28.714918,0.42360306
2019-02-15T00:00:00Z,0.0,10.0,56.0,26.812393,0.26808167
2019-02-15T00:00:00Z,0.0,10.0,58.0,26.94453,0.27688408
2019-02-15T00:00:00Z,0.0,10.0,60.0,27.099115,0.28294945
2019-02-15T00:00:00Z,0.0,10.0,62.0,27.32463,0.29940224
2019-02-15T00:00:00Z,0.0,10.0,64.0,27.612251,0.31054497
2019-02-15T00:00:00Z,0.0,10.0,66.0,27.924994,0.32613945
2019-02-15T00:00:00Z,0.0,10.0,68.0,28.227144,0.3570404
2019-02-15T00:00:00Z,0.0,10.0,70.0,28.489521,0.39214706
2019-02-15T00:00:00Z,0.0,10.0,72.0,28.659233,0.39429665
2019-02-15T00:00:00Z,0.0,10.0,74.0,28.755625,0.3935604
2019-02-15T00:00:00Z,0.0,10.0,76.0,28.771048,0.4053154
2019-02-15T00:00:00Z,0.0,12.0,56.0,26.207531,0.17178345
2019-02-15T00:00:00Z,0.0,12.0,58.0,26.261503,0.143816
2019-02-15T00:00:00Z,0.0,12.0,60.0,26.371521,0.14624977
2019-02-15T00:00:00Z,0.0,12.0,62.0,26.581556,0.17191124
2019-02-15T00:00:00Z,0.0,12.0,64.0,26.90906,0.19574738
2019-02-15T00:00:00Z,0.0,12.0,66.0,27.31032,0.22198677
2019-02-15T00:00:00Z,0.0,12.0,68.0,27.726614,0.2707615
2019-02-15T00:00:00Z,0.0,12.0,70.0,28.110857,0.32927513
2019-02-15T00:00:00Z,0.0,12.0,72.0,28.405302,0.35809517
2019-02-15T00:00:00Z,0.0,12.0,74.0,28.616167,0.37716103
2019-02-15T00:00:00Z,0.0,12.0,76.0,28.746895,0.3924694
2019-02-15T00:00:00Z,0.0,14.0,56.0,25.699495,0.12449455
2019-02-15T00:00:00Z,0.0,14.0,58.0,25.701117,0.06782532
2019-02-15T00:00:00Z,0.0,14.0,60.0,25.759228,0.039331436
2019-02-15T00:00:00Z,0.0,14.0,62.0,25.908962,0.042629242
2019-02-15T00:00:00Z,0.0,14.0,64.0,26.20205,0.054965973
2019-02-15T00:00:00Z,0.0,14.0,66.0,26.637342,0.08105087
2019-02-15T00:00:00Z,0.0,14.0,68.0,27.144924,0.13819504
2019-02-15T00:00:00Z,0.0,14.0,70.0,27.632479,0.21460533
2019-02-15T00:00:00Z,0.0,14.0,72.0,28.038055,0.2850132
2019-02-15T00:00:00Z,0.0,14.0,74.0,28.315565,0.33251762
2019-02-15T00:00:00Z,0.0,14.0,76.0,NaN,NaN
2019-02-15T00:00:00Z,0.0,16.0,56.0,25.323244,0.13212395
2019-02-15T00:00:00Z,0.0,16.0,58.0,25.286152,0.07311058
2019-02-15T00:00:00Z,0.0,16.0,60.0,25.313992,0.010990143
2019-02-15T00:00:00Z,0.0,16.0,62.0,25.383245,-0.042922974
2019-02-15T00:00:00Z,0.0,16.0,64.0,25.581694,-0.07178497
2019-02-15T00:00:00Z,0.0,16.0,66.0,25.99262,-0.060567856
2019-02-15T00:00:00Z,0.0,16.0,68.0,26.543745,-0.005777359
2019-02-15T00:00:00Z,0.0,16.0,70.0,27.053965,0.081861496
2019-02-15T00:00:00Z,0.0,16.0,72.0,27.487757,0.18363953
2019-02-15T00:00:00Z,0.0,16.0,74.0,27.876724,0.2723446
2019-02-15T00:00:00Z,0.0,16.0,76.0,NaN,NaN
2019-02-15T00:00:00Z,0.0,18.0,56.0,25.057673,0.15714455
2019-02-15T00:00:00Z,0.0,18.0,58.0,24.956263,0.117816925
2019-02-15T00:00:00Z,0.0,18.0,60.0,24.951683,0.04486847
2019-02-15T00:00:00Z,0.0,18.0,62.0,24.955595,-0.058467865
2019-02-15T00:00:00Z,0.0,18.0,64.0,25.056168,-0.14027023
2019-02-15T00:00:00Z,0.0,18.0,66.0,25.39543,-0.15811157
2019-02-15T00:00:00Z,0.0,18.0,68.0,25.8737,-0.12767601
2019-02-15T00:00:00Z,0.0,18.0,70.0,26.22563,-0.06501579
2019-02-15T00:00:00Z,0.0,18.0,72.0,26.426477,0.009901047
2019-02-15T00:00:00Z,0.0,18.0,74.0,NaN,NaN
2019-02-15T00:00:00Z,0.0,18.0,76.0,NaN,NaN
2019-02-15T00:00:00Z,0.0,20.0,56.0,NaN,NaN
2019-02-15T00:00:00Z,0.0,20.0,58.0,24.696007,0.14810944
2019-02-15T00:00:00Z,0.0,20.0,60.0,24.590445,0.0905056
2019-02-15T00:00:00Z,0.0,20.0,62.0,24.545147,-0.018312454
2019-02-15T00:00:00Z,0.0,20.0,64.0,24.581251,-0.13454056
2019-02-15T00:00:00Z,0.0,20.0,66.0,24.780716,-0.19680595
2019-02-15T00:00:00Z,0.0,20.0,68.0,25.030897,-0.21193504
2019-02-15T00:00:00Z,0.0,20.0,70.0,25.175184,-0.19418526
2019-02-15T00:00:00Z,0.0,20.0,72.0,25.339354,-0.17294312
2019-02-15T00:00:00Z,0.0,20.0,74.0,NaN,NaN
2019-02-15T00:00:00Z,0.0,20.0,76.0,NaN,NaN
2019-02-15T00:00:00Z,0.0,22.0,56.0,NaN,NaN
2019-02-15T00:00:00Z,0.0,22.0,58.0,NaN,NaN
2019-02-15T00:00:00Z,0.0,22.0,60.0,24.167543,0.15806389
2019-02-15T00:00:00Z,0.0,22.0,62.0,24.132074,0.066782
2019-02-15T00:00:00Z,0.0,22.0,64.0,24.110836,-0.06795502
2019-02-15T00:00:00Z,0.0,22.0,66.0,24.141798,-0.16811752
2019-02-15T00:00:00Z,0.0,22.0,68.0,24.171171,-0.2387104
2019-02-15T00:00:00Z,0.0,22.0,70.0,24.317808,-0.28058052
2019-02-15T00:00:00Z,0.0,22.0,72.0,NaN,NaN
2019-02-15T00:00:00Z,0.0,22.0,74.0,NaN,NaN
2019-02-15T00:00:00Z,0.0,22.0,76.0,NaN,NaN
2019-02-15T00:00:00Z,0.0,24.0,56.0,NaN,NaN
2019-02-15T00:00:00Z,0.0,24.0,58.0,NaN,NaN
2019-02-15T00:00:00Z,0.0,24.0,60.0,23.82858,0.30601883
2019-02-15T00:00:00Z,0.0,24.0,62.0,23.782743,0.15258408
2019-02-15T00:00:00Z,0.0,24.0,64.0,23.681057,-0.009513855
2019-02-15T00:00:00Z,0.0,24.0,66.0,23.598345,-0.12533379
2019-02-15T00:00:00Z,0.0,24.0,68.0,23.625261,-0.22640228
2019-02-15T00:00:00Z,0.0,24.0,70.0,NaN,NaN
2019-02-15T00:00:00Z,0.0,24.0,72.0,NaN,NaN
2019-02-15T00:00:00Z,0.0,24.0,74.0,NaN,NaN
2019-02-15T00:00:00Z,0.0,24.0,76.0,NaN,NaN
2019-02-15T00:00:00Z,0.0,26.0,56.0,23.2809,0.8363991
2019-02-15T00:00:00Z,0.0,26.0,58.0,23.635487,0.6109314
2019-02-15T00:00:00Z,0.0,26.0,60.0,23.69273,0.4302864
2019-02-15T00:00:00Z,0.0,26.0,62.0,NaN,NaN
2019-02-15T00:00:00Z,0.0,26.0,64.0,23.40776,-0.015945435
2019-02-15T00:00:00Z,0.0,26.0,66.0,23.334692,-0.089271545
2019-02-15T00:00:00Z,0.0,26.0,68.0,NaN,NaN
2019-02-15T00:00:00Z,0.0,26.0,70.0,NaN,NaN
2019-02-15T00:00:00Z,0.0,26.0,72.0,NaN,NaN
2019-02-15T00:00:00Z,0.0,26.0,74.0,NaN,NaN
2019-02-15T00:00:00Z,0.0,26.0,76.0,NaN,NaN
2019-03-15T00:00:00Z,0.0,8.0,56.0,28.34109,0.3448391
2019-03-15T00:00:00Z,0.0,8.0,58.0,28.355091,0.25144577
2019-03-15T00:00:00Z,0.0,8.0,60.0,28.411205,0.16851807
2019-03-15T00:00:00Z,0.0,8.0,62.0,28.538767,0.12616348
2019-03-15T00:00:00Z,0.0,8.0,64.0,28.70262,0.11353874
2019-03-15T00:00:00Z,0.0,8.0,66.0,28.883385,0.12592697
2019-03-15T00:00:00Z,0.0,8.0,68.0,29.085558,0.17214203
2019-03-15T00:00:00Z,0.0,8.0,70.0,29.289787,0.2514553
2019-03-15T00:00:00Z,0.0,8.0,72.0,29.471046,0.34996414
2019-03-15T00:00:00Z,0.0,8.0,74.0,29.645916,0.47689438
2019-03-15T00:00:00Z,0.0,8.0,76.0,29.738003,0.60162735
2019-03-15T00:00:00Z,0.0,10.0,56.0,27.886732,0.30625153
2019-03-15T00:00:00Z,0.0,10.0,58.0,27.841942,0.19479561
2019-03-15T00:00:00Z,0.0,10.0,60.0,27.869259,0.11140633
2019-03-15T00:00:00Z,0.0,10.0,62.0,28.011614,0.07592964
2019-03-15T00:00:00Z,0.0,10.0,64.0,28.21906,0.0528965
2019-03-15T00:00:00Z,0.0,10.0,66.0,28.45844,0.05479622
2019-03-15T00:00:00Z,0.0,10.0,68.0,28.720367,0.09930611
2019-03-15T00:00:00Z,0.0,10.0,70.0,29.000889,0.1859951
2019-03-15T00:00:00Z,0.0,10.0,72.0,29.268414,0.2869568
2019-03-15T00:00:00Z,0.0,10.0,74.0,29.532484,0.41359138
2019-03-15T00:00:00Z,0.0,10.0,76.0,29.713419,0.5319195
2019-03-15T00:00:00Z,0.0,12.0,56.0,27.418463,0.24687767
2019-03-15T00:00:00Z,0.0,12.0,58.0,27.357155,0.14398956
2019-03-15T00:00:00Z,0.0,12.0,60.0,27.351728,0.06521034
2019-03-15T00:00:00Z,0.0,12.0,62.0,27.456863,0.015468597
2019-03-15T00:00:00Z,0.0,12.0,64.0,27.66287,-0.030899048
2019-03-15T00:00:00Z,0.0,12.0,66.0,27.921385,-0.05836296
2019-03-15T00:00:00Z,0.0,12.0,68.0,28.211836,-0.029745102
2019-03-15T00:00:00Z,0.0,12.0,70.0,28.545284,0.059951782
2019-03-15T00:00:00Z,0.0,12.0,72.0,28.89948,0.17510605
2019-03-15T00:00:00Z,0.0,12.0,74.0,29.260128,0.3112278
2019-03-15T00:00:00Z,0.0,12.0,76.0,29.550068,0.43461418
2019-03-15T00:00:00Z,0.0,14.0,56.0,26.959858,0.18918991
2019-03-15T00:00:00Z,0.0,14.0,58.0,26.925224,0.117954254
2019-03-15T00:00:00Z,0.0,14.0,60.0,26.913584,0.046102524
2019-03-15T00:00:00Z,0.0,14.0,62.0,26.955025,-0.03341484
2019-03-15T00:00:00Z,0.0,14.0,64.0,27.094143,-0.12479401
2019-03-15T00:00:00Z,0.0,14.0,66.0,27.334866,-0.18684387
2019-03-15T00:00:00Z,0.0,14.0,68.0,27.648571,-0.17572021
2019-03-15T00:00:00Z,0.0,14.0,70.0,28.021795,-0.08601761
2019-03-15T00:00:00Z,0.0,14.0,72.0,28.439009,0.050401688
2019-03-15T00:00:00Z,0.0,14.0,74.0,28.810442,0.17991257
2019-03-15T00:00:00Z,0.0,14.0,76.0,NaN,NaN
2019-03-15T00:00:00Z,0.0,16.0,56.0,26.508959,0.13813782
2019-03-15T00:00:00Z,0.0,16.0,58.0,26.478334,0.09802055
2019-03-15T00:00:00Z,0.0,16.0,60.0,26.49924,0.037197113
2019-03-15T00:00:00Z,0.0,16.0,62.0,26.49787,-0.079818726
2019-03-15T00:00:00Z,0.0,16.0,64.0,26.537678,-0.2305088
2019-03-15T00:00:00Z,0.0,16.0,66.0,26.728458,-0.32914543
2019-03-15T00:00:00Z,0.0,16.0,68.0,27.047876,-0.33324814
2019-03-15T00:00:00Z,0.0,16.0,70.0,27.40797,-0.24188232
2019-03-15T00:00:00Z,0.0,16.0,72.0,27.820454,-0.091026306
2019-03-15T00:00:00Z,0.0,16.0,74.0,28.260813,0.053199768
2019-03-15T00:00:00Z,0.0,16.0,76.0,NaN,NaN
2019-03-15T00:00:00Z,0.0,18.0,56.0,26.120823,0.10240555
2019-03-15T00:00:00Z,0.0,18.0,58.0,26.009521,0.07548714
2019-03-15T00:00:00Z,0.0,18.0,60.0,26.035114,0.019781113
2019-03-15T00:00:00Z,0.0,18.0,62.0,26.022741,-0.12300873
2019-03-15T00:00:00Z,0.0,18.0,64.0,25.996428,-0.3185711
2019-03-15T00:00:00Z,0.0,18.0,66.0,26.112648,-0.46095467
2019-03-15T00:00:00Z,0.0,18.0,68.0,26.35919,-0.4943905
2019-03-15T00:00:00Z,0.0,18.0,70.0,26.568281,-0.43042564
2019-03-15T00:00:00Z,0.0,18.0,72.0,26.745302,-0.3186779
2019-03-15T00:00:00Z,0.0,18.0,74.0,NaN,NaN
2019-03-15T00:00:00Z,0.0,18.0,76.0,NaN,NaN
2019-03-15T00:00:00Z,0.0,20.0,56.0,NaN,NaN
2019-03-15T00:00:00Z,0.0,20.0,58.0,25.625738,0.046211243
2019-03-15T00:00:00Z,0.0,20.0,60.0,25.524845,-0.015058517
2019-03-15T00:00:00Z,0.0,20.0,62.0,25.479948,-0.15949059
2019-03-15T00:00:00Z,0.0,20.0,64.0,25.433023,-0.36668205
2019-03-15T00:00:00Z,0.0,20.0,66.0,25.460354,-0.543499
2019-03-15T00:00:00Z,0.0,20.0,68.0,25.544634,-0.62194824
2019-03-15T00:00:00Z,0.0,20.0,70.0,25.59735,-0.6020031
2019-03-15T00:00:00Z,0.0,20.0,72.0,25.719715,-0.55000687
2019-03-15T00:00:00Z,0.0,20.0,74.0,NaN,NaN
2019-03-15T00:00:00Z,0.0,20.0,76.0,NaN,NaN
2019-03-15T00:00:00Z,0.0,22.0,56.0,NaN,NaN
2019-03-15T00:00:00Z,0.0,22.0,58.0,NaN,NaN
2019-03-15T00:00:00Z,0.0,22.0,60.0,24.930311,-0.05978012
2019-03-15T00:00:00Z,0.0,22.0,62.0,24.896276,-0.17074394
2019-03-15T00:00:00Z,0.0,22.0,64.0,24.834696,-0.36053276
2019-03-15T00:00:00Z,0.0,22.0,66.0,24.785425,-0.5418415
2019-03-15T00:00:00Z,0.0,22.0,68.0,24.758955,-0.66298866
2019-03-15T00:00:00Z,0.0,22.0,70.0,24.862034,-0.7028923
2019-03-15T00:00:00Z,0.0,22.0,72.0,NaN,NaN
2019-03-15T00:00:00Z,0.0,22.0,74.0,NaN,NaN
2019-03-15T00:00:00Z,0.0,22.0,76.0,NaN,NaN
2019-03-15T00:00:00Z,0.0,24.0,56.0,NaN,NaN
2019-03-15T00:00:00Z,0.0,24.0,58.0,NaN,NaN
2019-03-15T00:00:00Z,0.0,24.0,60.0,24.357418,-0.08624458
2019-03-15T00:00:00Z,0.0,24.0,62.0,24.385555,-0.18079948
2019-03-15T00:00:00Z,0.0,24.0,64.0,24.289427,-0.3461628
2019-03-15T00:00:00Z,0.0,24.0,66.0,24.203896,-0.501997
2019-03-15T00:00:00Z,0.0,24.0,68.0,24.243713,-0.6373234
2019-03-15T00:00:00Z,0.0,24.0,70.0,NaN,NaN
2019-03-15T00:00:00Z,0.0,24.0,72.0,NaN,NaN
2019-03-15T00:00:00Z,0.0,24.0,74.0,NaN,NaN
2019-03-15T00:00:00Z,0.0,24.0,76.0,NaN,NaN
2019-03-15T00:00:00Z,0.0,26.0,56.0,23.064905,0.03115654
2019-03-15T00:00:00Z,0.0,26.0,58.0,23.747086,-0.032791138
2019-03-15T00:00:00Z,0.0,26.0,60.0,24.055527,-0.077049255
2019-03-15T00:00:00Z,0.0,26.0,62.0,NaN,NaN
2019-03-15T00:00:00Z,0.0,26.0,64.0,23.962862,-0.3685074
2019-03-15T00:00:00Z,0.0,26.0,66.0,23.90189,-0.4593315
2019-03-15T00:00:00Z,0.0,26.0,68.0,NaN,NaN
2019-03-15T00:00:00Z,0.0,26.0,70.0,NaN,NaN
2019-03-15T00:00:00Z,0.0,26.0,72.0,NaN,NaN
2019-03-15T00:00:00Z,0.0,26.0,74.0,NaN,NaN
2019-03-15T00:00:00Z,0.0,26.0,76.0,NaN,NaN
2019-04-15T00:00:00Z,0.0,8.0,56.0,29.914326,0.54489136
2019-04-15T00:00:00Z,0.0,8.0,58.0,29.901457,0.47114563
2019-04-15T00:00:00Z,0.0,8.0,60.0,29.91749,0.42557335
2019-04-15T00:00:00Z,0.0,8.0,62.0,29.979996,0.41362
2019-04-15T00:00:00Z,0.0,8.0,64.0,30.064095,0.41157532
2019-04-15T00:00:00Z,0.0,8.0,66.0,30.176714,0.4276333
2019-04-15T00:00:00Z,0.0,8.0,68.0,30.318775,0.47388077
2019-04-15T00:00:00Z,0.0,8.0,70.0,30.473047,0.55436134
2019-04-15T00:00:00Z,0.0,8.0,72.0,30.626581,0.6658306
2019-04-15T00:00:00Z,0.0,8.0,74.0,30.786015,0.8159523
2019-04-15T00:00:00Z,0.0,8.0,76.0,30.865528,0.9586468
2019-04-15T00:00:00Z,0.0,10.0,56.0,29.613579,0.47784996
2019-04-15T00:00:00Z,0.0,10.0,58.0,29.598425,0.4244461
2019-04-15T00:00:00Z,0.0,10.0,60.0,29.625221,0.40442848
2019-04-15T00:00:00Z,0.0,10.0,62.0,29.70518,0.40569878
2019-04-15T00:00:00Z,0.0,10.0,64.0,29.802217,0.3942814
2019-04-15T00:00:00Z,0.0,10.0,66.0,29.92297,0.39276123
2019-04-15T00:00:00Z,0.0,10.0,68.0,30.079523,0.42691803
2019-04-15T00:00:00Z,0.0,10.0,70.0,30.270315,0.4995861
2019-04-15T00:00:00Z,0.0,10.0,72.0,30.480253,0.6040878
2019-04-15T00:00:00Z,0.0,10.0,74.0,30.7169,0.7551918
2019-04-15T00:00:00Z,0.0,10.0,76.0,30.883049,0.8925228
2019-04-15T00:00:00Z,0.0,12.0,56.0,29.376244,0.46795082
2019-04-15T00:00:00Z,0.0,12.0,58.0,29.383871,0.45820427
2019-04-15T00:00:00Z,0.0,12.0,60.0,29.412386,0.46567726
2019-04-15T00:00:00Z,0.0,12.0,62.0,29.463615,0.45457458
2019-04-15T00:00:00Z,0.0,12.0,64.0,29.538147,0.41843987
2019-04-15T00:00:00Z,0.0,12.0,66.0,29.631784,0.3843689
2019-04-15T00:00:00Z,0.0,12.0,68.0,29.762945,0.39250755
2019-04-15T00:00:00Z,0.0,12.0,70.0,29.966082,0.45874786
2019-04-15T00:00:00Z,0.0,12.0,72.0,30.224888,0.55820084
2019-04-15T00:00:00Z,0.0,12.0,74.0,30.520445,0.68727875
2019-04-15T00:00:00Z,0.0,12.0,76.0,30.767294,0.80490494
2019-04-15T00:00:00Z,0.0,14.0,56.0,29.134995,0.5070362
2019-04-15T00:00:00Z,0.0,14.0,58.0,29.17923,0.5423546
2019-04-15T00:00:00Z,0.0,14.0,60.0,29.221718,0.5673027
2019-04-15T00:00:00Z,0.0,14.0,62.0,29.25856,0.5549774
2019-04-15T00:00:00Z,0.0,14.0,64.0,29.29567,0.49396133
2019-04-15T00:00:00Z,0.0,14.0,66.0,29.354176,0.42934418
2019-04-15T00:00:00Z,0.0,14.0,68.0,29.461271,0.4119587
2019-04-15T00:00:00Z,0.0,14.0,70.0,29.655273,0.46156502
2019-04-15T00:00:00Z,0.0,14.0,72.0,29.9384,0.5608368
2019-04-15T00:00:00Z,0.0,14.0,74.0,30.215721,0.6556778
2019-04-15T00:00:00Z,0.0,14.0,76.0,NaN,NaN
2019-04-15T00:00:00Z,0.0,16.0,56.0,28.772392,0.53517723
2019-04-15T00:00:00Z,0.0,16.0,58.0,28.821852,0.60266304
2019-04-15T00:00:00Z,0.0,16.0,60.0,28.934843,0.65961456
2019-04-15T00:00:00Z,0.0,16.0,62.0,29.00518,0.65501404
2019-04-15T00:00:00Z,0.0,16.0,64.0,29.015392,0.57574844
2019-04-15T00:00:00Z,0.0,16.0,66.0,29.041916,0.48766708
2019-04-15T00:00:00Z,0.0,16.0,68.0,29.134876,0.45289803
2019-04-15T00:00:00Z,0.0,16.0,70.0,29.295809,0.49097252
2019-04-15T00:00:00Z,0.0,16.0,72.0,29.548328,0.5734024
2019-04-15T00:00:00Z,0.0,16.0,74.0,29.85723,0.6527462
2019-04-15T00:00:00Z,0.0,16.0,76.0,NaN,NaN
2019-04-15T00:00:00Z,0.0,18.0,56.0,28.389109,0.560894
2019-04-15T00:00:00Z,0.0,18.0,58.0,28.34548,0.6306591
2019-04-15T00:00:00Z,0.0,18.0,60.0,28.501081,0.70329094
2019-04-15T00:00:00Z,0.0,18.0,62.0,28.629045,0.7045059
2019-04-15T00:00:00Z,0.0,18.0,64.0,28.641912,0.61374664
2019-04-15T00:00:00Z,0.0,18.0,66.0,28.642862,0.5092373
2019-04-15T00:00:00Z,0.0,18.0,68.0,28.689825,0.4593029
2019-04-15T00:00:00Z,0.0,18.0,70.0,28.744669,0.4812088
2019-04-15T00:00:00Z,0.0,18.0,72.0,28.825008,0.5323982
2019-04-15T00:00:00Z,0.0,18.0,74.0,NaN,NaN
2019-04-15T00:00:00Z,0.0,18.0,76.0,NaN,NaN
2019-04-15T00:00:00Z,0.0,20.0,56.0,NaN,NaN
2019-04-15T00:00:00Z,0.0,20.0,58.0,27.997028,0.65169334
2019-04-15T00:00:00Z,0.0,20.0,60.0,28.027395,0.6878605
2019-04-15T00:00:00Z,0.0,20.0,62.0,28.123823,0.6651993
2019-04-15T00:00:00Z,0.0,20.0,64.0,28.144535,0.5737648
2019-04-15T00:00:00Z,0.0,20.0,66.0,28.11875,0.4657688
2019-04-15T00:00:00Z,0.0,20.0,68.0,28.092262,0.4130726
2019-04-15T00:00:00Z,0.0,20.0,70.0,28.066683,0.42531395
2019-04-15T00:00:00Z,0.0,20.0,72.0,28.12567,0.44906616
2019-04-15T00:00:00Z,0.0,20.0,74.0,NaN,NaN
2019-04-15T00:00:00Z,0.0,20.0,76.0,NaN,NaN
2019-04-15T00:00:00Z,0.0,22.0,56.0,NaN,NaN
2019-04-15T00:00:00Z,0.0,22.0,58.0,NaN,NaN
2019-04-15T00:00:00Z,0.0,22.0,60.0,27.54206,0.60269356
2019-04-15T00:00:00Z,0.0,22.0,62.0,27.57116,0.56959534
2019-04-15T00:00:00Z,0.0,22.0,64.0,27.55115,0.48535728
2019-04-15T00:00:00Z,0.0,22.0,66.0,27.498507,0.3952999
2019-04-15T00:00:00Z,0.0,22.0,68.0,27.46129,0.3489914
2019-04-15T00:00:00Z,0.0,22.0,70.0,27.534107,0.35379982
2019-04-15T00:00:00Z,0.0,22.0,72.0,NaN,NaN
2019-04-15T00:00:00Z,0.0,22.0,74.0,NaN,NaN
2019-04-15T00:00:00Z,0.0,22.0,76.0,NaN,NaN
2019-04-15T00:00:00Z,0.0,24.0,56.0,NaN,NaN
2019-04-15T00:00:00Z,0.0,24.0,58.0,NaN,NaN
2019-04-15T00:00:00Z,0.0,24.0,60.0,27.024134,0.43995476
2019-04-15T00:00:00Z,0.0,24.0,62.0,27.070766,0.44960022
2019-04-15T00:00:00Z,0.0,24.0,64.0,26.975271,0.38707733
2019-04-15T00:00:00Z,0.0,24.0,66.0,26.904438,0.32009125
2019-04-15T00:00:00Z,0.0,24.0,68.0,26.981564,0.28695297
2019-04-15T00:00:00Z,0.0,24.0,70.0,NaN,NaN
2019-04-15T00:00:00Z,0.0,24.0,72.0,NaN,NaN
2019-04-15T00:00:00Z,0.0,24.0,74.0,NaN,NaN
2019-04-15T00:00:00Z,0.0,24.0,76.0,NaN,NaN
2019-04-15T00:00:00Z,0.0,26.0,56.0,25.457804,0.15921974
2019-04-15T00:00:00Z,0.0,26.0,58.0,26.29309,0.25434113
2019-04-15T00:00:00Z,0.0,26.0,60.0,26.699398,0.3284359
2019-04-15T00:00:00Z,0.0,26.0,62.0,NaN,NaN
2019-04-15T00:00:00Z,0.0,26.0,64.0,26.597717,0.30010033
2019-04-15T00:00:00Z,0.0,26.0,66.0,26.557459,0.27247047
2019-04-15T00:00:00Z,0.0,26.0,68.0,NaN,NaN
2019-04-15T00:00:00Z,0.0,26.0,70.0,NaN,NaN
2019-04-15T00:00:00Z,0.0,26.0,72.0,NaN,NaN
2019-04-15T00:00:00Z,0.0,26.0,74.0,NaN,NaN
2019-04-15T00:00:00Z,0.0,26.0,76.0,NaN,NaN
2019-05-15T00:00:00Z,0.0,8.0,56.0,30.573883,0.96051025
2019-05-15T00:00:00Z,0.0,8.0,58.0,30.68667,0.89152527
2019-05-15T00:00:00Z,0.0,8.0,60.0,30.719791,0.8281059
2019-05-15T00:00:00Z,0.0,8.0,62.0,30.719364,0.7828865
2019-05-15T00:00:00Z,0.0,8.0,64.0,30.711054,0.75138664
2019-05-15T00:00:00Z,0.0,8.0,66.0,30.71786,0.7406292
2019-05-15T00:00:00Z,0.0,8.0,68.0,30.739756,0.74869347
2019-05-15T00:00:00Z,0.0,8.0,70.0,30.76647,0.77186775
2019-05-15T00:00:00Z,0.0,8.0,72.0,30.764286,0.7934532
2019-05-15T00:00:00Z,0.0,8.0,74.0,30.716496,0.8326607
2019-05-15T00:00:00Z,0.0,8.0,76.0,30.574688,0.8743038
2019-05-15T00:00:00Z,0.0,10.0,56.0,30.502356,0.9517498
2019-05-15T00:00:00Z,0.0,10.0,58.0,30.630587,0.9078369
2019-05-15T00:00:00Z,0.0,10.0,60.0,30.65759,0.8519249
2019-05-15T00:00:00Z,0.0,10.0,62.0,30.654335,0.80119133
2019-05-15T00:00:00Z,0.0,10.0,64.0,30.652916,0.7626686
2019-05-15T00:00:00Z,0.0,10.0,66.0,30.666336,0.74554443
2019-05-15T00:00:00Z,0.0,10.0,68.0,30.697767,0.74739265
2019-05-15T00:00:00Z,0.0,10.0,70.0,30.741201,0.7575989
2019-05-15T00:00:00Z,0.0,10.0,72.0,30.767351,0.76924896
2019-05-15T00:00:00Z,0.0,10.0,74.0,30.772131,0.8128185
2019-05-15T00:00:00Z,0.0,10.0,76.0,30.721338,0.8587246
2019-05-15T00:00:00Z,0.0,12.0,56.0,30.563545,0.9592533
2019-05-15T00:00:00Z,0.0,12.0,58.0,30.619408,0.9333248
2019-05-15T00:00:00Z,0.0,12.0,60.0,30.602514,0.8822651
2019-05-15T00:00:00Z,0.0,12.0,62.0,30.568617,0.8091183
2019-05-15T00:00:00Z,0.0,12.0,64.0,30.551908,0.7438469
2019-05-15T00:00:00Z,0.0,12.0,66.0,30.54132,0.6940098
2019-05-15T00:00:00Z,0.0,12.0,68.0,30.557196,0.6779251
2019-05-15T00:00:00Z,0.0,12.0,70.0,30.622408,0.69922066
2019-05-15T00:00:00Z,0.0,12.0,72.0,30.700138,0.7305565
2019-05-15T00:00:00Z,0.0,12.0,74.0,30.77471,0.7851486
2019-05-15T00:00:00Z,0.0,12.0,76.0,30.81376,0.8364029
2019-05-15T00:00:00Z,0.0,14.0,56.0,30.580511,0.9619274
2019-05-15T00:00:00Z,0.0,14.0,58.0,30.542093,0.9437809
2019-05-15T00:00:00Z,0.0,14.0,60.0,30.488583,0.8837509
2019-05-15T00:00:00Z,0.0,14.0,62.0,30.45265,0.79802513
2019-05-15T00:00:00Z,0.0,14.0,64.0,30.42188,0.70311165
2019-05-15T00:00:00Z,0.0,14.0,66.0,30.385672,0.6232567
2019-05-15T00:00:00Z,0.0,14.0,68.0,30.37661,0.5877342
2019-05-15T00:00:00Z,0.0,14.0,70.0,30.439196,0.6111736
2019-05-15T00:00:00Z,0.0,14.0,72.0,30.568092,0.6789665
2019-05-15T00:00:00Z,0.0,14.0,74.0,30.68425,0.74033546
2019-05-15T00:00:00Z,0.0,14.0,76.0,NaN,NaN
2019-05-15T00:00:00Z,0.0,16.0,56.0,30.290436,0.914608
2019-05-15T00:00:00Z,0.0,16.0,58.0,30.199993,0.89582634
2019-05-15T00:00:00Z,0.0,16.0,60.0,30.202946,0.83813286
2019-05-15T00:00:00Z,0.0,16.0,62.0,30.226725,0.7452049
2019-05-15T00:00:00Z,0.0,16.0,64.0,30.212923,0.63692284
2019-05-15T00:00:00Z,0.0,16.0,66.0,30.164272,0.54039574
2019-05-15T00:00:00Z,0.0,16.0,68.0,30.139418,0.49510384
2019-05-15T00:00:00Z,0.0,16.0,70.0,30.185804,0.5211983
2019-05-15T00:00:00Z,0.0,16.0,72.0,30.327778,0.6016159
2019-05-15T00:00:00Z,0.0,16.0,74.0,30.507528,0.68278885
2019-05-15T00:00:00Z,0.0,16.0,76.0,NaN,NaN
2019-05-15T00:00:00Z,0.0,18.0,56.0,29.821255,0.8488102
2019-05-15T00:00:00Z,0.0,18.0,58.0,29.65651,0.81531525
2019-05-15T00:00:00Z,0.0,18.0,60.0,29.738138,0.75922203
2019-05-15T00:00:00Z,0.0,18.0,62.0,29.864925,0.67134094
2019-05-15T00:00:00Z,0.0,18.0,64.0,29.901424,0.56153107
2019-05-15T00:00:00Z,0.0,18.0,66.0,29.874931,0.47066116
2019-05-15T00:00:00Z,0.0,18.0,68.0,29.830416,0.41999626
2019-05-15T00:00:00Z,0.0,18.0,70.0,29.817707,0.43703842
2019-05-15T00:00:00Z,0.0,18.0,72.0,29.864857,0.48950768
2019-05-15T00:00:00Z,0.0,18.0,74.0,NaN,NaN
2019-05-15T00:00:00Z,0.0,18.0,76.0,NaN,NaN
2019-05-15T00:00:00Z,0.0,20.0,56.0,NaN,NaN
2019-05-15T00:00:00Z,0.0,20.0,58.0,29.308538,0.7497997
2019-05-15T00:00:00Z,0.0,20.0,60.0,29.358583,0.6851177
2019-05-15T00:00:00Z,0.0,20.0,62.0,29.497911,0.6015148
2019-05-15T00:00:00Z,0.0,20.0,64.0,29.564976,0.5130806
2019-05-15T00:00:00Z,0.0,20.0,66.0,29.550194,0.43460846
2019-05-15T00:00:00Z,0.0,20.0,68.0,29.477194,0.39017105
2019-05-15T00:00:00Z,0.0,20.0,70.0,29.41091,0.38969803
2019-05-15T00:00:00Z,0.0,20.0,72.0,29.424557,0.3939991
2019-05-15T00:00:00Z,0.0,20.0,74.0,NaN,NaN
2019-05-15T00:00:00Z,0.0,20.0,76.0,NaN,NaN
2019-05-15T00:00:00Z,0.0,22.0,56.0,NaN,NaN
2019-05-15T00:00:00Z,0.0,22.0,58.0,NaN,NaN
2019-05-15T00:00:00Z,0.0,22.0,60.0,29.317162,0.61655045
2019-05-15T00:00:00Z,0.0,22.0,62.0,29.32697,0.56290436
2019-05-15T00:00:00Z,0.0,22.0,64.0,29.290573,0.49590683
2019-05-15T00:00:00Z,0.0,22.0,66.0,29.229824,0.44044876
2019-05-15T00:00:00Z,0.0,22.0,68.0,29.146564,0.40122032
2019-05-15T00:00:00Z,0.0,22.0,70.0,29.125448,0.37424088
2019-05-15T00:00:00Z,0.0,22.0,72.0,NaN,NaN
2019-05-15T00:00:00Z,0.0,22.0,74.0,NaN,NaN
2019-05-15T00:00:00Z,0.0,22.0,76.0,NaN,NaN
2019-05-15T00:00:00Z,0.0,24.0,56.0,NaN,NaN
2019-05-15T00:00:00Z,0.0,24.0,58.0,NaN,NaN
2019-05-15T00:00:00Z,0.0,24.0,60.0,29.441095,0.50995636
2019-05-15T00:00:00Z,0.0,24.0,62.0,29.278772,0.51298714
2019-05-15T00:00:00Z,0.0,24.0,64.0,29.05949,0.4868431
2019-05-15T00:00:00Z,0.0,24.0,66.0,28.931831,0.4489212
2019-05-15T00:00:00Z,0.0,24.0,68.0,28.914667,0.4160843
2019-05-15T00:00:00Z,0.0,24.0,70.0,NaN,NaN
2019-05-15T00:00:00Z,0.0,24.0,72.0,NaN,NaN
2019-05-15T00:00:00Z,0.0,24.0,74.0,NaN,NaN
2019-05-15T00:00:00Z,0.0,24.0,76.0,NaN,NaN
2019-05-15T00:00:00Z,0.0,26.0,56.0,28.635942,0.24978065
2019-05-15T00:00:00Z,0.0,26.0,58.0,29.31041,0.34682846
2019-05-15T00:00:00Z,0.0,26.0,60.0,29.498177,0.41454887
2019-05-15T00:00:00Z,0.0,26.0,62.0,NaN,NaN
2019-05-15T00:00:00Z,0.0,26.0,64.0,28.842966,0.4526863
2019-05-15T00:00:00Z,0.0,26.0,66.0,28.757154,0.4459133
2019-05-15T00:00:00Z,0.0,26.0,68.0,NaN,NaN
2019-05-15T00:00:00Z,0.0,26.0,70.0,NaN,NaN
2019-05-15T00:00:00Z,0.0,26.0,72.0,NaN,NaN
2019-05-15T00:00:00Z,0.0,26.0,74.0,NaN,NaN
2019-05-15T00:00:00Z,0.0,26.0,76.0,NaN,NaN
2019-06-15T00:00:00Z,0.0,8.0,56.0,28.931355,0.91814613
2019-06-15T00:00:00Z,0.0,8.0,58.0,29.402483,0.9338169
2019-06-15T00:00:00Z,0.0,8.0,60.0,29.738953,0.94734955
2019-06-15T00:00:00Z,0.0,8.0,62.0,29.942936,0.9476433
2019-06-15T00:00:00Z,0.0,8.0,64.0,30.046339,0.92925453
2019-06-15T00:00:00Z,0.0,8.0,66.0,30.104965,0.92742157
2019-06-15T00:00:00Z,0.0,8.0,68.0,30.146996,0.9492035
2019-06-15T00:00:00Z,0.0,8.0,70.0,30.177366,0.98890877
2019-06-15T00:00:00Z,0.0,8.0,72.0,30.150024,1.0317116
2019-06-15T00:00:00Z,0.0,8.0,74.0,30.021673,1.0977993
2019-06-15T00:00:00Z,0.0,8.0,76.0,29.74956,1.1443157
2019-06-15T00:00:00Z,0.0,10.0,56.0,28.867538,1.0358734
2019-06-15T00:00:00Z,0.0,10.0,58.0,29.360487,1.0696754
2019-06-15T00:00:00Z,0.0,10.0,60.0,29.683949,1.0804291
2019-06-15T00:00:00Z,0.0,10.0,62.0,29.897474,1.0691204
2019-06-15T00:00:00Z,0.0,10.0,64.0,30.049269,1.0488529
2019-06-15T00:00:00Z,0.0,10.0,66.0,30.150808,1.0398502
2019-06-15T00:00:00Z,0.0,10.0,68.0,30.21762,1.0476608
2019-06-15T00:00:00Z,0.0,10.0,70.0,30.248945,1.0649853
2019-06-15T00:00:00Z,0.0,10.0,72.0,30.201214,1.0859642
2019-06-15T00:00:00Z,0.0,10.0,74.0,30.064528,1.1407566
2019-06-15T00:00:00Z,0.0,10.0,76.0,29.866936,1.1870689
2019-06-15T00:00:00Z,0.0,12.0,56.0,29.094755,1.1359615
2019-06-15T00:00:00Z,0.0,12.0,58.0,29.428192,1.1857338
2019-06-15T00:00:00Z,0.0,12.0,60.0,29.675753,1.1966896
2019-06-15T00:00:00Z,0.0,12.0,62.0,29.87863,1.1629429
2019-06-15T00:00:00Z,0.0,12.0,64.0,30.066263,1.1287212
2019-06-15T00:00:00Z,0.0,12.0,66.0,30.19721,1.1034794
2019-06-15T00:00:00Z,0.0,12.0,68.0,30.277342,1.0959244
2019-06-15T00:00:00Z,0.0,12.0,70.0,30.321255,1.1086502
2019-06-15T00:00:00Z,0.0,12.0,72.0,30.295258,1.1259041
2019-06-15T00:00:00Z,0.0,12.0,74.0,30.194181,1.1670227
2019-06-15T00:00:00Z,0.0,12.0,76.0,30.068583,1.2120914
2019-06-15T00:00:00Z,0.0,14.0,56.0,29.390057,1.1959114
2019-06-15T00:00:00Z,0.0,14.0,58.0,29.500517,1.2374954
2019-06-15T00:00:00Z,0.0,14.0,60.0,29.68589,1.2428055
2019-06-15T00:00:00Z,0.0,14.0,62.0,29.921892,1.2084713
2019-06-15T00:00:00Z,0.0,14.0,64.0,30.139809,1.1633301
2019-06-15T00:00:00Z,0.0,14.0,66.0,30.2697,1.1213036
2019-06-15T00:00:00Z,0.0,14.0,68.0,30.33129,1.0986423
2019-06-15T00:00:00Z,0.0,14.0,70.0,30.369759,1.1032791
2019-06-15T00:00:00Z,0.0,14.0,72.0,30.390343,1.1289482
2019-06-15T00:00:00Z,0.0,14.0,74.0,30.376026,1.1694298
2019-06-15T00:00:00Z,0.0,14.0,76.0,NaN,NaN
2019-06-15T00:00:00Z,0.0,16.0,56.0,29.308052,1.1609344
2019-06-15T00:00:00Z,0.0,16.0,58.0,29.337883,1.1802559
2019-06-15T00:00:00Z,0.0,16.0,60.0,29.61033,1.1920586
2019-06-15T00:00:00Z,0.0,16.0,62.0,29.971703,1.1807423
2019-06-15T00:00:00Z,0.0,16.0,64.0,30.243786,1.1455765
2019-06-15T00:00:00Z,0.0,16.0,66.0,30.36261,1.098568
2019-06-15T00:00:00Z,0.0,16.0,68.0,30.389616,1.0644302
2019-06-15T00:00:00Z,0.0,16.0,70.0,30.407259,1.056593
2019-06-15T00:00:00Z,0.0,16.0,72.0,30.455544,1.0857944
2019-06-15T00:00:00Z,0.0,16.0,74.0,30.497889,1.1428337
2019-06-15T00:00:00Z,0.0,16.0,76.0,NaN,NaN
2019-06-15T00:00:00Z,0.0,18.0,56.0,28.948662,1.0718555
2019-06-15T00:00:00Z,0.0,18.0,58.0,28.961685,1.0656776
2019-06-15T00:00:00Z,0.0,18.0,60.0,29.368702,1.0720978
2019-06-15T00:00:00Z,0.0,18.0,62.0,29.895157,1.0867615
2019-06-15T00:00:00Z,0.0,18.0,64.0,30.266365,1.0774078
2019-06-15T00:00:00Z,0.0,18.0,66.0,30.42995,1.0492439
2019-06-15T00:00:00Z,0.0,18.0,68.0,30.43869,1.0068569
2019-06-15T00:00:00Z,0.0,18.0,70.0,30.421358,0.98329544
2019-06-15T00:00:00Z,0.0,18.0,72.0,30.44552,0.99300003
2019-06-15T00:00:00Z,0.0,18.0,74.0,NaN,NaN
2019-06-15T00:00:00Z,0.0,18.0,76.0,NaN,NaN
2019-06-15T00:00:00Z,0.0,20.0,56.0,NaN,NaN
2019-06-15T00:00:00Z,0.0,20.0,58.0,28.837198,0.95830154
2019-06-15T00:00:00Z,0.0,20.0,60.0,29.250048,0.94454765
2019-06-15T00:00:00Z,0.0,20.0,62.0,29.771246,0.94880867
2019-06-15T00:00:00Z,0.0,20.0,64.0,30.176777,0.9601116
2019-06-15T00:00:00Z,0.0,20.0,66.0,30.395006,0.95181847
2019-06-15T00:00:00Z,0.0,20.0,68.0,30.41737,0.9286175
2019-06-15T00:00:00Z,0.0,20.0,70.0,30.380005,0.9113579
2019-06-15T00:00:00Z,0.0,20.0,72.0,30.367094,0.8953705
2019-06-15T00:00:00Z,0.0,20.0,74.0,NaN,NaN
2019-06-15T00:00:00Z,0.0,20.0,76.0,NaN,NaN
2019-06-15T00:00:00Z,0.0,22.0,56.0,NaN,NaN
2019-06-15T00:00:00Z,0.0,22.0,58.0,NaN,NaN
2019-06-15T00:00:00Z,0.0,22.0,60.0,29.759304,0.8108444
2019-06-15T00:00:00Z,0.0,22.0,62.0,29.936321,0.80711365
2019-06-15T00:00:00Z,0.0,22.0,64.0,30.124624,0.8160839
2019-06-15T00:00:00Z,0.0,22.0,66.0,30.277914,0.82701683
2019-06-15T00:00:00Z,0.0,22.0,68.0,30.304052,0.8362465
2019-06-15T00:00:00Z,0.0,22.0,70.0,30.2907,0.84181976
2019-06-15T00:00:00Z,0.0,22.0,72.0,NaN,NaN
2019-06-15T00:00:00Z,0.0,22.0,74.0,NaN,NaN
2019-06-15T00:00:00Z,0.0,22.0,76.0,NaN,NaN
2019-06-15T00:00:00Z,0.0,24.0,56.0,NaN,NaN
2019-06-15T00:00:00Z,0.0,24.0,58.0,NaN,NaN
2019-06-15T00:00:00Z,0.0,24.0,60.0,30.659414,0.6468334
2019-06-15T00:00:00Z,0.0,24.0,62.0,30.32478,0.6767731
2019-06-15T00:00:00Z,0.0,24.0,64.0,30.122385,0.69181633
2019-06-15T00:00:00Z,0.0,24.0,66.0,30.116014,0.7008419
2019-06-15T00:00:00Z,0.0,24.0,68.0,30.146797,0.7319641
2019-06-15T00:00:00Z,0.0,24.0,70.0,NaN,NaN
2019-06-15T00:00:00Z,0.0,24.0,72.0,NaN,NaN
2019-06-15T00:00:00Z,0.0,24.0,74.0,NaN,NaN
2019-06-15T00:00:00Z,0.0,24.0,76.0,NaN,NaN
2019-06-15T00:00:00Z,0.0,26.0,56.0,31.283644,0.45305824
2019-06-15T00:00:00Z,0.0,26.0,58.0,31.513304,0.49205208
2019-06-15T00:00:00Z,0.0,26.0,60.0,31.270626,0.5526295
2019-06-15T00:00:00Z,0.0,26.0,62.0,NaN,NaN
2019-06-15T00:00:00Z,0.0,26.0,64.0,30.055805,0.61785316
2019-06-15T00:00:00Z,0.0,26.0,66.0,30.003859,0.6216812
2019-06-15T00:00:00Z,0.0,26.0,68.0,NaN,NaN
2019-06-15T00:00:00Z,0.0,26.0,70.0,NaN,NaN
2019-06-15T00:00:00Z,0.0,26.0,72.0,NaN,NaN
2019-06-15T00:00:00Z,0.0,26.0,74.0,NaN,NaN
2019-06-15T00:00:00Z,0.0,26.0,76.0,NaN,NaN
2019-07-15T00:00:00Z,0.0,8.0,56.0,27.098345,0.64538574
2019-07-15T00:00:00Z,0.0,8.0,58.0,27.806057,0.7174721
2019-07-15T00:00:00Z,0.0,8.0,60.0,28.456161,0.79690933
2019-07-15T00:00:00Z,0.0,8.0,62.0,28.938301,0.8459263
2019-07-15T00:00:00Z,0.0,8.0,64.0,29.238108,0.85450363
2019-07-15T00:00:00Z,0.0,8.0,66.0,29.405872,0.8655815
2019-07-15T00:00:00Z,0.0,8.0,68.0,29.484945,0.8940296
2019-07-15T00:00:00Z,0.0,8.0,70.0,29.50712,0.93480873
2019-07-15T00:00:00Z,0.0,8.0,72.0,29.429375,0.9688549
2019-07-15T00:00:00Z,0.0,8.0,74.0,29.205256,1.0125904
2019-07-15T00:00:00Z,0.0,8.0,76.0,28.8474,1.0323944
2019-07-15T00:00:00Z,0.0,10.0,56.0,26.810276,0.7453613
2019-07-15T00:00:00Z,0.0,10.0,58.0,27.50347,0.8071575
2019-07-15T00:00:00Z,0.0,10.0,60.0,28.078285,0.8572216
2019-07-15T00:00:00Z,0.0,10.0,62.0,28.54103,0.88313484
2019-07-15T00:00:00Z,0.0,10.0,64.0,28.904634,0.8890705
2019-07-15T00:00:00Z,0.0,10.0,66.0,29.137218,0.88523865
2019-07-15T00:00:00Z,0.0,10.0,68.0,29.263556,0.8897419
2019-07-15T00:00:00Z,0.0,10.0,70.0,29.309809,0.911726
2019-07-15T00:00:00Z,0.0,10.0,72.0,29.215137,0.9303856
2019-07-15T00:00:00Z,0.0,10.0,74.0,28.97513,0.9659004
2019-07-15T00:00:00Z,0.0,10.0,76.0,28.693386,0.9865265
2019-07-15T00:00:00Z,0.0,12.0,56.0,26.746483,0.8135872
2019-07-15T00:00:00Z,0.0,12.0,58.0,27.23803,0.86315536
2019-07-15T00:00:00Z,0.0,12.0,60.0,27.690624,0.8862915
2019-07-15T00:00:00Z,0.0,12.0,62.0,28.136679,0.88376236
2019-07-15T00:00:00Z,0.0,12.0,64.0,28.563553,0.88269806
2019-07-15T00:00:00Z,0.0,12.0,66.0,28.870089,0.8738384
2019-07-15T00:00:00Z,0.0,12.0,68.0,29.053556,0.8640995
2019-07-15T00:00:00Z,0.0,12.0,70.0,29.139565,0.8690872
2019-07-15T00:00:00Z,0.0,12.0,72.0,29.105791,0.8893528
2019-07-15T00:00:00Z,0.0,12.0,74.0,28.942423,0.9245968
2019-07-15T00:00:00Z,0.0,12.0,76.0,28.753845,0.95118713
2019-07-15T00:00:00Z,0.0,14.0,56.0,26.79365,0.8564644
2019-07-15T00:00:00Z,0.0,14.0,58.0,27.03284,0.88123703
2019-07-15T00:00:00Z,0.0,14.0,60.0,27.40191,0.8864536
2019-07-15T00:00:00Z,0.0,14.0,62.0,27.87254,0.86870575
2019-07-15T00:00:00Z,0.0,14.0,64.0,28.347584,0.85518837
2019-07-15T00:00:00Z,0.0,14.0,66.0,28.689976,0.83205986
2019-07-15T00:00:00Z,0.0,14.0,68.0,28.898722,0.8101196
2019-07-15T00:00:00Z,0.0,14.0,70.0,29.023043,0.8087921
2019-07-15T00:00:00Z,0.0,14.0,72.0,29.072622,0.82806206
2019-07-15T00:00:00Z,0.0,14.0,74.0,29.043398,0.8638649
2019-07-15T00:00:00Z,0.0,14.0,76.0,NaN,NaN
2019-07-15T00:00:00Z,0.0,16.0,56.0,26.617943,0.8426857
2019-07-15T00:00:00Z,0.0,16.0,58.0,26.792334,0.8513756
2019-07-15T00:00:00Z,0.0,16.0,60.0,27.2396,0.8556404
2019-07-15T00:00:00Z,0.0,16.0,62.0,27.818478,0.8444557
2019-07-15T00:00:00Z,0.0,16.0,64.0,28.335646,0.81572914
2019-07-15T00:00:00Z,0.0,16.0,66.0,28.684582,0.77758026
2019-07-15T00:00:00Z,0.0,16.0,68.0,28.880718,0.74092674
2019-07-15T00:00:00Z,0.0,16.0,70.0,29.013615,0.7307205
2019-07-15T00:00:00Z,0.0,16.0,72.0,29.117409,0.75686073
2019-07-15T00:00:00Z,0.0,16.0,74.0,29.14789,0.7999077
2019-07-15T00:00:00Z,0.0,16.0,76.0,NaN,NaN
2019-07-15T00:00:00Z,0.0,18.0,56.0,26.346804,0.8047867
2019-07-15T00:00:00Z,0.0,18.0,58.0,26.51891,0.8076935
2019-07-15T00:00:00Z,0.0,18.0,60.0,27.10622,0.80901337
2019-07-15T00:00:00Z,0.0,18.0,62.0,27.837814,0.80646133
2019-07-15T00:00:00Z,0.0,18.0,64.0,28.447376,0.7771683
2019-07-15T00:00:00Z,0.0,18.0,66.0,28.844168,0.7348118
2019-07-15T00:00:00Z,0.0,18.0,68.0,29.035505,0.6936703
2019-07-15T00:00:00Z,0.0,18.0,70.0,29.153698,0.68024063
2019-07-15T00:00:00Z,0.0,18.0,72.0,29.253706,0.6912403
2019-07-15T00:00:00Z,0.0,18.0,74.0,NaN,NaN
2019-07-15T00:00:00Z,0.0,18.0,76.0,NaN,NaN
2019-07-15T00:00:00Z,0.0,20.0,56.0,NaN,NaN
2019-07-15T00:00:00Z,0.0,20.0,58.0,26.6264,0.7853985
2019-07-15T00:00:00Z,0.0,20.0,60.0,27.242195,0.7789326
2019-07-15T00:00:00Z,0.0,20.0,62.0,27.95383,0.76037216
2019-07-15T00:00:00Z,0.0,20.0,64.0,28.588106,0.73052025
2019-07-15T00:00:00Z,0.0,20.0,66.0,29.061186,0.6968117
2019-07-15T00:00:00Z,0.0,20.0,68.0,29.27718,0.68076324
2019-07-15T00:00:00Z,0.0,20.0,70.0,29.358683,0.68008804
2019-07-15T00:00:00Z,0.0,20.0,72.0,29.378723,0.6632614
2019-07-15T00:00:00Z,0.0,20.0,74.0,NaN,NaN
2019-07-15T00:00:00Z,0.0,20.0,76.0,NaN,NaN
2019-07-15T00:00:00Z,0.0,22.0,56.0,NaN,NaN
2019-07-15T00:00:00Z,0.0,22.0,58.0,NaN,NaN
2019-07-15T00:00:00Z,0.0,22.0,60.0,28.327946,0.7835369
2019-07-15T00:00:00Z,0.0,22.0,62.0,28.541933,0.73924637
2019-07-15T00:00:00Z,0.0,22.0,64.0,28.874353,0.68429184
2019-07-15T00:00:00Z,0.0,22.0,66.0,29.278236,0.66890335
2019-07-15T00:00:00Z,0.0,22.0,68.0,29.470108,0.68078995
2019-07-15T00:00:00Z,0.0,22.0,70.0,29.485975,0.68767166
2019-07-15T00:00:00Z,0.0,22.0,72.0,NaN,NaN
2019-07-15T00:00:00Z,0.0,22.0,74.0,NaN,NaN
2019-07-15T00:00:00Z,0.0,22.0,76.0,NaN,NaN
2019-07-15T00:00:00Z,0.0,24.0,56.0,NaN,NaN
2019-07-15T00:00:00Z,0.0,24.0,58.0,NaN,NaN
2019-07-15T00:00:00Z,0.0,24.0,60.0,30.105417,0.80631256
2019-07-15T00:00:00Z,0.0,24.0,62.0,29.468847,0.72616005
2019-07-15T00:00:00Z,0.0,24.0,64.0,29.24953,0.65014267
2019-07-15T00:00:00Z,0.0,24.0,66.0,29.42926,0.62992096
2019-07-15T00:00:00Z,0.0,24.0,68.0,29.526241,0.6490288
2019-07-15T00:00:00Z,0.0,24.0,70.0,NaN,NaN
2019-07-15T00:00:00Z,0.0,24.0,72.0,NaN,NaN
2019-07-15T00:00:00Z,0.0,24.0,74.0,NaN,NaN
2019-07-15T00:00:00Z,0.0,24.0,76.0,NaN,NaN
2019-07-15T00:00:00Z,0.0,26.0,56.0,32.804756,1.0005913
2019-07-15T00:00:00Z,0.0,26.0,58.0,32.27673,0.9022598
2019-07-15T00:00:00Z,0.0,26.0,60.0,31.378035,0.84859085
2019-07-15T00:00:00Z,0.0,26.0,62.0,NaN,NaN
2019-07-15T00:00:00Z,0.0,26.0,64.0,29.448738,0.6261368
2019-07-15T00:00:00Z,0.0,26.0,66.0,29.482521,0.5995121
2019-07-15T00:00:00Z,0.0,26.0,68.0,NaN,NaN
2019-07-15T00:00:00Z,0.0,26.0,70.0,NaN,NaN
2019-07-15T00:00:00Z,0.0,26.0,72.0,NaN,NaN
2019-07-15T00:00:00Z,0.0,26.0,74.0,NaN,NaN
2019-07-15T00:00:00Z,0.0,26.0,76.0,NaN,NaN
2019-08-15T00:00:00Z,0.0,8.0,56.0,26.603973,0.8001194
2019-08-15T00:00:00Z,0.0,8.0,58.0,27.347528,0.8959446
2019-08-15T00:00:00Z,0.0,8.0,60.0,28.096733,0.9792938
2019-08-15T00:00:00Z,0.0,8.0,62.0,28.69048,1.0206032
2019-08-15T00:00:00Z,0.0,8.0,64.0,29.074116,1.0173435
2019-08-15T00:00:00Z,0.0,8.0,66.0,29.274553,1.0041351
2019-08-15T00:00:00Z,0.0,8.0,68.0,29.340195,1.0037975
2019-08-15T00:00:00Z,0.0,8.0,70.0,29.334904,1.0291958
2019-08-15T00:00:00Z,0.0,8.0,72.0,29.233511,1.0653439
2019-08-15T00:00:00Z,0.0,8.0,74.0,28.990215,1.119173
2019-08-15T00:00:00Z,0.0,8.0,76.0,28.62931,1.1386166
2019-08-15T00:00:00Z,0.0,10.0,56.0,26.166758,0.8065491
2019-08-15T00:00:00Z,0.0,10.0,58.0,26.86758,0.8864746
2019-08-15T00:00:00Z,0.0,10.0,60.0,27.500074,0.93930435
2019-08-15T00:00:00Z,0.0,10.0,62.0,28.05044,0.96196175
2019-08-15T00:00:00Z,0.0,10.0,64.0,28.499279,0.9586334
2019-08-15T00:00:00Z,0.0,10.0,66.0,28.786667,0.9389801
2019-08-15T00:00:00Z,0.0,10.0,68.0,28.941946,0.9340286
2019-08-15T00:00:00Z,0.0,10.0,70.0,29.013702,0.9681816
2019-08-15T00:00:00Z,0.0,10.0,72.0,28.945513,1.0228462
2019-08-15T00:00:00Z,0.0,10.0,74.0,28.711529,1.0901108
2019-08-15T00:00:00Z,0.0,10.0,76.0,28.426966,1.1188755
2019-08-15T00:00:00Z,0.0,12.0,56.0,25.83525,0.7596264
2019-08-15T00:00:00Z,0.0,12.0,58.0,26.344412,0.8105793
2019-08-15T00:00:00Z,0.0,12.0,60.0,26.836227,0.8289776
2019-08-15T00:00:00Z,0.0,12.0,62.0,27.35492,0.8309612
2019-08-15T00:00:00Z,0.0,12.0,64.0,27.868025,0.8297138
2019-08-15T00:00:00Z,0.0,12.0,66.0,28.253447,0.8158016
2019-08-15T00:00:00Z,0.0,12.0,68.0,28.52343,0.82234764
2019-08-15T00:00:00Z,0.0,12.0,70.0,28.700819,0.8732166
2019-08-15T00:00:00Z,0.0,12.0,72.0,28.726498,0.9455204
2019-08-15T00:00:00Z,0.0,12.0,74.0,28.591578,1.0270233
2019-08-15T00:00:00Z,0.0,12.0,76.0,28.420094,1.0757713
2019-08-15T00:00:00Z,0.0,14.0,56.0,25.633297,0.73644257
2019-08-15T00:00:00Z,0.0,14.0,58.0,25.915377,0.7390003
2019-08-15T00:00:00Z,0.0,14.0,60.0,26.305552,0.7228012
2019-08-15T00:00:00Z,0.0,14.0,62.0,26.822962,0.70531464
2019-08-15T00:00:00Z,0.0,14.0,64.0,27.379498,0.69680977
2019-08-15T00:00:00Z,0.0,14.0,66.0,27.83748,0.6876278
2019-08-15T00:00:00Z,0.0,14.0,68.0,28.188322,0.7019062
2019-08-15T00:00:00Z,0.0,14.0,70.0,28.445503,0.756649
2019-08-15T00:00:00Z,0.0,14.0,72.0,28.574959,0.8320236
2019-08-15T00:00:00Z,0.0,14.0,74.0,28.571228,0.90265274
2019-08-15T00:00:00Z,0.0,14.0,76.0,NaN,NaN
2019-08-15T00:00:00Z,0.0,16.0,56.0,25.38112,0.7338562
2019-08-15T00:00:00Z,0.0,16.0,58.0,25.606222,0.7067833
2019-08-15T00:00:00Z,0.0,16.0,60.0,26.034117,0.66711426
2019-08-15T00:00:00Z,0.0,16.0,62.0,26.610445,0.6371937
2019-08-15T00:00:00Z,0.0,16.0,64.0,27.193583,0.6107273
2019-08-15T00:00:00Z,0.0,16.0,66.0,27.68197,0.59703255
2019-08-15T00:00:00Z,0.0,16.0,68.0,28.050953,0.60547256
2019-08-15T00:00:00Z,0.0,16.0,70.0,28.329988,0.64673805
2019-08-15T00:00:00Z,0.0,16.0,72.0,28.509457,0.71071434
2019-08-15T00:00:00Z,0.0,16.0,74.0,28.566364,0.77245903
2019-08-15T00:00:00Z,0.0,16.0,76.0,NaN,NaN
2019-08-15T00:00:00Z,0.0,18.0,56.0,25.18358,0.73389435
2019-08-15T00:00:00Z,0.0,18.0,58.0,25.383896,0.6982498
2019-08-15T00:00:00Z,0.0,18.0,60.0,25.927292,0.6499996
2019-08-15T00:00:00Z,0.0,18.0,62.0,26.623276,0.6150665
2019-08-15T00:00:00Z,0.0,18.0,64.0,27.283255,0.58348274
2019-08-15T00:00:00Z,0.0,18.0,66.0,27.81233,0.5633068
2019-08-15T00:00:00Z,0.0,18.0,68.0,28.164108,0.56487846
2019-08-15T00:00:00Z,0.0,18.0,70.0,28.405863,0.5867176
2019-08-15T00:00:00Z,0.0,18.0,72.0,28.559366,0.6084976
2019-08-15T00:00:00Z,0.0,18.0,74.0,NaN,NaN
2019-08-15T00:00:00Z,0.0,18.0,76.0,NaN,NaN
2019-08-15T00:00:00Z,0.0,20.0,56.0,NaN,NaN
2019-08-15T00:00:00Z,0.0,20.0,58.0,25.553877,0.6997566
2019-08-15T00:00:00Z,0.0,20.0,60.0,26.134285,0.652401
2019-08-15T00:00:00Z,0.0,20.0,62.0,26.817915,0.6098099
2019-08-15T00:00:00Z,0.0,20.0,64.0,27.5034,0.5827122
2019-08-15T00:00:00Z,0.0,20.0,66.0,28.094786,0.5720768
2019-08-15T00:00:00Z,0.0,20.0,68.0,28.42744,0.5845852
2019-08-15T00:00:00Z,0.0,20.0,70.0,28.579489,0.5884876
2019-08-15T00:00:00Z,0.0,20.0,72.0,28.624737,0.5563755
2019-08-15T00:00:00Z,0.0,20.0,74.0,NaN,NaN
2019-08-15T00:00:00Z,0.0,20.0,76.0,NaN,NaN
2019-08-15T00:00:00Z,0.0,22.0,56.0,NaN,NaN
2019-08-15T00:00:00Z,0.0,22.0,58.0,NaN,NaN
2019-08-15T00:00:00Z,0.0,22.0,60.0,27.28179,0.68790436
2019-08-15T00:00:00Z,0.0,22.0,62.0,27.474422,0.6425457
2019-08-15T00:00:00Z,0.0,22.0,64.0,27.87178,0.6083641
2019-08-15T00:00:00Z,0.0,22.0,66.0,28.392757,0.62011147
2019-08-15T00:00:00Z,0.0,22.0,68.0,28.65327,0.633646
2019-08-15T00:00:00Z,0.0,22.0,70.0,28.689978,0.61408806
2019-08-15T00:00:00Z,0.0,22.0,72.0,NaN,NaN
2019-08-15T00:00:00Z,0.0,22.0,74.0,NaN,NaN
2019-08-15T00:00:00Z,0.0,22.0,76.0,NaN,NaN
2019-08-15T00:00:00Z,0.0,24.0,56.0,NaN,NaN
2019-08-15T00:00:00Z,0.0,24.0,58.0,NaN,NaN
2019-08-15T00:00:00Z,0.0,24.0,60.0,29.170288,0.76577187
2019-08-15T00:00:00Z,0.0,24.0,62.0,28.451334,0.6845627
2019-08-15T00:00:00Z,0.0,24.0,64.0,28.30094,0.6484146
2019-08-15T00:00:00Z,0.0,24.0,66.0,28.591291,0.6500015
2019-08-15T00:00:00Z,0.0,24.0,68.0,28.726791,0.6497097
2019-08-15T00:00:00Z,0.0,24.0,70.0,NaN,NaN
2019-08-15T00:00:00Z,0.0,24.0,72.0,NaN,NaN
2019-08-15T00:00:00Z,0.0,24.0,74.0,NaN,NaN
2019-08-15T00:00:00Z,0.0,24.0,76.0,NaN,NaN
2019-08-15T00:00:00Z,0.0,26.0,56.0,32.982323,1.0155735
2019-08-15T00:00:00Z,0.0,26.0,58.0,31.873001,0.9337921
2019-08-15T00:00:00Z,0.0,26.0,60.0,30.573915,0.83945084
2019-08-15T00:00:00Z,0.0,26.0,62.0,NaN,NaN
2019-08-15T00:00:00Z,0.0,26.0,64.0,28.545137,0.664299
2019-08-15T00:00:00Z,0.0,26.0,66.0,28.653307,0.654726
2019-08-15T00:00:00Z,0.0,26.0,68.0,NaN,NaN
2019-08-15T00:00:00Z,0.0,26.0,70.0,NaN,NaN
2019-08-15T00:00:00Z,0.0,26.0,72.0,NaN,NaN
2019-08-15T00:00:00Z,0.0,26.0,74.0,NaN,NaN
2019-08-15T00:00:00Z,0.0,26.0,76.0,NaN,NaN
2019-09-15T00:00:00Z,0.0,8.0,56.0,26.827087,0.54304504
2019-09-15T00:00:00Z,0.0,8.0,58.0,27.454556,0.5976372
2019-09-15T00:00:00Z,0.0,8.0,60.0,28.104279,0.6667366
2019-09-15T00:00:00Z,0.0,8.0,62.0,28.631886,0.7301998
2019-09-15T00:00:00Z,0.0,8.0,64.0,28.983316,0.77290154
2019-09-15T00:00:00Z,0.0,8.0,66.0,29.184996,0.8092289
2019-09-15T00:00:00Z,0.0,8.0,68.0,29.26569,0.8419647
2019-09-15T00:00:00Z,0.0,8.0,70.0,29.272001,0.8717518
2019-09-15T00:00:00Z,0.0,8.0,72.0,29.204866,0.9031162
2019-09-15T00:00:00Z,0.0,8.0,74.0,29.037628,0.96060944
2019-09-15T00:00:00Z,0.0,8.0,76.0,28.771774,0.98822594
2019-09-15T00:00:00Z,0.0,10.0,56.0,26.501133,0.5623627
2019-09-15T00:00:00Z,0.0,10.0,58.0,27.07757,0.6082554
2019-09-15T00:00:00Z,0.0,10.0,60.0,27.619585,0.6504822
2019-09-15T00:00:00Z,0.0,10.0,62.0,28.102118,0.69024277
2019-09-15T00:00:00Z,0.0,10.0,64.0,28.508577,0.7310791
2019-09-15T00:00:00Z,0.0,10.0,66.0,28.793125,0.7698574
2019-09-15T00:00:00Z,0.0,10.0,68.0,28.955986,0.80130005
2019-09-15T00:00:00Z,0.0,10.0,70.0,29.030235,0.8339424
2019-09-15T00:00:00Z,0.0,10.0,72.0,28.993893,0.8756428
2019-09-15T00:00:00Z,0.0,10.0,74.0,28.833727,0.942749
2019-09-15T00:00:00Z,0.0,10.0,76.0,28.619175,0.9765644
2019-09-15T00:00:00Z,0.0,12.0,56.0,26.2933,0.55802727
2019-09-15T00:00:00Z,0.0,12.0,58.0,26.716269,0.59168243
2019-09-15T00:00:00Z,0.0,12.0,60.0,27.140984,0.6092148
2019-09-15T00:00:00Z,0.0,12.0,62.0,27.590233,0.62942314
2019-09-15T00:00:00Z,0.0,12.0,64.0,28.034779,0.6622162
2019-09-15T00:00:00Z,0.0,12.0,66.0,28.388027,0.69571495
2019-09-15T00:00:00Z,0.0,12.0,68.0,28.644943,0.72831917
2019-09-15T00:00:00Z,0.0,12.0,70.0,28.812923,0.7751312
2019-09-15T00:00:00Z,0.0,12.0,72.0,28.843363,0.83181953
2019-09-15T00:00:00Z,0.0,12.0,74.0,28.740364,0.9019394
2019-09-15T00:00:00Z,0.0,12.0,76.0,28.61552,0.9519291
2019-09-15T00:00:00Z,0.0,14.0,56.0,26.191051,0.55771637
2019-09-15T00:00:00Z,0.0,14.0,58.0,26.446474,0.57170296
2019-09-15T00:00:00Z,0.0,14.0,60.0,26.797768,0.57733154
2019-09-15T00:00:00Z,0.0,14.0,62.0,27.235506,0.58150864
2019-09-15T00:00:00Z,0.0,14.0,64.0,27.69493,0.59895134
2019-09-15T00:00:00Z,0.0,14.0,66.0,28.088104,0.6206665
2019-09-15T00:00:00Z,0.0,14.0,68.0,28.410633,0.64925957
2019-09-15T00:00:00Z,0.0,14.0,70.0,28.650497,0.69610214
2019-09-15T00:00:00Z,0.0,14.0,72.0,28.757185,0.7566223
2019-09-15T00:00:00Z,0.0,14.0,74.0,28.740389,0.81562996
2019-09-15T00:00:00Z,0.0,14.0,76.0,NaN,NaN
2019-09-15T00:00:00Z,0.0,16.0,56.0,26.044508,0.56341743
2019-09-15T00:00:00Z,0.0,16.0,58.0,26.268753,0.5663986
2019-09-15T00:00:00Z,0.0,16.0,60.0,26.66192,0.56806755
2019-09-15T00:00:00Z,0.0,16.0,62.0,27.139454,0.56539154
2019-09-15T00:00:00Z,0.0,16.0,64.0,27.603931,0.56622314
2019-09-15T00:00:00Z,0.0,16.0,66.0,28.005713,0.5748806
2019-09-15T00:00:00Z,0.0,16.0,68.0,28.34515,0.5946293
2019-09-15T00:00:00Z,0.0,16.0,70.0,28.617558,0.6317444
2019-09-15T00:00:00Z,0.0,16.0,72.0,28.769445,0.68236923
2019-09-15T00:00:00Z,0.0,16.0,74.0,28.78535,0.72852707
2019-09-15T00:00:00Z,0.0,16.0,76.0,NaN,NaN
2019-09-15T00:00:00Z,0.0,18.0,56.0,25.928125,0.5786934
2019-09-15T00:00:00Z,0.0,18.0,58.0,26.149633,0.58714867
2019-09-15T00:00:00Z,0.0,18.0,60.0,26.657835,0.5905018
2019-09-15T00:00:00Z,0.0,18.0,62.0,27.247755,0.5931492
2019-09-15T00:00:00Z,0.0,18.0,64.0,27.762115,0.58761597
2019-09-15T00:00:00Z,0.0,18.0,66.0,28.178596,0.5894718
2019-09-15T00:00:00Z,0.0,18.0,68.0,28.496813,0.60743904
2019-09-15T00:00:00Z,0.0,18.0,70.0,28.75973,0.64543724
2019-09-15T00:00:00Z,0.0,18.0,72.0,28.917454,0.6729393
2019-09-15T00:00:00Z,0.0,18.0,74.0,NaN,NaN
2019-09-15T00:00:00Z,0.0,18.0,76.0,NaN,NaN
2019-09-15T00:00:00Z,0.0,20.0,56.0,NaN,NaN
2019-09-15T00:00:00Z,0.0,20.0,58.0,26.346884,0.6375084
2019-09-15T00:00:00Z,0.0,20.0,60.0,26.897808,0.65168
2019-09-15T00:00:00Z,0.0,20.0,62.0,27.499514,0.6587639
2019-09-15T00:00:00Z,0.0,20.0,64.0,28.036644,0.66381073
2019-09-15T00:00:00Z,0.0,20.0,66.0,28.480759,0.67715454
2019-09-15T00:00:00Z,0.0,20.0,68.0,28.762478,0.71370506
2019-09-15T00:00:00Z,0.0,20.0,70.0,28.9579,0.7500591
2019-09-15T00:00:00Z,0.0,20.0,72.0,29.058876,0.73986816
2019-09-15T00:00:00Z,0.0,20.0,74.0,NaN,NaN
2019-09-15T00:00:00Z,0.0,20.0,76.0,NaN,NaN
2019-09-15T00:00:00Z,0.0,22.0,56.0,NaN,NaN
2019-09-15T00:00:00Z,0.0,22.0,58.0,NaN,NaN
2019-09-15T00:00:00Z,0.0,22.0,60.0,27.810545,0.75203896
2019-09-15T00:00:00Z,0.0,22.0,62.0,28.016083,0.75995827
2019-09-15T00:00:00Z,0.0,22.0,64.0,28.33726,0.7735939
2019-09-15T00:00:00Z,0.0,22.0,66.0,28.726786,0.81809807
2019-09-15T00:00:00Z,0.0,22.0,68.0,28.946491,0.8665886
2019-09-15T00:00:00Z,0.0,22.0,70.0,29.048174,0.8739338
2019-09-15T00:00:00Z,0.0,22.0,72.0,NaN,NaN
2019-09-15T00:00:00Z,0.0,22.0,74.0,NaN,NaN
2019-09-15T00:00:00Z,0.0,22.0,76.0,NaN,NaN
2019-09-15T00:00:00Z,0.0,24.0,56.0,NaN,NaN
2019-09-15T00:00:00Z,0.0,24.0,58.0,NaN,NaN
2019-09-15T00:00:00Z,0.0,24.0,60.0,29.15247,0.815588
2019-09-15T00:00:00Z,0.0,24.0,62.0,28.648312,0.82486725
2019-09-15T00:00:00Z,0.0,24.0,64.0,28.573048,0.8766117
2019-09-15T00:00:00Z,0.0,24.0,66.0,28.806995,0.9246063
2019-09-15T00:00:00Z,0.0,24.0,68.0,28.96378,0.9589443
2019-09-15T00:00:00Z,0.0,24.0,70.0,NaN,NaN
2019-09-15T00:00:00Z,0.0,24.0,72.0,NaN,NaN
2019-09-15T00:00:00Z,0.0,24.0,74.0,NaN,NaN
2019-09-15T00:00:00Z,0.0,24.0,76.0,NaN,NaN
2019-09-15T00:00:00Z,0.0,26.0,56.0,32.36158,0.7606659
2019-09-15T00:00:00Z,0.0,26.0,58.0,31.210735,0.7941532
2019-09-15T00:00:00Z,0.0,26.0,60.0,30.114758,0.81982994
2019-09-15T00:00:00Z,0.0,26.0,62.0,NaN,NaN
2019-09-15T00:00:00Z,0.0,26.0,64.0,28.661879,0.9245739
2019-09-15T00:00:00Z,0.0,26.0,66.0,28.774038,0.9629936
2019-09-15T00:00:00Z,0.0,26.0,68.0,NaN,NaN
2019-09-15T00:00:00Z,0.0,26.0,70.0,NaN,NaN
2019-09-15T00:00:00Z,0.0,26.0,72.0,NaN,NaN
2019-09-15T00:00:00Z,0.0,26.0,74.0,NaN,NaN
2019-09-15T00:00:00Z,0.0,26.0,76.0,NaN,NaN
2019-10-15T00:00:00Z,0.0,8.0,56.0,28.31587,0.9012661
2019-10-15T00:00:00Z,0.0,8.0,58.0,28.69173,0.93185425
2019-10-15T00:00:00Z,0.0,8.0,60.0,29.035198,0.9326744
2019-10-15T00:00:00Z,0.0,8.0,62.0,29.25863,0.91985893
2019-10-15T00:00:00Z,0.0,8.0,64.0,29.36739,0.89953613
2019-10-15T00:00:00Z,0.0,8.0,66.0,29.440226,0.88970375
2019-10-15T00:00:00Z,0.0,8.0,68.0,29.504375,0.8939152
2019-10-15T00:00:00Z,0.0,8.0,70.0,29.557,0.9112892
2019-10-15T00:00:00Z,0.0,8.0,72.0,29.574505,0.9473362
2019-10-15T00:00:00Z,0.0,8.0,74.0,29.531637,1.0213871
2019-10-15T00:00:00Z,0.0,8.0,76.0,29.383486,1.0640965
2019-10-15T00:00:00Z,0.0,10.0,56.0,28.2006,0.9162636
2019-10-15T00:00:00Z,0.0,10.0,58.0,28.54613,0.96279335
2019-10-15T00:00:00Z,0.0,10.0,60.0,28.804556,0.9552212
2019-10-15T00:00:00Z,0.0,10.0,62.0,28.990974,0.92993164
2019-10-15T00:00:00Z,0.0,10.0,64.0,29.137156,0.90763474
2019-10-15T00:00:00Z,0.0,10.0,66.0,29.27487,0.89941216
2019-10-15T00:00:00Z,0.0,10.0,68.0,29.40712,0.9018059
2019-10-15T00:00:00Z,0.0,10.0,70.0,29.530533,0.92536545
2019-10-15T00:00:00Z,0.0,10.0,72.0,29.607203,0.9804306
2019-10-15T00:00:00Z,0.0,10.0,74.0,29.59499,1.0709877
2019-10-15T00:00:00Z,0.0,10.0,76.0,29.484324,1.1202888
2019-10-15T00:00:00Z,0.0,12.0,56.0,28.177412,0.8813915
2019-10-15T00:00:00Z,0.0,12.0,58.0,28.423006,0.9202347
2019-10-15T00:00:00Z,0.0,12.0,60.0,28.569609,0.8953991
2019-10-15T00:00:00Z,0.0,12.0,62.0,28.703894,0.8549557
2019-10-15T00:00:00Z,0.0,12.0,64.0,28.865591,0.82728004
2019-10-15T00:00:00Z,0.0,12.0,66.0,29.051283,0.8164711
2019-10-15T00:00:00Z,0.0,12.0,68.0,29.26107,0.82642365
2019-10-15T00:00:00Z,0.0,12.0,70.0,29.47631,0.87776756
2019-10-15T00:00:00Z,0.0,12.0,72.0,29.62113,0.96356773
2019-10-15T00:00:00Z,0.0,12.0,74.0,29.655888,1.0715256
2019-10-15T00:00:00Z,0.0,12.0,76.0,29.618275,1.1483746
2019-10-15T00:00:00Z,0.0,14.0,56.0,28.22343,0.8196602
2019-10-15T00:00:00Z,0.0,14.0,58.0,28.33633,0.8251629
2019-10-15T00:00:00Z,0.0,14.0,60.0,28.399693,0.77562714
2019-10-15T00:00:00Z,0.0,14.0,62.0,28.499088,0.7178364
2019-10-15T00:00:00Z,0.0,14.0,64.0,28.65493,0.6831589
2019-10-15T00:00:00Z,0.0,14.0,66.0,28.859892,0.67391396
2019-10-15T00:00:00Z,0.0,14.0,68.0,29.12311,0.69950676
2019-10-15T00:00:00Z,0.0,14.0,70.0,29.401054,0.77353287
2019-10-15T00:00:00Z,0.0,14.0,72.0,29.596588,0.8828373
2019-10-15T00:00:00Z,0.0,14.0,74.0,29.670147,0.98809814
2019-10-15T00:00:00Z,0.0,14.0,76.0,NaN,NaN
2019-10-15T00:00:00Z,0.0,16.0,56.0,28.196955,0.75406647
2019-10-15T00:00:00Z,0.0,16.0,58.0,28.22656,0.7098942
2019-10-15T00:00:00Z,0.0,16.0,60.0,28.292727,0.6341419
2019-10-15T00:00:00Z,0.0,16.0,62.0,28.405254,0.5606499
2019-10-15T00:00:00Z,0.0,16.0,64.0,28.553492,0.52124214
2019-10-15T00:00:00Z,0.0,16.0,66.0,28.759842,0.52111435
2019-10-15T00:00:00Z,0.0,16.0,68.0,29.043959,0.56391716
2019-10-15T00:00:00Z,0.0,16.0,70.0,29.346209,0.6514168
2019-10-15T00:00:00Z,0.0,16.0,72.0,29.559425,0.76745033
2019-10-15T00:00:00Z,0.0,16.0,74.0,29.648499,0.87231255
2019-10-15T00:00:00Z,0.0,16.0,76.0,NaN,NaN
2019-10-15T00:00:00Z,0.0,18.0,56.0,28.064196,0.7006874
2019-10-15T00:00:00Z,0.0,18.0,58.0,28.044485,0.6263256
2019-10-15T00:00:00Z,0.0,18.0,60.0,28.194613,0.5414257
2019-10-15T00:00:00Z,0.0,18.0,62.0,28.403872,0.47112083
2019-10-15T00:00:00Z,0.0,18.0,64.0,28.584179,0.429554
2019-10-15T00:00:00Z,0.0,18.0,66.0,28.791767,0.43297577
2019-10-15T00:00:00Z,0.0,18.0,68.0,29.058962,0.48462677
2019-10-15T00:00:00Z,0.0,18.0,70.0,29.34137,0.57972336
2019-10-15T00:00:00Z,0.0,18.0,72.0,29.5228,0.6702423
2019-10-15T00:00:00Z,0.0,18.0,74.0,NaN,NaN
2019-10-15T00:00:00Z,0.0,18.0,76.0,NaN,NaN
2019-10-15T00:00:00Z,0.0,20.0,56.0,NaN,NaN
2019-10-15T00:00:00Z,0.0,20.0,58.0,28.02949,0.614275
2019-10-15T00:00:00Z,0.0,20.0,60.0,28.24892,0.5586281
2019-10-15T00:00:00Z,0.0,20.0,62.0,28.527029,0.51011276
2019-10-15T00:00:00Z,0.0,20.0,64.0,28.742748,0.48218536
2019-10-15T00:00:00Z,0.0,20.0,66.0,28.93676,0.48530197
2019-10-15T00:00:00Z,0.0,20.0,68.0,29.128717,0.5316124
2019-10-15T00:00:00Z,0.0,20.0,70.0,29.328745,0.6063976
2019-10-15T00:00:00Z,0.0,20.0,72.0,29.46607,0.6476345
2019-10-15T00:00:00Z,0.0,20.0,74.0,NaN,NaN
2019-10-15T00:00:00Z,0.0,20.0,76.0,NaN,NaN
2019-10-15T00:00:00Z,0.0,22.0,56.0,NaN,NaN
2019-10-15T00:00:00Z,0.0,22.0,58.0,NaN,NaN
2019-10-15T00:00:00Z,0.0,22.0,60.0,28.706572,0.68517685
2019-10-15T00:00:00Z,0.0,22.0,62.0,28.83011,0.6693611
2019-10-15T00:00:00Z,0.0,22.0,64.0,28.94377,0.651247
2019-10-15T00:00:00Z,0.0,22.0,66.0,29.062977,0.65789413
2019-10-15T00:00:00Z,0.0,22.0,68.0,29.14849,0.67951775
2019-10-15T00:00:00Z,0.0,22.0,70.0,29.257393,0.6896343
2019-10-15T00:00:00Z,0.0,22.0,72.0,NaN,NaN
2019-10-15T00:00:00Z,0.0,22.0,74.0,NaN,NaN
2019-10-15T00:00:00Z,0.0,22.0,76.0,NaN,NaN
2019-10-15T00:00:00Z,0.0,24.0,56.0,NaN,NaN
2019-10-15T00:00:00Z,0.0,24.0,58.0,NaN,NaN
2019-10-15T00:00:00Z,0.0,24.0,60.0,29.320452,0.8061485
2019-10-15T00:00:00Z,0.0,24.0,62.0,29.10546,0.7987919
2019-10-15T00:00:00Z,0.0,24.0,64.0,29.037785,0.82458305
2019-10-15T00:00:00Z,0.0,24.0,66.0,29.056684,0.82653236
2019-10-15T00:00:00Z,0.0,24.0,68.0,29.099089,0.80872726
2019-10-15T00:00:00Z,0.0,24.0,70.0,NaN,NaN
2019-10-15T00:00:00Z,0.0,24.0,72.0,NaN,NaN
2019-10-15T00:00:00Z,0.0,24.0,74.0,NaN,NaN
2019-10-15T00:00:00Z,0.0,24.0,76.0,NaN,NaN
2019-10-15T00:00:00Z,0.0,26.0,56.0,31.135014,0.95693207
2019-10-15T00:00:00Z,0.0,26.0,58.0,30.323605,0.87724686
2019-10-15T00:00:00Z,0.0,26.0,60.0,29.716524,0.853899
2019-10-15T00:00:00Z,0.0,26.0,62.0,NaN,NaN
2019-10-15T00:00:00Z,0.0,26.0,64.0,28.990568,0.896019
2019-10-15T00:00:00Z,0.0,26.0,66.0,28.982288,0.8998909
2019-10-15T00:00:00Z,0.0,26.0,68.0,NaN,NaN
2019-10-15T00:00:00Z,0.0,26.0,70.0,NaN,NaN
2019-10-15T00:00:00Z,0.0,26.0,72.0,NaN,NaN
2019-10-15T00:00:00Z,0.0,26.0,74.0,NaN,NaN
2019-10-15T00:00:00Z,0.0,26.0,76.0,NaN,NaN
2019-11-15T00:00:00Z,0.0,8.0,56.0,28.588373,0.75704
2019-11-15T00:00:00Z,0.0,8.0,58.0,28.776257,0.737463
2019-11-15T00:00:00Z,0.0,8.0,60.0,28.967007,0.72239876
2019-11-15T00:00:00Z,0.0,8.0,62.0,29.115519,0.7241211
2019-11-15T00:00:00Z,0.0,8.0,64.0,29.22121,0.73062706
2019-11-15T00:00:00Z,0.0,8.0,66.0,29.332703,0.7419739
2019-11-15T00:00:00Z,0.0,8.0,68.0,29.442871,0.75405884
2019-11-15T00:00:00Z,0.0,8.0,70.0,29.51477,0.76514435
2019-11-15T00:00:00Z,0.0,8.0,72.0,29.530209,0.7878113
2019-11-15T00:00:00Z,0.0,8.0,74.0,29.504868,0.8476181
2019-11-15T00:00:00Z,0.0,8.0,76.0,29.413113,0.9007015
2019-11-15T00:00:00Z,0.0,10.0,56.0,28.301935,0.670393
2019-11-15T00:00:00Z,0.0,10.0,58.0,28.461603,0.6648102
2019-11-15T00:00:00Z,0.0,10.0,60.0,28.602453,0.6452236
2019-11-15T00:00:00Z,0.0,10.0,62.0,28.725687,0.63116646
2019-11-15T00:00:00Z,0.0,10.0,64.0,28.850134,0.6239872
2019-11-15T00:00:00Z,0.0,10.0,66.0,29.01155,0.627758
2019-11-15T00:00:00Z,0.0,10.0,68.0,29.186533,0.6322193
2019-11-15T00:00:00Z,0.0,10.0,70.0,29.340168,0.64152336
2019-11-15T00:00:00Z,0.0,10.0,72.0,29.444984,0.6752968
2019-11-15T00:00:00Z,0.0,10.0,74.0,29.492414,0.7594986
2019-11-15T00:00:00Z,0.0,10.0,76.0,29.46094,0.8344879
2019-11-15T00:00:00Z,0.0,12.0,56.0,28.07679,0.5990391
2019-11-15T00:00:00Z,0.0,12.0,58.0,28.194832,0.5978718
2019-11-15T00:00:00Z,0.0,12.0,60.0,28.256617,0.55786705
2019-11-15T00:00:00Z,0.0,12.0,62.0,28.319288,0.51122475
2019-11-15T00:00:00Z,0.0,12.0,64.0,28.432665,0.48008156
2019-11-15T00:00:00Z,0.0,12.0,66.0,28.60998,0.4572506
2019-11-15T00:00:00Z,0.0,12.0,68.0,28.839886,0.44871902
2019-11-15T00:00:00Z,0.0,12.0,70.0,29.09662,0.48083115
2019-11-15T00:00:00Z,0.0,12.0,72.0,29.311087,0.55267143
2019-11-15T00:00:00Z,0.0,12.0,74.0,29.4468,0.66667175
2019-11-15T00:00:00Z,0.0,12.0,76.0,29.500723,0.7670498
2019-11-15T00:00:00Z,0.0,14.0,56.0,27.92089,0.54089165
2019-11-15T00:00:00Z,0.0,14.0,58.0,27.97355,0.51457024
2019-11-15T00:00:00Z,0.0,14.0,60.0,27.97866,0.44636917
2019-11-15T00:00:00Z,0.0,14.0,62.0,27.9894,0.36421394
2019-11-15T00:00:00Z,0.0,14.0,64.0,28.065271,0.3032303
2019-11-15T00:00:00Z,0.0,14.0,66.0,28.233461,0.25958633
2019-11-15T00:00:00Z,0.0,14.0,68.0,28.497639,0.24501419
2019-11-15T00:00:00Z,0.0,14.0,70.0,28.82123,0.29587746
2019-11-15T00:00:00Z,0.0,14.0,72.0,29.1129,0.41077423
2019-11-15T00:00:00Z,0.0,14.0,74.0,29.290628,0.5318508
2019-11-15T00:00:00Z,0.0,14.0,76.0,NaN,NaN
2019-11-15T00:00:00Z,0.0,16.0,56.0,27.791992,0.49337387
2019-11-15T00:00:00Z,0.0,16.0,58.0,27.766245,0.4200573
2019-11-15T00:00:00Z,0.0,16.0,60.0,27.748402,0.31837845
2019-11-15T00:00:00Z,0.0,16.0,62.0,27.736237,0.20752716
2019-11-15T00:00:00Z,0.0,16.0,64.0,27.761312,0.11304283
2019-11-15T00:00:00Z,0.0,16.0,66.0,27.910408,0.059490204
2019-11-15T00:00:00Z,0.0,16.0,68.0,28.197802,0.055612564
2019-11-15T00:00:00Z,0.0,16.0,70.0,28.547361,0.13117409
2019-11-15T00:00:00Z,0.0,16.0,72.0,28.849718,0.26438332
2019-11-15T00:00:00Z,0.0,16.0,74.0,29.060703,0.38784218
2019-11-15T00:00:00Z,0.0,16.0,76.0,NaN,NaN
2019-11-15T00:00:00Z,0.0,18.0,56.0,27.660236,0.46321678
2019-11-15T00:00:00Z,0.0,18.0,58.0,27.568964,0.3687744
2019-11-15T00:00:00Z,0.0,18.0,60.0,27.55935,0.25022316
2019-11-15T00:00:00Z,0.0,18.0,62.0,27.564726,0.12451553
2019-11-15T00:00:00Z,0.0,18.0,64.0,27.568417,0.009017944
2019-11-15T00:00:00Z,0.0,18.0,66.0,27.681053,-0.06436539
2019-11-15T00:00:00Z,0.0,18.0,68.0,27.954756,-0.05195427
2019-11-15T00:00:00Z,0.0,18.0,70.0,28.26465,0.044815063
2019-11-15T00:00:00Z,0.0,18.0,72.0,28.469664,0.1523304
2019-11-15T00:00:00Z,0.0,18.0,74.0,NaN,NaN
2019-11-15T00:00:00Z,0.0,18.0,76.0,NaN,NaN
2019-11-15T00:00:00Z,0.0,20.0,56.0,NaN,NaN
2019-11-15T00:00:00Z,0.0,20.0,58.0,27.488022,0.38650322
2019-11-15T00:00:00Z,0.0,20.0,60.0,27.497252,0.30348778
2019-11-15T00:00:00Z,0.0,20.0,62.0,27.536709,0.19560242
2019-11-15T00:00:00Z,0.0,20.0,64.0,27.541775,0.07767105
2019-11-15T00:00:00Z,0.0,20.0,66.0,27.605505,-7.648468E-4
2019-11-15T00:00:00Z,0.0,20.0,68.0,27.768658,0.0039482117
2019-11-15T00:00:00Z,0.0,20.0,70.0,27.967936,0.07965851
2019-11-15T00:00:00Z,0.0,20.0,72.0,28.129143,0.13191223
2019-11-15T00:00:00Z,0.0,20.0,74.0,NaN,NaN
2019-11-15T00:00:00Z,0.0,20.0,76.0,NaN,NaN
2019-11-15T00:00:00Z,0.0,22.0,56.0,NaN,NaN
2019-11-15T00:00:00Z,0.0,22.0,58.0,NaN,NaN
2019-11-15T00:00:00Z,0.0,22.0,60.0,27.624626,0.47546768
2019-11-15T00:00:00Z,0.0,22.0,62.0,27.647377,0.4070015
2019-11-15T00:00:00Z,0.0,22.0,64.0,27.62431,0.3050804
2019-11-15T00:00:00Z,0.0,22.0,66.0,27.601557,0.22361755
2019-11-15T00:00:00Z,0.0,22.0,68.0,27.616367,0.18875504
2019-11-15T00:00:00Z,0.0,22.0,70.0,27.730474,0.18287277
2019-11-15T00:00:00Z,0.0,22.0,72.0,NaN,NaN
2019-11-15T00:00:00Z,0.0,22.0,74.0,NaN,NaN
2019-11-15T00:00:00Z,0.0,22.0,76.0,NaN,NaN
2019-11-15T00:00:00Z,0.0,24.0,56.0,NaN,NaN
2019-11-15T00:00:00Z,0.0,24.0,58.0,NaN,NaN
2019-11-15T00:00:00Z,0.0,24.0,60.0,27.791325,0.6686115
2019-11-15T00:00:00Z,0.0,24.0,62.0,27.709808,0.59251976
2019-11-15T00:00:00Z,0.0,24.0,64.0,27.641104,0.5314102
2019-11-15T00:00:00Z,0.0,24.0,66.0,27.560043,0.46128654
2019-11-15T00:00:00Z,0.0,24.0,68.0,27.533287,0.37848854
2019-11-15T00:00:00Z,0.0,24.0,70.0,NaN,NaN
2019-11-15T00:00:00Z,0.0,24.0,72.0,NaN,NaN
2019-11-15T00:00:00Z,0.0,24.0,74.0,NaN,NaN
2019-11-15T00:00:00Z,0.0,24.0,76.0,NaN,NaN
2019-11-15T00:00:00Z,0.0,26.0,56.0,28.630785,0.93128204
2019-11-15T00:00:00Z,0.0,26.0,58.0,28.15865,0.810009
2019-11-15T00:00:00Z,0.0,26.0,60.0,27.859266,0.7426758
2019-11-15T00:00:00Z,0.0,26.0,62.0,NaN,NaN
2019-11-15T00:00:00Z,0.0,26.0,64.0,27.565388,0.6251564
2019-11-15T00:00:00Z,0.0,26.0,66.0,27.509525,0.590292
2019-11-15T00:00:00Z,0.0,26.0,68.0,NaN,NaN
2019-11-15T00:00:00Z,0.0,26.0,70.0,NaN,NaN
2019-11-15T00:00:00Z,0.0,26.0,72.0,NaN,NaN
2019-11-15T00:00:00Z,0.0,26.0,74.0,NaN,NaN
2019-11-15T00:00:00Z,0.0,26.0,76.0,NaN,NaN
2019-12-15T00:00:00Z,0.0,8.0,56.0,27.70768,0.39136696
2019-12-15T00:00:00Z,0.0,8.0,58.0,27.989868,0.46768188
2019-12-15T00:00:00Z,0.0,8.0,60.0,28.259684,0.52864075
2019-12-15T00:00:00Z,0.0,8.0,62.0,28.498093,0.58159256
2019-12-15T00:00:00Z,0.0,8.0,64.0,28.701656,0.6152592
2019-12-15T00:00:00Z,0.0,8.0,66.0,28.883806,0.627512
2019-12-15T00:00:00Z,0.0,8.0,68.0,29.012007,0.6100483
2019-12-15T00:00:00Z,0.0,8.0,70.0,29.04196,0.55929375
2019-12-15T00:00:00Z,0.0,8.0,72.0,28.981283,0.5074501
2019-12-15T00:00:00Z,0.0,8.0,74.0,28.88693,0.50476456
2019-12-15T00:00:00Z,0.0,8.0,76.0,28.736383,0.51774406
2019-12-15T00:00:00Z,0.0,10.0,56.0,27.289223,0.3011608
2019-12-15T00:00:00Z,0.0,10.0,58.0,27.533308,0.3954525
2019-12-15T00:00:00Z,0.0,10.0,60.0,27.770922,0.46631622
2019-12-15T00:00:00Z,0.0,10.0,62.0,27.992481,0.5149193
2019-12-15T00:00:00Z,0.0,10.0,64.0,28.217167,0.5389366
2019-12-15T00:00:00Z,0.0,10.0,66.0,28.467522,0.54839706
2019-12-15T00:00:00Z,0.0,10.0,68.0,28.695295,0.53500366
2019-12-15T00:00:00Z,0.0,10.0,70.0,28.85335,0.50012016
2019-12-15T00:00:00Z,0.0,10.0,72.0,28.927677,0.47051048
2019-12-15T00:00:00Z,0.0,10.0,74.0,28.9363,0.4887371
2019-12-15T00:00:00Z,0.0,10.0,76.0,28.862904,0.5113487
2019-12-15T00:00:00Z,0.0,12.0,56.0,26.872103,0.23485374
2019-12-15T00:00:00Z,0.0,12.0,58.0,27.063377,0.31918907
2019-12-15T00:00:00Z,0.0,12.0,60.0,27.244308,0.38137054
2019-12-15T00:00:00Z,0.0,12.0,62.0,27.426931,0.42186928
2019-12-15T00:00:00Z,0.0,12.0,64.0,27.661013,0.44588852
2019-12-15T00:00:00Z,0.0,12.0,66.0,27.960407,0.44936562
2019-12-15T00:00:00Z,0.0,12.0,68.0,28.283566,0.43819046
2019-12-15T00:00:00Z,0.0,12.0,70.0,28.588863,0.43567467
2019-12-15T00:00:00Z,0.0,12.0,72.0,28.81306,0.44401932
2019-12-15T00:00:00Z,0.0,12.0,74.0,28.934244,0.48036194
2019-12-15T00:00:00Z,0.0,12.0,76.0,28.966646,0.51686096
2019-12-15T00:00:00Z,0.0,14.0,56.0,26.50953,0.2052784
2019-12-15T00:00:00Z,0.0,14.0,58.0,26.642456,0.24262238
2019-12-15T00:00:00Z,0.0,14.0,60.0,26.789293,0.27666855
2019-12-15T00:00:00Z,0.0,14.0,62.0,26.951172,0.31183815
2019-12-15T00:00:00Z,0.0,14.0,64.0,27.1814,0.34889984
2019-12-15T00:00:00Z,0.0,14.0,66.0,27.506575,0.36476135
2019-12-15T00:00:00Z,0.0,14.0,68.0,27.898098,0.36015892
2019-12-15T00:00:00Z,0.0,14.0,70.0,28.296238,0.36980057
2019-12-15T00:00:00Z,0.0,14.0,72.0,28.615192,0.40377617
2019-12-15T00:00:00Z,0.0,14.0,74.0,28.799372,0.44690895
2019-12-15T00:00:00Z,0.0,14.0,76.0,NaN,NaN
2019-12-15T00:00:00Z,0.0,16.0,56.0,26.235996,0.20627403
2019-12-15T00:00:00Z,0.0,16.0,58.0,26.293652,0.18694305
2019-12-15T00:00:00Z,0.0,16.0,60.0,26.425322,0.18606949
2019-12-15T00:00:00Z,0.0,16.0,62.0,26.58424,0.21282196
2019-12-15T00:00:00Z,0.0,16.0,64.0,26.798054,0.26065636
2019-12-15T00:00:00Z,0.0,16.0,66.0,27.135206,0.3016014
2019-12-15T00:00:00Z,0.0,16.0,68.0,27.5681,0.31430817
2019-12-15T00:00:00Z,0.0,16.0,70.0,27.973742,0.3253441
2019-12-15T00:00:00Z,0.0,16.0,72.0,28.28742,0.3556633
2019-12-15T00:00:00Z,0.0,16.0,74.0,28.531364,0.39635658
2019-12-15T00:00:00Z,0.0,16.0,76.0,NaN,NaN
2019-12-15T00:00:00Z,0.0,18.0,56.0,26.084791,0.2333107
2019-12-15T00:00:00Z,0.0,18.0,58.0,26.05784,0.19218063
2019-12-15T00:00:00Z,0.0,18.0,60.0,26.161928,0.17132378
2019-12-15T00:00:00Z,0.0,18.0,62.0,26.319298,0.19009018
2019-12-15T00:00:00Z,0.0,18.0,64.0,26.519377,0.24031448
2019-12-15T00:00:00Z,0.0,18.0,66.0,26.83528,0.2898636
2019-12-15T00:00:00Z,0.0,18.0,68.0,27.235598,0.3184948
2019-12-15T00:00:00Z,0.0,18.0,70.0,27.536554,0.33319855
2019-12-15T00:00:00Z,0.0,18.0,72.0,27.682865,0.3406067
2019-12-15T00:00:00Z,0.0,18.0,74.0,NaN,NaN
2019-12-15T00:00:00Z,0.0,18.0,76.0,NaN,NaN
2019-12-15T00:00:00Z,0.0,20.0,56.0,NaN,NaN
2019-12-15T00:00:00Z,0.0,20.0,58.0,25.987906,0.27497864
2019-12-15T00:00:00Z,0.0,20.0,60.0,26.037416,0.27175713
2019-12-15T00:00:00Z,0.0,20.0,62.0,26.185068,0.29096413
2019-12-15T00:00:00Z,0.0,20.0,64.0,26.37968,0.34089088
2019-12-15T00:00:00Z,0.0,20.0,66.0,26.614304,0.38611603
2019-12-15T00:00:00Z,0.0,20.0,68.0,26.841162,0.40965843
2019-12-15T00:00:00Z,0.0,20.0,70.0,26.984451,0.4189701
2019-12-15T00:00:00Z,0.0,20.0,72.0,27.10123,0.39161873
2019-12-15T00:00:00Z,0.0,20.0,74.0,NaN,NaN
2019-12-15T00:00:00Z,0.0,20.0,76.0,NaN,NaN
2019-12-15T00:00:00Z,0.0,22.0,56.0,NaN,NaN
2019-12-15T00:00:00Z,0.0,22.0,58.0,NaN,NaN
2019-12-15T00:00:00Z,0.0,22.0,60.0,26.016247,0.48477554
2019-12-15T00:00:00Z,0.0,22.0,62.0,26.161638,0.50761604
2019-12-15T00:00:00Z,0.0,22.0,64.0,26.324461,0.54748154
2019-12-15T00:00:00Z,0.0,22.0,66.0,26.420956,0.57405853
2019-12-15T00:00:00Z,0.0,22.0,68.0,26.444923,0.5673256
2019-12-15T00:00:00Z,0.0,22.0,70.0,26.53747,0.52786636
2019-12-15T00:00:00Z,0.0,22.0,72.0,NaN,NaN
2019-12-15T00:00:00Z,0.0,22.0,74.0,NaN,NaN
2019-12-15T00:00:00Z,0.0,22.0,76.0,NaN,NaN
2019-12-15T00:00:00Z,0.0,24.0,56.0,NaN,NaN
2019-12-15T00:00:00Z,0.0,24.0,58.0,NaN,NaN
2019-12-15T00:00:00Z,0.0,24.0,60.0,25.96081,0.68650246
2019-12-15T00:00:00Z,0.0,24.0,62.0,26.103382,0.68693733
2019-12-15T00:00:00Z,0.0,24.0,64.0,26.255165,0.7511978
2019-12-15T00:00:00Z,0.0,24.0,66.0,26.237333,0.75354767
2019-12-15T00:00:00Z,0.0,24.0,68.0,26.217188,0.7040405
2019-12-15T00:00:00Z,0.0,24.0,70.0,NaN,NaN
2019-12-15T00:00:00Z,0.0,24.0,72.0,NaN,NaN
2019-12-15T00:00:00Z,0.0,24.0,74.0,NaN,NaN
2019-12-15T00:00:00Z,0.0,24.0,76.0,NaN,NaN
2019-12-15T00:00:00Z,0.0,26.0,56.0,25.794477,0.71972847
2019-12-15T00:00:00Z,0.0,26.0,58.0,25.849684,0.7507515
2019-12-15T00:00:00Z,0.0,26.0,60.0,25.846018,0.7331085
2019-12-15T00:00:00Z,0.0,26.0,62.0,NaN,NaN
2019-12-15T00:00:00Z,0.0,26.0,64.0,26.171867,0.84443855
2019-12-15T00:00:00Z,0.0,26.0,66.0,26.140251,0.84423065
2019-12-15T00:00:00Z,0.0,26.0,68.0,NaN,NaN
2019-12-15T00:00:00Z,0.0,26.0,70.0,NaN,NaN
2019-12-15T00:00:00Z,0.0,26.0,72.0,NaN,NaN
2019-12-15T00:00:00Z,0.0,26.0,74.0,NaN,NaN
2019-12-15T00:00:00Z,0.0,26.0,76.0,NaN,NaN
2020-01-15T00:00:00Z,0.0,8.0,56.0,27.580887,0.75772095
2020-01-15T00:00:00Z,0.0,8.0,58.0,27.864834,0.81754494
2020-01-15T00:00:00Z,0.0,8.0,60.0,28.127836,0.8661728
2020-01-15T00:00:00Z,0.0,8.0,62.0,28.382818,0.90790176
2020-01-15T00:00:00Z,0.0,8.0,64.0,28.606056,0.91524506
2020-01-15T00:00:00Z,0.0,8.0,66.0,28.79508,0.9034939
2020-01-15T00:00:00Z,0.0,8.0,68.0,28.914474,0.8651619
2020-01-15T00:00:00Z,0.0,8.0,70.0,28.953676,0.8106346
2020-01-15T00:00:00Z,0.0,8.0,72.0,28.992609,0.83275414
2020-01-15T00:00:00Z,0.0,8.0,74.0,28.976126,0.87220955
2020-01-15T00:00:00Z,0.0,8.0,76.0,28.859358,0.90153885
2020-01-15T00:00:00Z,0.0,10.0,56.0,27.02826,0.6278877
2020-01-15T00:00:00Z,0.0,10.0,58.0,27.248287,0.68014526
2020-01-15T00:00:00Z,0.0,10.0,60.0,27.47033,0.72895813
2020-01-15T00:00:00Z,0.0,10.0,62.0,27.71063,0.7696514
2020-01-15T00:00:00Z,0.0,10.0,64.0,27.968061,0.77604103
2020-01-15T00:00:00Z,0.0,10.0,66.0,28.240538,0.7652054
2020-01-15T00:00:00Z,0.0,10.0,68.0,28.483278,0.7428417
2020-01-15T00:00:00Z,0.0,10.0,70.0,28.659939,0.7051468
2020-01-15T00:00:00Z,0.0,10.0,72.0,28.82816,0.73576355
2020-01-15T00:00:00Z,0.0,10.0,74.0,28.921734,0.7884846
2020-01-15T00:00:00Z,0.0,10.0,76.0,28.911772,0.8342457
2020-01-15T00:00:00Z,0.0,12.0,56.0,26.43758,0.5238514
2020-01-15T00:00:00Z,0.0,12.0,58.0,26.584549,0.55592537
2020-01-15T00:00:00Z,0.0,12.0,60.0,26.753902,0.5937576
2020-01-15T00:00:00Z,0.0,12.0,62.0,26.954632,0.61980057
2020-01-15T00:00:00Z,0.0,12.0,64.0,27.226364,0.6213455
2020-01-15T00:00:00Z,0.0,12.0,66.0,27.556553,0.59357643
2020-01-15T00:00:00Z,0.0,12.0,68.0,27.91705,0.5764065
2020-01-15T00:00:00Z,0.0,12.0,70.0,28.246655,0.56552887
2020-01-15T00:00:00Z,0.0,12.0,72.0,28.540695,0.60398483
2020-01-15T00:00:00Z,0.0,12.0,74.0,28.747541,0.6680393
2020-01-15T00:00:00Z,0.0,12.0,76.0,28.866264,0.73223686
2020-01-15T00:00:00Z,0.0,14.0,56.0,25.912706,0.45710373
2020-01-15T00:00:00Z,0.0,14.0,58.0,26.000818,0.45592308
2020-01-15T00:00:00Z,0.0,14.0,60.0,26.132627,0.46889877
2020-01-15T00:00:00Z,0.0,14.0,62.0,26.291317,0.47704697
2020-01-15T00:00:00Z,0.0,14.0,64.0,26.533886,0.46719933
2020-01-15T00:00:00Z,0.0,14.0,66.0,26.891346,0.43499374
2020-01-15T00:00:00Z,0.0,14.0,68.0,27.338684,0.41476822
2020-01-15T00:00:00Z,0.0,14.0,70.0,27.782063,0.41423035
2020-01-15T00:00:00Z,0.0,14.0,72.0,28.159729,0.4524784
2020-01-15T00:00:00Z,0.0,14.0,74.0,28.423933,0.519598
2020-01-15T00:00:00Z,0.0,14.0,76.0,NaN,NaN
2020-01-15T00:00:00Z,0.0,16.0,56.0,25.498896,0.40966034
2020-01-15T00:00:00Z,0.0,16.0,58.0,25.519138,0.37259674
2020-01-15T00:00:00Z,0.0,16.0,60.0,25.625498,0.3552494
2020-01-15T00:00:00Z,0.0,16.0,62.0,25.748774,0.34104538
2020-01-15T00:00:00Z,0.0,16.0,64.0,25.93667,0.3174839
2020-01-15T00:00:00Z,0.0,16.0,66.0,26.292925,0.29030037
2020-01-15T00:00:00Z,0.0,16.0,68.0,26.783972,0.26638985
2020-01-15T00:00:00Z,0.0,16.0,70.0,27.237404,0.25477982
2020-01-15T00:00:00Z,0.0,16.0,72.0,27.604332,0.2750969
2020-01-15T00:00:00Z,0.0,16.0,74.0,27.969923,0.36902618
2020-01-15T00:00:00Z,0.0,16.0,76.0,NaN,NaN
2020-01-15T00:00:00Z,0.0,18.0,56.0,25.223814,0.37472153
2020-01-15T00:00:00Z,0.0,18.0,58.0,25.15175,0.32366753
2020-01-15T00:00:00Z,0.0,18.0,60.0,25.204695,0.28263283
2020-01-15T00:00:00Z,0.0,18.0,62.0,25.290966,0.24811172
2020-01-15T00:00:00Z,0.0,18.0,64.0,25.43175,0.21141624
2020-01-15T00:00:00Z,0.0,18.0,66.0,25.747328,0.1800785
2020-01-15T00:00:00Z,0.0,18.0,68.0,26.1674,0.13533783
2020-01-15T00:00:00Z,0.0,18.0,70.0,26.44839,0.079221725
2020-01-15T00:00:00Z,0.0,18.0,72.0,26.582048,0.05250168
2020-01-15T00:00:00Z,0.0,18.0,74.0,NaN,NaN
2020-01-15T00:00:00Z,0.0,18.0,76.0,NaN,NaN
2020-01-15T00:00:00Z,0.0,20.0,56.0,NaN,NaN
2020-01-15T00:00:00Z,0.0,20.0,58.0,24.92421,0.32201576
2020-01-15T00:00:00Z,0.0,20.0,60.0,24.876316,0.28500366
2020-01-15T00:00:00Z,0.0,20.0,62.0,24.918016,0.23935127
2020-01-15T00:00:00Z,0.0,20.0,64.0,25.02734,0.19127846
2020-01-15T00:00:00Z,0.0,20.0,66.0,25.216341,0.13182259
2020-01-15T00:00:00Z,0.0,20.0,68.0,25.38307,0.035800934
2020-01-15T00:00:00Z,0.0,20.0,70.0,25.442392,-0.06093979
2020-01-15T00:00:00Z,0.0,20.0,72.0,25.536367,-0.14065933
2020-01-15T00:00:00Z,0.0,20.0,74.0,NaN,NaN
2020-01-15T00:00:00Z,0.0,20.0,76.0,NaN,NaN
2020-01-15T00:00:00Z,0.0,22.0,56.0,NaN,NaN
2020-01-15T00:00:00Z,0.0,22.0,58.0,NaN,NaN
2020-01-15T00:00:00Z,0.0,22.0,60.0,24.562387,0.34342766
2020-01-15T00:00:00Z,0.0,22.0,62.0,24.616028,0.3069458
2020-01-15T00:00:00Z,0.0,22.0,64.0,24.676144,0.24076843
2020-01-15T00:00:00Z,0.0,22.0,66.0,24.677736,0.13959122
2020-01-15T00:00:00Z,0.0,22.0,68.0,24.598175,8.983612E-4
2020-01-15T00:00:00Z,0.0,22.0,70.0,24.645704,-0.12285805
2020-01-15T00:00:00Z,0.0,22.0,72.0,NaN,NaN
2020-01-15T00:00:00Z,0.0,22.0,74.0,NaN,NaN
2020-01-15T00:00:00Z,0.0,22.0,76.0,NaN,NaN
2020-01-15T00:00:00Z,0.0,24.0,56.0,NaN,NaN
2020-01-15T00:00:00Z,0.0,24.0,58.0,NaN,NaN
2020-01-15T00:00:00Z,0.0,24.0,60.0,24.269611,0.41135216
2020-01-15T00:00:00Z,0.0,24.0,62.0,24.358059,0.36462593
2020-01-15T00:00:00Z,0.0,24.0,64.0,24.35418,0.27735138
2020-01-15T00:00:00Z,0.0,24.0,66.0,24.229343,0.15890121
2020-01-15T00:00:00Z,0.0,24.0,68.0,24.147228,0.02137947
2020-01-15T00:00:00Z,0.0,24.0,70.0,NaN,NaN
2020-01-15T00:00:00Z,0.0,24.0,72.0,NaN,NaN
2020-01-15T00:00:00Z,0.0,24.0,74.0,NaN,NaN
2020-01-15T00:00:00Z,0.0,24.0,76.0,NaN,NaN
2020-01-15T00:00:00Z,0.0,26.0,56.0,23.565252,0.38817024
2020-01-15T00:00:00Z,0.0,26.0,58.0,23.973412,0.44425964
2020-01-15T00:00:00Z,0.0,26.0,60.0,24.069921,0.40404892
2020-01-15T00:00:00Z,0.0,26.0,62.0,NaN,NaN
2020-01-15T00:00:00Z,0.0,26.0,64.0,24.136398,0.25818443
2020-01-15T00:00:00Z,0.0,26.0,66.0,24.043806,0.19263077
2020-01-15T00:00:00Z,0.0,26.0,68.0,NaN,NaN
2020-01-15T00:00:00Z,0.0,26.0,70.0,NaN,NaN
2020-01-15T00:00:00Z,0.0,26.0,72.0,NaN,NaN
2020-01-15T00:00:00Z,0.0,26.0,74.0,NaN,NaN
2020-01-15T00:00:00Z,0.0,26.0,76.0,NaN,NaN
2020-02-15T00:00:00Z,0.0,8.0,56.0,27.319792,0.2898941
2020-02-15T00:00:00Z,0.0,8.0,58.0,27.529469,0.3293438
2020-02-15T00:00:00Z,0.0,8.0,60.0,27.746092,0.36180305
2020-02-15T00:00:00Z,0.0,8.0,62.0,27.980673,0.38586235
2020-02-15T00:00:00Z,0.0,8.0,64.0,28.207905,0.39128113
2020-02-15T00:00:00Z,0.0,8.0,66.0,28.419813,0.39817047
2020-02-15T00:00:00Z,0.0,8.0,68.0,28.58254,0.3888111
2020-02-15T00:00:00Z,0.0,8.0,70.0,28.669167,0.35112572
2020-02-15T00:00:00Z,0.0,8.0,72.0,28.763643,0.38289452
2020-02-15T00:00:00Z,0.0,8.0,74.0,28.812473,0.4280758
2020-02-15T00:00:00Z,0.0,8.0,76.0,28.775574,0.48425865
2020-02-15T00:00:00Z,0.0,10.0,56.0,26.64476,0.10044861
2020-02-15T00:00:00Z,0.0,10.0,58.0,26.835848,0.16820145
2020-02-15T00:00:00Z,0.0,10.0,60.0,27.042404,0.22623825
2020-02-15T00:00:00Z,0.0,10.0,62.0,27.2993,0.27407074
2020-02-15T00:00:00Z,0.0,10.0,64.0,27.597893,0.29618645
2020-02-15T00:00:00Z,0.0,10.0,66.0,27.909187,0.31033325
2020-02-15T00:00:00Z,0.0,10.0,68.0,28.178307,0.30820274
2020-02-15T00:00:00Z,0.0,10.0,70.0,28.370193,0.27281952
2020-02-15T00:00:00Z,0.0,10.0,72.0,28.557335,0.29239845
2020-02-15T00:00:00Z,0.0,10.0,74.0,28.706707,0.34464264
2020-02-15T00:00:00Z,0.0,10.0,76.0,28.771324,0.40559196
2020-02-15T00:00:00Z,0.0,12.0,56.0,26.007843,-0.02790451
2020-02-15T00:00:00Z,0.0,12.0,58.0,26.160374,0.042686462
2020-02-15T00:00:00Z,0.0,12.0,60.0,26.342327,0.11705589
2020-02-15T00:00:00Z,0.0,12.0,62.0,26.592525,0.1828804
2020-02-15T00:00:00Z,0.0,12.0,64.0,26.93414,0.2208271
2020-02-15T00:00:00Z,0.0,12.0,66.0,27.31082,0.2224865
2020-02-15T00:00:00Z,0.0,12.0,68.0,27.6718,0.2159481
2020-02-15T00:00:00Z,0.0,12.0,70.0,27.972658,0.19107628
2020-02-15T00:00:00Z,0.0,12.0,72.0,28.255867,0.20866013
2020-02-15T00:00:00Z,0.0,12.0,74.0,28.497623,0.2586174
2020-02-15T00:00:00Z,0.0,12.0,76.0,28.675642,0.32121658
2020-02-15T00:00:00Z,0.0,14.0,56.0,25.488695,-0.08630562
2020-02-15T00:00:00Z,0.0,14.0,58.0,25.59718,-0.03611183
2020-02-15T00:00:00Z,0.0,14.0,60.0,25.76587,0.045972824
2020-02-15T00:00:00Z,0.0,14.0,62.0,25.989634,0.12330055
2020-02-15T00:00:00Z,0.0,14.0,64.0,26.313257,0.16617393
2020-02-15T00:00:00Z,0.0,14.0,66.0,26.72416,0.16786766
2020-02-15T00:00:00Z,0.0,14.0,68.0,27.164486,0.1577568
2020-02-15T00:00:00Z,0.0,14.0,70.0,27.561262,0.14338875
2020-02-15T00:00:00Z,0.0,14.0,72.0,27.908497,0.15545464
2020-02-15T00:00:00Z,0.0,14.0,74.0,28.183706,0.2006588
2020-02-15T00:00:00Z,0.0,14.0,76.0,NaN,NaN
2020-02-15T00:00:00Z,0.0,16.0,56.0,25.08377,-0.107349396
2020-02-15T00:00:00Z,0.0,16.0,58.0,25.136274,-0.07676697
2020-02-15T00:00:00Z,0.0,16.0,60.0,25.302946,-5.531311E-5
2020-02-15T00:00:00Z,0.0,16.0,62.0,25.500498,0.074329376
2020-02-15T00:00:00Z,0.0,16.0,64.0,25.7687,0.11522102
2020-02-15T00:00:00Z,0.0,16.0,66.0,26.1827,0.12951088
2020-02-15T00:00:00Z,0.0,16.0,68.0,26.678333,0.12881088
2020-02-15T00:00:00Z,0.0,16.0,70.0,27.092333,0.12022972
2020-02-15T00:00:00Z,0.0,16.0,72.0,27.418907,0.11478996
2020-02-15T00:00:00Z,0.0,16.0,74.0,27.776396,0.17201614
2020-02-15T00:00:00Z,0.0,16.0,76.0,NaN,NaN
2020-02-15T00:00:00Z,0.0,18.0,56.0,24.799742,-0.10078621
2020-02-15T00:00:00Z,0.0,18.0,58.0,24.768616,-0.06982994
2020-02-15T00:00:00Z,0.0,18.0,60.0,24.894848,-0.011966705
2020-02-15T00:00:00Z,0.0,18.0,62.0,25.058891,0.044828415
2020-02-15T00:00:00Z,0.0,18.0,64.0,25.279093,0.08265495
2020-02-15T00:00:00Z,0.0,18.0,66.0,25.663088,0.10954666
2020-02-15T00:00:00Z,0.0,18.0,68.0,26.110596,0.109220505
2020-02-15T00:00:00Z,0.0,18.0,70.0,26.373426,0.08278084
2020-02-15T00:00:00Z,0.0,18.0,72.0,26.468739,0.05216217
2020-02-15T00:00:00Z,0.0,18.0,74.0,NaN,NaN
2020-02-15T00:00:00Z,0.0,18.0,76.0,NaN,NaN
2020-02-15T00:00:00Z,0.0,20.0,56.0,NaN,NaN
2020-02-15T00:00:00Z,0.0,20.0,58.0,24.530893,-0.017004013
2020-02-15T00:00:00Z,0.0,20.0,60.0,24.523003,0.02306366
2020-02-15T00:00:00Z,0.0,20.0,62.0,24.619741,0.056282043
2020-02-15T00:00:00Z,0.0,20.0,64.0,24.80571,0.08991814
2020-02-15T00:00:00Z,0.0,20.0,66.0,25.082485,0.1049633
2020-02-15T00:00:00Z,0.0,20.0,68.0,25.321016,0.07818413
2020-02-15T00:00:00Z,0.0,20.0,70.0,25.393759,0.024389267
2020-02-15T00:00:00Z,0.0,20.0,72.0,25.474998,-0.037298203
2020-02-15T00:00:00Z,0.0,20.0,74.0,NaN,NaN
2020-02-15T00:00:00Z,0.0,20.0,76.0,NaN,NaN
2020-02-15T00:00:00Z,0.0,22.0,56.0,NaN,NaN
2020-02-15T00:00:00Z,0.0,22.0,58.0,NaN,NaN
2020-02-15T00:00:00Z,0.0,22.0,60.0,24.091366,0.08188629
2020-02-15T00:00:00Z,0.0,22.0,62.0,24.173538,0.10824585
2020-02-15T00:00:00Z,0.0,22.0,64.0,24.311161,0.13237
2020-02-15T00:00:00Z,0.0,22.0,66.0,24.429163,0.11924744
2020-02-15T00:00:00Z,0.0,22.0,68.0,24.45941,0.049528122
2020-02-15T00:00:00Z,0.0,22.0,70.0,24.571665,-0.026723862
2020-02-15T00:00:00Z,0.0,22.0,72.0,NaN,NaN
2020-02-15T00:00:00Z,0.0,22.0,74.0,NaN,NaN
2020-02-15T00:00:00Z,0.0,22.0,76.0,NaN,NaN
2020-02-15T00:00:00Z,0.0,24.0,56.0,NaN,NaN
2020-02-15T00:00:00Z,0.0,24.0,58.0,NaN,NaN
2020-02-15T00:00:00Z,0.0,24.0,60.0,23.628876,0.106313705
2020-02-15T00:00:00Z,0.0,24.0,62.0,23.777283,0.14712334
2020-02-15T00:00:00Z,0.0,24.0,64.0,23.863882,0.17331123
2020-02-15T00:00:00Z,0.0,24.0,66.0,23.850752,0.12707329
2020-02-15T00:00:00Z,0.0,24.0,68.0,23.892889,0.041225433
2020-02-15T00:00:00Z,0.0,24.0,70.0,NaN,NaN
2020-02-15T00:00:00Z,0.0,24.0,72.0,NaN,NaN
2020-02-15T00:00:00Z,0.0,24.0,74.0,NaN,NaN
2020-02-15T00:00:00Z,0.0,24.0,76.0,NaN,NaN
2020-02-15T00:00:00Z,0.0,26.0,56.0,22.42822,-0.01627922
2020-02-15T00:00:00Z,0.0,26.0,58.0,23.089659,0.06510353
2020-02-15T00:00:00Z,0.0,26.0,60.0,23.32541,0.0629673
2020-02-15T00:00:00Z,0.0,26.0,62.0,NaN,NaN
2020-02-15T00:00:00Z,0.0,26.0,64.0,23.604946,0.18124008
2020-02-15T00:00:00Z,0.0,26.0,66.0,23.579216,0.15525246
2020-02-15T00:00:00Z,0.0,26.0,68.0,NaN,NaN
2020-02-15T00:00:00Z,0.0,26.0,70.0,NaN,NaN
2020-02-15T00:00:00Z,0.0,26.0,72.0,NaN,NaN
2020-02-15T00:00:00Z,0.0,26.0,74.0,NaN,NaN
2020-02-15T00:00:00Z,0.0,26.0,76.0,NaN,NaN
2020-03-15T00:00:00Z,0.0,8.0,56.0,28.32773,0.33148003
2020-03-15T00:00:00Z,0.0,8.0,58.0,28.507484,0.4038391
2020-03-15T00:00:00Z,0.0,8.0,60.0,28.68661,0.44392204
2020-03-15T00:00:00Z,0.0,8.0,62.0,28.870258,0.45765495
2020-03-15T00:00:00Z,0.0,8.0,64.0,29.03852,0.44944
2020-03-15T00:00:00Z,0.0,8.0,66.0,29.210442,0.45298386
2020-03-15T00:00:00Z,0.0,8.0,68.0,29.369377,0.45596123
2020-03-15T00:00:00Z,0.0,8.0,70.0,29.485407,0.4470749
2020-03-15T00:00:00Z,0.0,8.0,72.0,29.64374,0.5226574
2020-03-15T00:00:00Z,0.0,8.0,74.0,29.791592,0.62257004
2020-03-15T00:00:00Z,0.0,8.0,76.0,29.864794,0.72841835
2020-03-15T00:00:00Z,0.0,10.0,56.0,27.8056,0.22511864
2020-03-15T00:00:00Z,0.0,10.0,58.0,27.961782,0.31463623
2020-03-15T00:00:00Z,0.0,10.0,60.0,28.121555,0.36370277
2020-03-15T00:00:00Z,0.0,10.0,62.0,28.31875,0.38306618
2020-03-15T00:00:00Z,0.0,10.0,64.0,28.542831,0.37666702
2020-03-15T00:00:00Z,0.0,10.0,66.0,28.781424,0.377779
2020-03-15T00:00:00Z,0.0,10.0,68.0,29.000395,0.3793335
2020-03-15T00:00:00Z,0.0,10.0,70.0,29.176481,0.36158752
2020-03-15T00:00:00Z,0.0,10.0,72.0,29.399885,0.41842842
2020-03-15T00:00:00Z,0.0,10.0,74.0,29.635403,0.51651
2020-03-15T00:00:00Z,0.0,10.0,76.0,29.799313,0.6178131
2020-03-15T00:00:00Z,0.0,12.0,56.0,27.314512,0.14292717
2020-03-15T00:00:00Z,0.0,12.0,58.0,27.437128,0.22396278
2020-03-15T00:00:00Z,0.0,12.0,60.0,27.568336,0.2818184
2020-03-15T00:00:00Z,0.0,12.0,62.0,27.756876,0.3154812
2020-03-15T00:00:00Z,0.0,12.0,64.0,28.0163,0.32253075
2020-03-15T00:00:00Z,0.0,12.0,66.0,28.286983,0.30723572
2020-03-15T00:00:00Z,0.0,12.0,68.0,28.538565,0.29698372
2020-03-15T00:00:00Z,0.0,12.0,70.0,28.768057,0.28272438
2020-03-15T00:00:00Z,0.0,12.0,72.0,29.048512,0.32413673
2020-03-15T00:00:00Z,0.0,12.0,74.0,29.358614,0.40971375
2020-03-15T00:00:00Z,0.0,12.0,76.0,29.620749,0.5052948
2020-03-15T00:00:00Z,0.0,14.0,56.0,26.843689,0.073020935
2020-03-15T00:00:00Z,0.0,14.0,58.0,26.93789,0.13061905
2020-03-15T00:00:00Z,0.0,14.0,60.0,27.076937,0.20945549
2020-03-15T00:00:00Z,0.0,14.0,62.0,27.248665,0.2602253
2020-03-15T00:00:00Z,0.0,14.0,64.0,27.496569,0.27763176
2020-03-15T00:00:00Z,0.0,14.0,66.0,27.784874,0.26316452
2020-03-15T00:00:00Z,0.0,14.0,68.0,28.07443,0.25013924
2020-03-15T00:00:00Z,0.0,14.0,70.0,28.35254,0.24472618
2020-03-15T00:00:00Z,0.0,14.0,72.0,28.659718,0.27111053
2020-03-15T00:00:00Z,0.0,14.0,74.0,28.967869,0.3373394
2020-03-15T00:00:00Z,0.0,14.0,76.0,NaN,NaN
2020-03-15T00:00:00Z,0.0,16.0,56.0,26.37845,0.0076293945
2020-03-15T00:00:00Z,0.0,16.0,58.0,26.425219,0.04490471
2020-03-15T00:00:00Z,0.0,16.0,60.0,26.59206,0.13001633
2020-03-15T00:00:00Z,0.0,16.0,62.0,26.774399,0.19671059
2020-03-15T00:00:00Z,0.0,16.0,64.0,26.98888,0.22069359
2020-03-15T00:00:00Z,0.0,16.0,66.0,27.283123,0.22551918
2020-03-15T00:00:00Z,0.0,16.0,68.0,27.60974,0.2286148
2020-03-15T00:00:00Z,0.0,16.0,70.0,27.882977,0.23312378
2020-03-15T00:00:00Z,0.0,16.0,72.0,28.15292,0.24143982
2020-03-15T00:00:00Z,0.0,16.0,74.0,28.51947,0.31185722
2020-03-15T00:00:00Z,0.0,16.0,76.0,NaN,NaN
2020-03-15T00:00:00Z,0.0,18.0,56.0,25.987003,-0.031414032
2020-03-15T00:00:00Z,0.0,18.0,58.0,25.937555,0.0035209656
2020-03-15T00:00:00Z,0.0,18.0,60.0,26.086271,0.07093811
2020-03-15T00:00:00Z,0.0,18.0,62.0,26.284658,0.13890839
2020-03-15T00:00:00Z,0.0,18.0,64.0,26.488886,0.17388725
2020-03-15T00:00:00Z,0.0,18.0,66.0,26.767054,0.19345093
2020-03-15T00:00:00Z,0.0,18.0,68.0,27.05403,0.20044899
2020-03-15T00:00:00Z,0.0,18.0,70.0,27.194616,0.1959095
2020-03-15T00:00:00Z,0.0,18.0,72.0,27.254179,0.1901989
2020-03-15T00:00:00Z,0.0,18.0,74.0,NaN,NaN
2020-03-15T00:00:00Z,0.0,18.0,76.0,NaN,NaN
2020-03-15T00:00:00Z,0.0,20.0,56.0,NaN,NaN
2020-03-15T00:00:00Z,0.0,20.0,58.0,25.603867,0.024339676
2020-03-15T00:00:00Z,0.0,20.0,60.0,25.61336,0.07345581
2020-03-15T00:00:00Z,0.0,20.0,62.0,25.76357,0.12413216
2020-03-15T00:00:00Z,0.0,20.0,64.0,25.963968,0.16426277
2020-03-15T00:00:00Z,0.0,20.0,66.0,26.17306,0.16920662
2020-03-15T00:00:00Z,0.0,20.0,68.0,26.313381,0.14679909
2020-03-15T00:00:00Z,0.0,20.0,70.0,26.321741,0.12238884
2020-03-15T00:00:00Z,0.0,20.0,72.0,26.368876,0.09915352
2020-03-15T00:00:00Z,0.0,20.0,74.0,NaN,NaN
2020-03-15T00:00:00Z,0.0,20.0,76.0,NaN,NaN
2020-03-15T00:00:00Z,0.0,22.0,56.0,NaN,NaN
2020-03-15T00:00:00Z,0.0,22.0,58.0,NaN,NaN
2020-03-15T00:00:00Z,0.0,22.0,60.0,25.110054,0.11996269
2020-03-15T00:00:00Z,0.0,22.0,62.0,25.22929,0.16226959
2020-03-15T00:00:00Z,0.0,22.0,64.0,25.385216,0.18998718
2020-03-15T00:00:00Z,0.0,22.0,66.0,25.494883,0.16761589
2020-03-15T00:00:00Z,0.0,22.0,68.0,25.52161,0.099666595
2020-03-15T00:00:00Z,0.0,22.0,70.0,25.614496,0.049570084
2020-03-15T00:00:00Z,0.0,22.0,72.0,NaN,NaN
2020-03-15T00:00:00Z,0.0,22.0,74.0,NaN,NaN
2020-03-15T00:00:00Z,0.0,22.0,76.0,NaN,NaN
2020-03-15T00:00:00Z,0.0,24.0,56.0,NaN,NaN
2020-03-15T00:00:00Z,0.0,24.0,58.0,NaN,NaN
2020-03-15T00:00:00Z,0.0,24.0,60.0,24.564226,0.12056351
2020-03-15T00:00:00Z,0.0,24.0,62.0,24.75608,0.18972588
2020-03-15T00:00:00Z,0.0,24.0,64.0,24.85766,0.2220707
2020-03-15T00:00:00Z,0.0,24.0,66.0,24.871365,0.16547203
2020-03-15T00:00:00Z,0.0,24.0,68.0,24.957731,0.07669449
2020-03-15T00:00:00Z,0.0,24.0,70.0,NaN,NaN
2020-03-15T00:00:00Z,0.0,24.0,72.0,NaN,NaN
2020-03-15T00:00:00Z,0.0,24.0,74.0,NaN,NaN
2020-03-15T00:00:00Z,0.0,24.0,76.0,NaN,NaN
2020-03-15T00:00:00Z,0.0,26.0,56.0,22.880348,-0.15340042
2020-03-15T00:00:00Z,0.0,26.0,58.0,23.780325,4.4822693E-4
2020-03-15T00:00:00Z,0.0,26.0,60.0,24.19425,0.061674118
2020-03-15T00:00:00Z,0.0,26.0,62.0,NaN,NaN
2020-03-15T00:00:00Z,0.0,26.0,64.0,24.561129,0.22975922
2020-03-15T00:00:00Z,0.0,26.0,66.0,24.551085,0.1898632
2020-03-15T00:00:00Z,0.0,26.0,68.0,NaN,NaN
2020-03-15T00:00:00Z,0.0,26.0,70.0,NaN,NaN
2020-03-15T00:00:00Z,0.0,26.0,72.0,NaN,NaN
2020-03-15T00:00:00Z,0.0,26.0,74.0,NaN,NaN
2020-03-15T00:00:00Z,0.0,26.0,76.0,NaN,NaN
2020-04-15T00:00:00Z,0.0,8.0,56.0,29.88886,0.51942635
2020-04-15T00:00:00Z,0.0,8.0,58.0,29.9795,0.5491886
2020-04-15T00:00:00Z,0.0,8.0,60.0,30.080055,0.5881386
2020-04-15T00:00:00Z,0.0,8.0,62.0,30.17429,0.607914
2020-04-15T00:00:00Z,0.0,8.0,64.0,30.250877,0.59835815
2020-04-15T00:00:00Z,0.0,8.0,66.0,30.357347,0.60826683
2020-04-15T00:00:00Z,0.0,8.0,68.0,30.477568,0.63267326
2020-04-15T00:00:00Z,0.0,8.0,70.0,30.577667,0.6589813
2020-04-15T00:00:00Z,0.0,8.0,72.0,30.729467,0.7687168
2020-04-15T00:00:00Z,0.0,8.0,74.0,30.858332,0.8882694
2020-04-15T00:00:00Z,0.0,8.0,76.0,30.903975,0.9970932
2020-04-15T00:00:00Z,0.0,10.0,56.0,29.6745,0.5387707
2020-04-15T00:00:00Z,0.0,10.0,58.0,29.761948,0.5879688
2020-04-15T00:00:00Z,0.0,10.0,60.0,29.840643,0.61985016
2020-04-15T00:00:00Z,0.0,10.0,62.0,29.924496,0.62501526
2020-04-15T00:00:00Z,0.0,10.0,64.0,30.011929,0.60399246
2020-04-15T00:00:00Z,0.0,10.0,66.0,30.121014,0.59080505
2020-04-15T00:00:00Z,0.0,10.0,68.0,30.243994,0.5913887
2020-04-15T00:00:00Z,0.0,10.0,70.0,30.36859,0.59786034
2020-04-15T00:00:00Z,0.0,10.0,72.0,30.569546,0.69338036
2020-04-15T00:00:00Z,0.0,10.0,74.0,30.79018,0.82847214
2020-04-15T00:00:00Z,0.0,10.0,76.0,30.929153,0.93862724
2020-04-15T00:00:00Z,0.0,12.0,56.0,29.512177,0.60388374
2020-04-15T00:00:00Z,0.0,12.0,58.0,29.596853,0.67118645
2020-04-15T00:00:00Z,0.0,12.0,60.0,29.64888,0.7021713
2020-04-15T00:00:00Z,0.0,12.0,62.0,29.709091,0.70005035
2020-04-15T00:00:00Z,0.0,12.0,64.0,29.793915,0.6742077
2020-04-15T00:00:00Z,0.0,12.0,66.0,29.877745,0.63032913
2020-04-15T00:00:00Z,0.0,12.0,68.0,29.971895,0.6014576
2020-04-15T00:00:00Z,0.0,12.0,70.0,30.095148,0.58781433
2020-04-15T00:00:00Z,0.0,12.0,72.0,30.324318,0.6576309
2020-04-15T00:00:00Z,0.0,12.0,74.0,30.603394,0.77022743
2020-04-15T00:00:00Z,0.0,12.0,76.0,30.83633,0.8739414
2020-04-15T00:00:00Z,0.0,14.0,56.0,29.285755,0.65779686
2020-04-15T00:00:00Z,0.0,14.0,58.0,29.37388,0.73700523
2020-04-15T00:00:00Z,0.0,14.0,60.0,29.451132,0.7967167
2020-04-15T00:00:00Z,0.0,14.0,62.0,29.513018,0.8094349
2020-04-15T00:00:00Z,0.0,14.0,64.0,29.586395,0.78468704
2020-04-15T00:00:00Z,0.0,14.0,66.0,29.652275,0.7274437
2020-04-15T00:00:00Z,0.0,14.0,68.0,29.723618,0.67430496
2020-04-15T00:00:00Z,0.0,14.0,70.0,29.8345,0.64079094
2020-04-15T00:00:00Z,0.0,14.0,72.0,30.041368,0.663805
2020-04-15T00:00:00Z,0.0,14.0,74.0,30.294514,0.73447037
2020-04-15T00:00:00Z,0.0,14.0,76.0,NaN,NaN
2020-04-15T00:00:00Z,0.0,16.0,56.0,28.89071,0.6534958
2020-04-15T00:00:00Z,0.0,16.0,58.0,28.961798,0.742609
2020-04-15T00:00:00Z,0.0,16.0,60.0,29.116985,0.8417568
2020-04-15T00:00:00Z,0.0,16.0,62.0,29.243515,0.8933487
2020-04-15T00:00:00Z,0.0,16.0,64.0,29.319992,0.8803482
2020-04-15T00:00:00Z,0.0,16.0,66.0,29.386393,0.8321438
2020-04-15T00:00:00Z,0.0,16.0,68.0,29.45374,0.77176094
2020-04-15T00:00:00Z,0.0,16.0,70.0,29.524952,0.72011566
2020-04-15T00:00:00Z,0.0,16.0,72.0,29.667553,0.69262695
2020-04-15T00:00:00Z,0.0,16.0,74.0,29.943018,0.7385349
2020-04-15T00:00:00Z,0.0,16.0,76.0,NaN,NaN
2020-04-15T00:00:00Z,0.0,18.0,56.0,28.460436,0.6322212
2020-04-15T00:00:00Z,0.0,18.0,58.0,28.437641,0.7228203
2020-04-15T00:00:00Z,0.0,18.0,60.0,28.628729,0.83093834
2020-04-15T00:00:00Z,0.0,18.0,62.0,28.8371,0.9125595
2020-04-15T00:00:00Z,0.0,18.0,64.0,28.953093,0.92492676
2020-04-15T00:00:00Z,0.0,18.0,66.0,29.0308,0.89717484
2020-04-15T00:00:00Z,0.0,18.0,68.0,29.074184,0.84366226
2020-04-15T00:00:00Z,0.0,18.0,70.0,29.053541,0.790081
2020-04-15T00:00:00Z,0.0,18.0,72.0,29.04088,0.74827003
2020-04-15T00:00:00Z,0.0,18.0,74.0,NaN,NaN
2020-04-15T00:00:00Z,0.0,18.0,76.0,NaN,NaN
2020-04-15T00:00:00Z,0.0,20.0,56.0,NaN,NaN
2020-04-15T00:00:00Z,0.0,20.0,58.0,28.072319,0.726984
2020-04-15T00:00:00Z,0.0,20.0,60.0,28.14116,0.8016243
2020-04-15T00:00:00Z,0.0,20.0,62.0,28.32287,0.86424637
2020-04-15T00:00:00Z,0.0,20.0,64.0,28.468727,0.89795685
2020-04-15T00:00:00Z,0.0,20.0,66.0,28.536152,0.8831711
2020-04-15T00:00:00Z,0.0,20.0,68.0,28.529968,0.8507786
2020-04-15T00:00:00Z,0.0,20.0,70.0,28.462603,0.82123375
2020-04-15T00:00:00Z,0.0,20.0,72.0,28.459044,0.7824402
2020-04-15T00:00:00Z,0.0,20.0,74.0,NaN,NaN
2020-04-15T00:00:00Z,0.0,20.0,76.0,NaN,NaN
2020-04-15T00:00:00Z,0.0,22.0,56.0,NaN,NaN
2020-04-15T00:00:00Z,0.0,22.0,58.0,NaN,NaN
2020-04-15T00:00:00Z,0.0,22.0,60.0,27.678177,0.7388096
2020-04-15T00:00:00Z,0.0,22.0,62.0,27.77267,0.7711067
2020-04-15T00:00:00Z,0.0,22.0,64.0,27.861433,0.79564095
2020-04-15T00:00:00Z,0.0,22.0,66.0,27.908508,0.80530167
2020-04-15T00:00:00Z,0.0,22.0,68.0,27.91183,0.79953194
2020-04-15T00:00:00Z,0.0,22.0,70.0,27.982038,0.8017311
2020-04-15T00:00:00Z,0.0,22.0,72.0,NaN,NaN
2020-04-15T00:00:00Z,0.0,22.0,74.0,NaN,NaN
2020-04-15T00:00:00Z,0.0,22.0,76.0,NaN,NaN
2020-04-15T00:00:00Z,0.0,24.0,56.0,NaN,NaN
2020-04-15T00:00:00Z,0.0,24.0,58.0,NaN,NaN
2020-04-15T00:00:00Z,0.0,24.0,60.0,27.160666,0.5764866
2020-04-15T00:00:00Z,0.0,24.0,62.0,27.272797,0.6516304
2020-04-15T00:00:00Z,0.0,24.0,64.0,27.27028,0.68208694
2020-04-15T00:00:00Z,0.0,24.0,66.0,27.266495,0.682148
2020-04-15T00:00:00Z,0.0,24.0,68.0,27.396929,0.7023182
2020-04-15T00:00:00Z,0.0,24.0,70.0,NaN,NaN
2020-04-15T00:00:00Z,0.0,24.0,72.0,NaN,NaN
2020-04-15T00:00:00Z,0.0,24.0,74.0,NaN,NaN
2020-04-15T00:00:00Z,0.0,24.0,76.0,NaN,NaN
2020-04-15T00:00:00Z,0.0,26.0,56.0,25.492767,0.19418335
2020-04-15T00:00:00Z,0.0,26.0,58.0,26.375912,0.33716202
2020-04-15T00:00:00Z,0.0,26.0,60.0,26.791576,0.42061424
2020-04-15T00:00:00Z,0.0,26.0,62.0,NaN,NaN
2020-04-15T00:00:00Z,0.0,26.0,64.0,26.8953,0.59768295
2020-04-15T00:00:00Z,0.0,26.0,66.0,26.891136,0.60614777
2020-04-15T00:00:00Z,0.0,26.0,68.0,NaN,NaN
2020-04-15T00:00:00Z,0.0,26.0,70.0,NaN,NaN
2020-04-15T00:00:00Z,0.0,26.0,72.0,NaN,NaN
2020-04-15T00:00:00Z,0.0,26.0,74.0,NaN,NaN
2020-04-15T00:00:00Z,0.0,26.0,76.0,NaN,NaN
2020-05-15T00:00:00Z,0.0,8.0,56.0,30.360046,0.7466736
2020-05-15T00:00:00Z,0.0,8.0,58.0,30.54246,0.74731445
2020-05-15T00:00:00Z,0.0,8.0,60.0,30.63614,0.74445534
2020-05-15T00:00:00Z,0.0,8.0,62.0,30.66343,0.7269516
2020-05-15T00:00:00Z,0.0,8.0,64.0,30.64683,0.6871624
2020-05-15T00:00:00Z,0.0,8.0,66.0,30.653904,0.6766739
2020-05-15T00:00:00Z,0.0,8.0,68.0,30.676031,0.68496895
2020-05-15T00:00:00Z,0.0,8.0,70.0,30.685795,0.6911926
2020-05-15T00:00:00Z,0.0,8.0,72.0,30.746557,0.7757244
2020-05-15T00:00:00Z,0.0,8.0,74.0,30.753542,0.8697071
2020-05-15T00:00:00Z,0.0,8.0,76.0,30.655056,0.95467186
2020-05-15T00:00:00Z,0.0,10.0,56.0,30.382833,0.8322277
2020-05-15T00:00:00Z,0.0,10.0,58.0,30.565321,0.84257126
2020-05-15T00:00:00Z,0.0,10.0,60.0,30.639114,0.8334484
2020-05-15T00:00:00Z,0.0,10.0,62.0,30.655325,0.80218124
2020-05-15T00:00:00Z,0.0,10.0,64.0,30.646261,0.7560139
2020-05-15T00:00:00Z,0.0,10.0,66.0,30.651272,0.7304802
2020-05-15T00:00:00Z,0.0,10.0,68.0,30.671616,0.721241
2020-05-15T00:00:00Z,0.0,10.0,70.0,30.697157,0.7135544
2020-05-15T00:00:00Z,0.0,10.0,72.0,30.778704,0.7806015
2020-05-15T00:00:00Z,0.0,10.0,74.0,30.833384,0.8740711
2020-05-15T00:00:00Z,0.0,10.0,76.0,30.809395,0.94678116
2020-05-15T00:00:00Z,0.0,12.0,56.0,30.553345,0.9490528
2020-05-15T00:00:00Z,0.0,12.0,58.0,30.662674,0.9765911
2020-05-15T00:00:00Z,0.0,12.0,60.0,30.69275,0.97250175
2020-05-15T00:00:00Z,0.0,12.0,62.0,30.69576,0.93626213
2020-05-15T00:00:00Z,0.0,12.0,64.0,30.697958,0.8898964
2020-05-15T00:00:00Z,0.0,12.0,66.0,30.688532,0.84122086
2020-05-15T00:00:00Z,0.0,12.0,68.0,30.688519,0.809248
2020-05-15T00:00:00Z,0.0,12.0,70.0,30.704624,0.7814369
2020-05-15T00:00:00Z,0.0,12.0,72.0,30.791382,0.82180023
2020-05-15T00:00:00Z,0.0,12.0,74.0,30.878403,0.8888416
2020-05-15T00:00:00Z,0.0,12.0,76.0,30.926159,0.94880104
2020-05-15T00:00:00Z,0.0,14.0,56.0,30.658195,1.0396118
2020-05-15T00:00:00Z,0.0,14.0,58.0,30.68383,1.0855179
2020-05-15T00:00:00Z,0.0,14.0,60.0,30.712921,1.1080894
2020-05-15T00:00:00Z,0.0,14.0,62.0,30.742222,1.0875969
2020-05-15T00:00:00Z,0.0,14.0,64.0,30.762917,1.0441475
2020-05-15T00:00:00Z,0.0,14.0,66.0,30.74864,0.9862251
2020-05-15T00:00:00Z,0.0,14.0,68.0,30.727596,0.9387207
2020-05-15T00:00:00Z,0.0,14.0,70.0,30.726404,0.8983822
2020-05-15T00:00:00Z,0.0,14.0,72.0,30.783056,0.89393044
2020-05-15T00:00:00Z,0.0,14.0,74.0,30.872108,0.92819405
2020-05-15T00:00:00Z,0.0,14.0,76.0,NaN,NaN
2020-05-15T00:00:00Z,0.0,16.0,56.0,30.434101,1.0582733
2020-05-15T00:00:00Z,0.0,16.0,58.0,30.424467,1.1203003
2020-05-15T00:00:00Z,0.0,16.0,60.0,30.542503,1.1776905
2020-05-15T00:00:00Z,0.0,16.0,62.0,30.67333,1.1918106
2020-05-15T00:00:00Z,0.0,16.0,64.0,30.736378,1.1603775
2020-05-15T00:00:00Z,0.0,16.0,66.0,30.73505,1.1111736
2020-05-15T00:00:00Z,0.0,16.0,68.0,30.70504,1.0607262
2020-05-15T00:00:00Z,0.0,16.0,70.0,30.672173,1.0075665
2020-05-15T00:00:00Z,0.0,16.0,72.0,30.686745,0.96058273
2020-05-15T00:00:00Z,0.0,16.0,74.0,30.808233,0.9834938
2020-05-15T00:00:00Z,0.0,16.0,76.0,NaN,NaN
2020-05-15T00:00:00Z,0.0,18.0,56.0,30.016003,1.0435581
2020-05-15T00:00:00Z,0.0,18.0,58.0,29.962988,1.1217937
2020-05-15T00:00:00Z,0.0,18.0,60.0,30.179392,1.2004757
2020-05-15T00:00:00Z,0.0,18.0,62.0,30.440561,1.2469769
2020-05-15T00:00:00Z,0.0,18.0,64.0,30.568386,1.2284927
2020-05-15T00:00:00Z,0.0,18.0,66.0,30.588182,1.1839123
2020-05-15T00:00:00Z,0.0,18.0,68.0,30.531746,1.1213264
2020-05-15T00:00:00Z,0.0,18.0,70.0,30.432549,1.0518799
2020-05-15T00:00:00Z,0.0,18.0,72.0,30.368628,0.9932785
2020-05-15T00:00:00Z,0.0,18.0,74.0,NaN,NaN
2020-05-15T00:00:00Z,0.0,18.0,76.0,NaN,NaN
2020-05-15T00:00:00Z,0.0,20.0,56.0,NaN,NaN
2020-05-15T00:00:00Z,0.0,20.0,58.0,29.700848,1.1421089
2020-05-15T00:00:00Z,0.0,20.0,60.0,29.897171,1.2237053
2020-05-15T00:00:00Z,0.0,20.0,62.0,30.165474,1.2690773
2020-05-15T00:00:00Z,0.0,20.0,64.0,30.30388,1.2519855
2020-05-15T00:00:00Z,0.0,20.0,66.0,30.297588,1.182003
2020-05-15T00:00:00Z,0.0,20.0,68.0,30.181997,1.0949745
2020-05-15T00:00:00Z,0.0,20.0,70.0,30.044626,1.0234146
2020-05-15T00:00:00Z,0.0,20.0,72.0,29.99799,0.967432
2020-05-15T00:00:00Z,0.0,20.0,74.0,NaN,NaN
2020-05-15T00:00:00Z,0.0,20.0,76.0,NaN,NaN
2020-05-15T00:00:00Z,0.0,22.0,56.0,NaN,NaN
2020-05-15T00:00:00Z,0.0,22.0,58.0,NaN,NaN
2020-05-15T00:00:00Z,0.0,22.0,60.0,29.923895,1.2232838
2020-05-15T00:00:00Z,0.0,22.0,62.0,30.00184,1.2377758
2020-05-15T00:00:00Z,0.0,22.0,64.0,29.990276,1.19561
2020-05-15T00:00:00Z,0.0,22.0,66.0,29.895893,1.1065178
2020-05-15T00:00:00Z,0.0,22.0,68.0,29.755709,1.0103645
2020-05-15T00:00:00Z,0.0,22.0,70.0,29.707489,0.95628166
2020-05-15T00:00:00Z,0.0,22.0,72.0,NaN,NaN
2020-05-15T00:00:00Z,0.0,22.0,74.0,NaN,NaN
2020-05-15T00:00:00Z,0.0,22.0,76.0,NaN,NaN
2020-05-15T00:00:00Z,0.0,24.0,56.0,NaN,NaN
2020-05-15T00:00:00Z,0.0,24.0,58.0,NaN,NaN
2020-05-15T00:00:00Z,0.0,24.0,60.0,30.044683,1.1135445
2020-05-15T00:00:00Z,0.0,24.0,62.0,29.90527,1.1394844
2020-05-15T00:00:00Z,0.0,24.0,64.0,29.649046,1.0763988
2020-05-15T00:00:00Z,0.0,24.0,66.0,29.458792,0.9758816
2020-05-15T00:00:00Z,0.0,24.0,68.0,29.403875,0.9052925
2020-05-15T00:00:00Z,0.0,24.0,70.0,NaN,NaN
2020-05-15T00:00:00Z,0.0,24.0,72.0,NaN,NaN
2020-05-15T00:00:00Z,0.0,24.0,74.0,NaN,NaN
2020-05-15T00:00:00Z,0.0,24.0,76.0,NaN,NaN
2020-05-15T00:00:00Z,0.0,26.0,56.0,29.300768,0.9146061
2020-05-15T00:00:00Z,0.0,26.0,58.0,29.926111,0.96253014
2020-05-15T00:00:00Z,0.0,26.0,60.0,30.076895,0.99326706
2020-05-15T00:00:00Z,0.0,26.0,62.0,NaN,NaN
2020-05-15T00:00:00Z,0.0,26.0,64.0,29.349333,0.95905304
2020-05-15T00:00:00Z,0.0,26.0,66.0,29.20738,0.89613914
2020-05-15T00:00:00Z,0.0,26.0,68.0,NaN,NaN
2020-05-15T00:00:00Z,0.0,26.0,70.0,NaN,NaN
2020-05-15T00:00:00Z,0.0,26.0,72.0,NaN,NaN
2020-05-15T00:00:00Z,0.0,26.0,74.0,NaN,NaN
2020-05-15T00:00:00Z,0.0,26.0,76.0,NaN,NaN
2020-06-15T00:00:00Z,0.0,8.0,56.0,28.573769,0.5605602
2020-06-15T00:00:00Z,0.0,8.0,58.0,29.109133,0.6404667
2020-06-15T00:00:00Z,0.0,8.0,60.0,29.503235,0.7116318
2020-06-15T00:00:00Z,0.0,8.0,62.0,29.751337,0.7560444
2020-06-15T00:00:00Z,0.0,8.0,64.0,29.876175,0.7590904
2020-06-15T00:00:00Z,0.0,8.0,66.0,29.946482,0.76893806
2020-06-15T00:00:00Z,0.0,8.0,68.0,29.978584,0.78079224
2020-06-15T00:00:00Z,0.0,8.0,70.0,29.973288,0.7848301
2020-06-15T00:00:00Z,0.0,8.0,72.0,29.981232,0.86291885
2020-06-15T00:00:00Z,0.0,8.0,74.0,29.871004,0.9471302
2020-06-15T00:00:00Z,0.0,8.0,76.0,29.630877,1.0256329
2020-06-15T00:00:00Z,0.0,10.0,56.0,28.469906,0.6382408
2020-06-15T00:00:00Z,0.0,10.0,58.0,29.000444,0.7096329
2020-06-15T00:00:00Z,0.0,10.0,60.0,29.351734,0.7482147
2020-06-15T00:00:00Z,0.0,10.0,62.0,29.591545,0.7631912
2020-06-15T00:00:00Z,0.0,10.0,64.0,29.753693,0.7532768
2020-06-15T00:00:00Z,0.0,10.0,66.0,29.860628,0.74967
2020-06-15T00:00:00Z,0.0,10.0,68.0,29.92028,0.75032043
2020-06-15T00:00:00Z,0.0,10.0,70.0,29.929276,0.74531555
2020-06-15T00:00:00Z,0.0,10.0,72.0,29.930752,0.81550217
2020-06-15T00:00:00Z,0.0,10.0,74.0,29.838797,0.9150257
2020-06-15T00:00:00Z,0.0,10.0,76.0,29.677864,0.9979973
2020-06-15T00:00:00Z,0.0,12.0,56.0,28.687094,0.7283001
2020-06-15T00:00:00Z,0.0,12.0,58.0,29.041441,0.7989826
2020-06-15T00:00:00Z,0.0,12.0,60.0,29.30242,0.8233566
2020-06-15T00:00:00Z,0.0,12.0,62.0,29.531822,0.8161354
2020-06-15T00:00:00Z,0.0,12.0,64.0,29.738644,0.8011017
2020-06-15T00:00:00Z,0.0,12.0,66.0,29.867558,0.7738266
2020-06-15T00:00:00Z,0.0,12.0,68.0,29.939041,0.7576237
2020-06-15T00:00:00Z,0.0,12.0,70.0,29.961246,0.74864197
2020-06-15T00:00:00Z,0.0,12.0,72.0,29.979076,0.8097229
2020-06-15T00:00:00Z,0.0,12.0,74.0,29.931593,0.9044342
2020-06-15T00:00:00Z,0.0,12.0,76.0,29.842182,0.9856911
2020-06-15T00:00:00Z,0.0,14.0,56.0,28.98174,0.78759575
2020-06-15T00:00:00Z,0.0,14.0,58.0,29.118744,0.8557224
2020-06-15T00:00:00Z,0.0,14.0,60.0,29.34108,0.897995
2020-06-15T00:00:00Z,0.0,14.0,62.0,29.611338,0.8979168
2020-06-15T00:00:00Z,0.0,14.0,64.0,29.858206,0.8817272
2020-06-15T00:00:00Z,0.0,14.0,66.0,29.990734,0.84233856
2020-06-15T00:00:00Z,0.0,14.0,68.0,30.039272,0.80662537
2020-06-15T00:00:00Z,0.0,14.0,70.0,30.055948,0.78946877
2020-06-15T00:00:00Z,0.0,14.0,72.0,30.088041,0.8266468
2020-06-15T00:00:00Z,0.0,14.0,74.0,30.109299,0.90270233
2020-06-15T00:00:00Z,0.0,14.0,76.0,NaN,NaN
2020-06-15T00:00:00Z,0.0,16.0,56.0,28.930155,0.7830372
2020-06-15T00:00:00Z,0.0,16.0,58.0,29.00662,0.8489933
2020-06-15T00:00:00Z,0.0,16.0,60.0,29.33802,0.9197483
2020-06-15T00:00:00Z,0.0,16.0,62.0,29.747028,0.95606804
2020-06-15T00:00:00Z,0.0,16.0,64.0,30.046583,0.9483738
2020-06-15T00:00:00Z,0.0,16.0,66.0,30.1762,0.91215897
2020-06-15T00:00:00Z,0.0,16.0,68.0,30.191164,0.86597824
2020-06-15T00:00:00Z,0.0,16.0,70.0,30.187326,0.8366604
2020-06-15T00:00:00Z,0.0,16.0,72.0,30.206146,0.8363972
2020-06-15T00:00:00Z,0.0,16.0,74.0,30.26231,0.9072552
2020-06-15T00:00:00Z,0.0,16.0,76.0,NaN,NaN
2020-06-15T00:00:00Z,0.0,18.0,56.0,28.623861,0.74705505
2020-06-15T00:00:00Z,0.0,18.0,58.0,28.708866,0.8128586
2020-06-15T00:00:00Z,0.0,18.0,60.0,29.189104,0.8924999
2020-06-15T00:00:00Z,0.0,18.0,62.0,29.770914,0.9625187
2020-06-15T00:00:00Z,0.0,18.0,64.0,30.165613,0.97665596
2020-06-15T00:00:00Z,0.0,18.0,66.0,30.330832,0.95012474
2020-06-15T00:00:00Z,0.0,18.0,68.0,30.332952,0.90111923
2020-06-15T00:00:00Z,0.0,18.0,70.0,30.297075,0.8590126
2020-06-15T00:00:00Z,0.0,18.0,72.0,30.288013,0.8354931
2020-06-15T00:00:00Z,0.0,18.0,74.0,NaN,NaN
2020-06-15T00:00:00Z,0.0,18.0,76.0,NaN,NaN
2020-06-15T00:00:00Z,0.0,20.0,56.0,NaN,NaN
2020-06-15T00:00:00Z,0.0,20.0,58.0,28.67117,0.79227257
2020-06-15T00:00:00Z,0.0,20.0,60.0,29.165247,0.85974693
2020-06-15T00:00:00Z,0.0,20.0,62.0,29.74422,0.92178345
2020-06-15T00:00:00Z,0.0,20.0,64.0,30.171944,0.9552784
2020-06-15T00:00:00Z,0.0,20.0,66.0,30.382257,0.93906975
2020-06-15T00:00:00Z,0.0,20.0,68.0,30.382519,0.8937664
2020-06-15T00:00:00Z,0.0,20.0,70.0,30.318962,0.8503151
2020-06-15T00:00:00Z,0.0,20.0,72.0,30.282557,0.810833
2020-06-15T00:00:00Z,0.0,20.0,74.0,NaN,NaN
2020-06-15T00:00:00Z,0.0,20.0,76.0,NaN,NaN
2020-06-15T00:00:00Z,0.0,22.0,56.0,NaN,NaN
2020-06-15T00:00:00Z,0.0,22.0,58.0,NaN,NaN
2020-06-15T00:00:00Z,0.0,22.0,60.0,29.775505,0.82704544
2020-06-15T00:00:00Z,0.0,22.0,62.0,29.988161,0.8589535
2020-06-15T00:00:00Z,0.0,22.0,64.0,30.190142,0.88160133
2020-06-15T00:00:00Z,0.0,22.0,66.0,30.331919,0.8810215
2020-06-15T00:00:00Z,0.0,22.0,68.0,30.316936,0.84913063
2020-06-15T00:00:00Z,0.0,22.0,70.0,30.272015,0.82313347
2020-06-15T00:00:00Z,0.0,22.0,72.0,NaN,NaN
2020-06-15T00:00:00Z,0.0,22.0,74.0,NaN,NaN
2020-06-15T00:00:00Z,0.0,22.0,76.0,NaN,NaN
2020-06-15T00:00:00Z,0.0,24.0,56.0,NaN,NaN
2020-06-15T00:00:00Z,0.0,24.0,58.0,NaN,NaN
2020-06-15T00:00:00Z,0.0,24.0,60.0,30.77275,0.76017
2020-06-15T00:00:00Z,0.0,24.0,62.0,30.435822,0.7878151
2020-06-15T00:00:00Z,0.0,24.0,64.0,30.21992,0.7893505
2020-06-15T00:00:00Z,0.0,24.0,66.0,30.191517,0.7763443
2020-06-15T00:00:00Z,0.0,24.0,68.0,30.188631,0.773798
2020-06-15T00:00:00Z,0.0,24.0,70.0,NaN,NaN
2020-06-15T00:00:00Z,0.0,24.0,72.0,NaN,NaN
2020-06-15T00:00:00Z,0.0,24.0,74.0,NaN,NaN
2020-06-15T00:00:00Z,0.0,24.0,76.0,NaN,NaN
2020-06-15T00:00:00Z,0.0,26.0,56.0,31.30423,0.47364426
2020-06-15T00:00:00Z,0.0,26.0,58.0,31.648561,0.6273098
2020-06-15T00:00:00Z,0.0,26.0,60.0,31.393637,0.6756401
2020-06-15T00:00:00Z,0.0,26.0,62.0,NaN,NaN
2020-06-15T00:00:00Z,0.0,26.0,64.0,30.147846,0.7098942
2020-06-15T00:00:00Z,0.0,26.0,66.0,30.093334,0.71115685
2020-06-15T00:00:00Z,0.0,26.0,68.0,NaN,NaN
2020-06-15T00:00:00Z,0.0,26.0,70.0,NaN,NaN
2020-06-15T00:00:00Z,0.0,26.0,72.0,NaN,NaN
2020-06-15T00:00:00Z,0.0,26.0,74.0,NaN,NaN
2020-06-15T00:00:00Z,0.0,26.0,76.0,NaN,NaN
2020-07-15T00:00:00Z,0.0,8.0,56.0,27.013561,0.5606022
2020-07-15T00:00:00Z,0.0,8.0,58.0,27.728926,0.6403408
2020-07-15T00:00:00Z,0.0,8.0,60.0,28.39398,0.73472786
2020-07-15T00:00:00Z,0.0,8.0,62.0,28.905083,0.8127079
2020-07-15T00:00:00Z,0.0,8.0,64.0,29.231129,0.84752464
2020-07-15T00:00:00Z,0.0,8.0,66.0,29.424597,0.88430595
2020-07-15T00:00:00Z,0.0,8.0,68.0,29.504076,0.9131603
2020-07-15T00:00:00Z,0.0,8.0,70.0,29.493263,0.92095184
2020-07-15T00:00:00Z,0.0,8.0,72.0,29.441868,0.98134804
2020-07-15T00:00:00Z,0.0,8.0,74.0,29.230627,1.037962
2020-07-15T00:00:00Z,0.0,8.0,76.0,28.900349,1.0853424
2020-07-15T00:00:00Z,0.0,10.0,56.0,26.678204,0.6132889
2020-07-15T00:00:00Z,0.0,10.0,58.0,27.387196,0.69088364
2020-07-15T00:00:00Z,0.0,10.0,60.0,27.990416,0.76935196
2020-07-15T00:00:00Z,0.0,10.0,62.0,28.496859,0.83896255
2020-07-15T00:00:00Z,0.0,10.0,64.0,28.907085,0.89152145
2020-07-15T00:00:00Z,0.0,10.0,66.0,29.19547,0.943491
2020-07-15T00:00:00Z,0.0,10.0,68.0,29.354824,0.98101044
2020-07-15T00:00:00Z,0.0,10.0,70.0,29.375298,0.9772148
2020-07-15T00:00:00Z,0.0,10.0,72.0,29.299887,1.0151348
2020-07-15T00:00:00Z,0.0,10.0,74.0,29.084154,1.0749245
2020-07-15T00:00:00Z,0.0,10.0,76.0,28.833677,1.1268177
2020-07-15T00:00:00Z,0.0,12.0,56.0,26.637342,0.7044468
2020-07-15T00:00:00Z,0.0,12.0,58.0,27.16101,0.7861366
2020-07-15T00:00:00Z,0.0,12.0,60.0,27.663359,0.85902596
2020-07-15T00:00:00Z,0.0,12.0,62.0,28.17062,0.9177036
2020-07-15T00:00:00Z,0.0,12.0,64.0,28.666166,0.9853115
2020-07-15T00:00:00Z,0.0,12.0,66.0,29.042753,1.0465031
2020-07-15T00:00:00Z,0.0,12.0,68.0,29.272354,1.0828972
2020-07-15T00:00:00Z,0.0,12.0,70.0,29.34135,1.0708733
2020-07-15T00:00:00Z,0.0,12.0,72.0,29.312174,1.0957355
2020-07-15T00:00:00Z,0.0,12.0,74.0,29.162094,1.144268
2020-07-15T00:00:00Z,0.0,12.0,76.0,28.9953,1.1926422
2020-07-15T00:00:00Z,0.0,14.0,56.0,26.732458,0.7952728
2020-07-15T00:00:00Z,0.0,14.0,58.0,27.031199,0.8795948
2020-07-15T00:00:00Z,0.0,14.0,60.0,27.477577,0.96212006
2020-07-15T00:00:00Z,0.0,14.0,62.0,28.032139,1.028305
2020-07-15T00:00:00Z,0.0,14.0,64.0,28.599998,1.1076031
2020-07-15T00:00:00Z,0.0,14.0,66.0,29.02784,1.1699238
2020-07-15T00:00:00Z,0.0,14.0,68.0,29.287554,1.1989517
2020-07-15T00:00:00Z,0.0,14.0,70.0,29.401356,1.1871052
2020-07-15T00:00:00Z,0.0,14.0,72.0,29.43802,1.1934605
2020-07-15T00:00:00Z,0.0,14.0,74.0,29.417421,1.2378883
2020-07-15T00:00:00Z,0.0,14.0,76.0,NaN,NaN
2020-07-15T00:00:00Z,0.0,16.0,56.0,26.616896,0.84163857
2020-07-15T00:00:00Z,0.0,16.0,58.0,26.873688,0.9327297
2020-07-15T00:00:00Z,0.0,16.0,60.0,27.416561,1.0326023
2020-07-15T00:00:00Z,0.0,16.0,62.0,28.095358,1.121336
2020-07-15T00:00:00Z,0.0,16.0,64.0,28.725475,1.2055588
2020-07-15T00:00:00Z,0.0,16.0,66.0,29.178627,1.2716255
2020-07-15T00:00:00Z,0.0,16.0,68.0,29.431915,1.2921238
2020-07-15T00:00:00Z,0.0,16.0,70.0,29.55969,1.2767963
2020-07-15T00:00:00Z,0.0,16.0,72.0,29.624926,1.2643776
2020-07-15T00:00:00Z,0.0,16.0,74.0,29.674429,1.3264465
2020-07-15T00:00:00Z,0.0,16.0,76.0,NaN,NaN
2020-07-15T00:00:00Z,0.0,18.0,56.0,26.401423,0.8594055
2020-07-15T00:00:00Z,0.0,18.0,58.0,26.678661,0.9674454
2020-07-15T00:00:00Z,0.0,18.0,60.0,27.368845,1.0716381
2020-07-15T00:00:00Z,0.0,18.0,62.0,28.206768,1.175415
2020-07-15T00:00:00Z,0.0,18.0,64.0,28.933174,1.2629662
2020-07-15T00:00:00Z,0.0,18.0,66.0,29.439713,1.3303566
2020-07-15T00:00:00Z,0.0,18.0,68.0,29.682295,1.3404598
2020-07-15T00:00:00Z,0.0,18.0,70.0,29.786814,1.3133564
2020-07-15T00:00:00Z,0.0,18.0,72.0,29.856796,1.2943306
2020-07-15T00:00:00Z,0.0,18.0,74.0,NaN,NaN
2020-07-15T00:00:00Z,0.0,18.0,76.0,NaN,NaN
2020-07-15T00:00:00Z,0.0,20.0,56.0,NaN,NaN
2020-07-15T00:00:00Z,0.0,20.0,58.0,26.82618,0.985178
2020-07-15T00:00:00Z,0.0,20.0,60.0,27.551966,1.0887032
2020-07-15T00:00:00Z,0.0,20.0,62.0,28.375835,1.1823769
2020-07-15T00:00:00Z,0.0,20.0,64.0,29.122168,1.2645817
2020-07-15T00:00:00Z,0.0,20.0,66.0,29.68444,1.3200665
2020-07-15T00:00:00Z,0.0,20.0,68.0,29.914421,1.3180046
2020-07-15T00:00:00Z,0.0,20.0,70.0,29.972649,1.294054
2020-07-15T00:00:00Z,0.0,20.0,72.0,29.987188,1.2717266
2020-07-15T00:00:00Z,0.0,20.0,74.0,NaN,NaN
2020-07-15T00:00:00Z,0.0,20.0,76.0,NaN,NaN
2020-07-15T00:00:00Z,0.0,22.0,56.0,NaN,NaN
2020-07-15T00:00:00Z,0.0,22.0,58.0,NaN,NaN
2020-07-15T00:00:00Z,0.0,22.0,60.0,28.607723,1.0633144
2020-07-15T00:00:00Z,0.0,22.0,62.0,28.928995,1.1263084
2020-07-15T00:00:00Z,0.0,22.0,64.0,29.382366,1.1923046
2020-07-15T00:00:00Z,0.0,22.0,66.0,29.842274,1.2329407
2020-07-15T00:00:00Z,0.0,22.0,68.0,30.023432,1.2341137
2020-07-15T00:00:00Z,0.0,22.0,70.0,30.035112,1.2368088
2020-07-15T00:00:00Z,0.0,22.0,72.0,NaN,NaN
2020-07-15T00:00:00Z,0.0,22.0,74.0,NaN,NaN
2020-07-15T00:00:00Z,0.0,22.0,76.0,NaN,NaN
2020-07-15T00:00:00Z,0.0,24.0,56.0,NaN,NaN
2020-07-15T00:00:00Z,0.0,24.0,58.0,NaN,NaN
2020-07-15T00:00:00Z,0.0,24.0,60.0,30.2873,0.9881954
2020-07-15T00:00:00Z,0.0,24.0,62.0,29.795546,1.0528584
2020-07-15T00:00:00Z,0.0,24.0,64.0,29.685192,1.085804
2020-07-15T00:00:00Z,0.0,24.0,66.0,29.896046,1.0967064
2020-07-15T00:00:00Z,0.0,24.0,68.0,30.000357,1.1231441
2020-07-15T00:00:00Z,0.0,24.0,70.0,NaN,NaN
2020-07-15T00:00:00Z,0.0,24.0,72.0,NaN,NaN
2020-07-15T00:00:00Z,0.0,24.0,74.0,NaN,NaN
2020-07-15T00:00:00Z,0.0,24.0,76.0,NaN,NaN
2020-07-15T00:00:00Z,0.0,26.0,56.0,32.69639,0.89222336
2020-07-15T00:00:00Z,0.0,26.0,58.0,32.25549,0.8810196
2020-07-15T00:00:00Z,0.0,26.0,60.0,31.440928,0.91148376
2020-07-15T00:00:00Z,0.0,26.0,62.0,NaN,NaN
2020-07-15T00:00:00Z,0.0,26.0,64.0,29.826744,1.0041428
2020-07-15T00:00:00Z,0.0,26.0,66.0,29.904972,1.0219631
2020-07-15T00:00:00Z,0.0,26.0,68.0,NaN,NaN
2020-07-15T00:00:00Z,0.0,26.0,70.0,NaN,NaN
2020-07-15T00:00:00Z,0.0,26.0,72.0,NaN,NaN
2020-07-15T00:00:00Z,0.0,26.0,74.0,NaN,NaN
2020-07-15T00:00:00Z,0.0,26.0,76.0,NaN,NaN
2020-08-15T00:00:00Z,0.0,8.0,56.0,26.063314,0.25946045
2020-08-15T00:00:00Z,0.0,8.0,58.0,26.8376,0.38601685
2020-08-15T00:00:00Z,0.0,8.0,60.0,27.649422,0.5319824
2020-08-15T00:00:00Z,0.0,8.0,62.0,28.322033,0.65215683
2020-08-15T00:00:00Z,0.0,8.0,64.0,28.768564,0.711792
2020-08-15T00:00:00Z,0.0,8.0,66.0,29.02433,0.753912
2020-08-15T00:00:00Z,0.0,8.0,68.0,29.120464,0.78406715
2020-08-15T00:00:00Z,0.0,8.0,70.0,29.109653,0.80394554
2020-08-15T00:00:00Z,0.0,8.0,72.0,29.042559,0.87439156
2020-08-15T00:00:00Z,0.0,8.0,74.0,28.795643,0.9246006
2020-08-15T00:00:00Z,0.0,8.0,76.0,28.439404,0.9487095
2020-08-15T00:00:00Z,0.0,10.0,56.0,25.685102,0.32489395
2020-08-15T00:00:00Z,0.0,10.0,58.0,26.406273,0.42516708
2020-08-15T00:00:00Z,0.0,10.0,60.0,27.094765,0.5339947
2020-08-15T00:00:00Z,0.0,10.0,62.0,27.72576,0.6372814
2020-08-15T00:00:00Z,0.0,10.0,64.0,28.25871,0.71806526
2020-08-15T00:00:00Z,0.0,10.0,66.0,28.632933,0.7852459
2020-08-15T00:00:00Z,0.0,10.0,68.0,28.84044,0.83252335
2020-08-15T00:00:00Z,0.0,10.0,70.0,28.901485,0.85596466
2020-08-15T00:00:00Z,0.0,10.0,72.0,28.843138,0.9204712
2020-08-15T00:00:00Z,0.0,10.0,74.0,28.592556,0.971138
2020-08-15T00:00:00Z,0.0,10.0,76.0,28.298689,0.9905987
2020-08-15T00:00:00Z,0.0,12.0,56.0,25.491447,0.41582298
2020-08-15T00:00:00Z,0.0,12.0,58.0,26.017618,0.48378563
2020-08-15T00:00:00Z,0.0,12.0,60.0,26.563042,0.55579185
2020-08-15T00:00:00Z,0.0,12.0,62.0,27.159252,0.63529396
2020-08-15T00:00:00Z,0.0,12.0,64.0,27.777779,0.7394676
2020-08-15T00:00:00Z,0.0,12.0,66.0,28.270123,0.83247757
2020-08-15T00:00:00Z,0.0,12.0,68.0,28.604807,0.9037247
2020-08-15T00:00:00Z,0.0,12.0,70.0,28.758726,0.93112373
2020-08-15T00:00:00Z,0.0,12.0,72.0,28.764793,0.98381615
2020-08-15T00:00:00Z,0.0,12.0,74.0,28.598255,1.033701
2020-08-15T00:00:00Z,0.0,12.0,76.0,28.404282,1.0599594
2020-08-15T00:00:00Z,0.0,14.0,56.0,25.444471,0.54761696
2020-08-15T00:00:00Z,0.0,14.0,58.0,25.76326,0.58688354
2020-08-15T00:00:00Z,0.0,14.0,60.0,26.213865,0.63111496
2020-08-15T00:00:00Z,0.0,14.0,62.0,26.811958,0.69431114
2020-08-15T00:00:00Z,0.0,14.0,64.0,27.490297,0.80760956
2020-08-15T00:00:00Z,0.0,14.0,66.0,28.066708,0.91685486
2020-08-15T00:00:00Z,0.0,14.0,68.0,28.478224,0.99180794
2020-08-15T00:00:00Z,0.0,14.0,70.0,28.702127,1.0132732
2020-08-15T00:00:00Z,0.0,14.0,72.0,28.776728,1.0337925
2020-08-15T00:00:00Z,0.0,14.0,74.0,28.74847,1.079895
2020-08-15T00:00:00Z,0.0,14.0,76.0,NaN,NaN
2020-08-15T00:00:00Z,0.0,16.0,56.0,25.321325,0.6740608
2020-08-15T00:00:00Z,0.0,16.0,58.0,25.611357,0.7119179
2020-08-15T00:00:00Z,0.0,16.0,60.0,26.111397,0.7443943
2020-08-15T00:00:00Z,0.0,16.0,62.0,26.77922,0.80596924
2020-08-15T00:00:00Z,0.0,16.0,64.0,27.503107,0.92025185
2020-08-15T00:00:00Z,0.0,16.0,66.0,28.122362,1.0374241
2020-08-15T00:00:00Z,0.0,16.0,68.0,28.541418,1.0959377
2020-08-15T00:00:00Z,0.0,16.0,70.0,28.775902,1.0926514
2020-08-15T00:00:00Z,0.0,16.0,72.0,28.869411,1.0706692
2020-08-15T00:00:00Z,0.0,16.0,74.0,28.907795,1.1138897
2020-08-15T00:00:00Z,0.0,16.0,76.0,NaN,NaN
2020-08-15T00:00:00Z,0.0,18.0,56.0,25.211884,0.7621975
2020-08-15T00:00:00Z,0.0,18.0,58.0,25.5006,0.81495476
2020-08-15T00:00:00Z,0.0,18.0,60.0,26.12525,0.8479576
2020-08-15T00:00:00Z,0.0,18.0,62.0,26.9236,0.91539
2020-08-15T00:00:00Z,0.0,18.0,64.0,27.734812,1.0350399
2020-08-15T00:00:00Z,0.0,18.0,66.0,28.412039,1.1630154
2020-08-15T00:00:00Z,0.0,18.0,68.0,28.81406,1.2148304
2020-08-15T00:00:00Z,0.0,18.0,70.0,29.015596,1.1964512
2020-08-15T00:00:00Z,0.0,18.0,72.0,29.108343,1.1574745
2020-08-15T00:00:00Z,0.0,18.0,74.0,NaN,NaN
2020-08-15T00:00:00Z,0.0,18.0,76.0,NaN,NaN
2020-08-15T00:00:00Z,0.0,20.0,56.0,NaN,NaN
2020-08-15T00:00:00Z,0.0,20.0,58.0,25.735176,0.88105583
2020-08-15T00:00:00Z,0.0,20.0,60.0,26.397825,0.91594124
2020-08-15T00:00:00Z,0.0,20.0,62.0,27.183386,0.97528076
2020-08-15T00:00:00Z,0.0,20.0,64.0,28.015675,1.094986
2020-08-15T00:00:00Z,0.0,20.0,66.0,28.755592,1.2328835
2020-08-15T00:00:00Z,0.0,20.0,68.0,29.14935,1.3064938
2020-08-15T00:00:00Z,0.0,20.0,70.0,29.298605,1.3076038
2020-08-15T00:00:00Z,0.0,20.0,72.0,29.333351,1.2649899
2020-08-15T00:00:00Z,0.0,20.0,74.0,NaN,NaN
2020-08-15T00:00:00Z,0.0,20.0,76.0,NaN,NaN
2020-08-15T00:00:00Z,0.0,22.0,56.0,NaN,NaN
2020-08-15T00:00:00Z,0.0,22.0,58.0,NaN,NaN
2020-08-15T00:00:00Z,0.0,22.0,60.0,27.55603,0.96214485
2020-08-15T00:00:00Z,0.0,22.0,62.0,27.828527,0.9966507
2020-08-15T00:00:00Z,0.0,22.0,64.0,28.34559,1.0821743
2020-08-15T00:00:00Z,0.0,22.0,66.0,28.995535,1.222889
2020-08-15T00:00:00Z,0.0,22.0,68.0,29.347483,1.327858
2020-08-15T00:00:00Z,0.0,22.0,70.0,29.445667,1.3697777
2020-08-15T00:00:00Z,0.0,22.0,72.0,NaN,NaN
2020-08-15T00:00:00Z,0.0,22.0,74.0,NaN,NaN
2020-08-15T00:00:00Z,0.0,22.0,76.0,NaN,NaN
2020-08-15T00:00:00Z,0.0,24.0,56.0,NaN,NaN
2020-08-15T00:00:00Z,0.0,24.0,58.0,NaN,NaN
2020-08-15T00:00:00Z,0.0,24.0,60.0,29.40133,0.9968147
2020-08-15T00:00:00Z,0.0,24.0,62.0,28.76683,1.0000591
2020-08-15T00:00:00Z,0.0,24.0,64.0,28.694384,1.0418587
2020-08-15T00:00:00Z,0.0,24.0,66.0,29.082542,1.1412525
2020-08-15T00:00:00Z,0.0,24.0,68.0,29.34218,1.2650986
2020-08-15T00:00:00Z,0.0,24.0,70.0,NaN,NaN
2020-08-15T00:00:00Z,0.0,24.0,72.0,NaN,NaN
2020-08-15T00:00:00Z,0.0,24.0,74.0,NaN,NaN
2020-08-15T00:00:00Z,0.0,24.0,76.0,NaN,NaN
2020-08-15T00:00:00Z,0.0,26.0,56.0,33.090317,1.1235676
2020-08-15T00:00:00Z,0.0,26.0,58.0,31.995584,1.0563755
2020-08-15T00:00:00Z,0.0,26.0,60.0,30.747437,1.0129719
2020-08-15T00:00:00Z,0.0,26.0,62.0,NaN,NaN
2020-08-15T00:00:00Z,0.0,26.0,64.0,28.889482,1.0086441
2020-08-15T00:00:00Z,0.0,26.0,66.0,29.082638,1.0840569
2020-08-15T00:00:00Z,0.0,26.0,68.0,NaN,NaN
2020-08-15T00:00:00Z,0.0,26.0,70.0,NaN,NaN
2020-08-15T00:00:00Z,0.0,26.0,72.0,NaN,NaN
2020-08-15T00:00:00Z,0.0,26.0,74.0,NaN,NaN
2020-08-15T00:00:00Z,0.0,26.0,76.0,NaN,NaN
2020-09-15T00:00:00Z,0.0,8.0,56.0,26.288082,0.0040397644
2020-09-15T00:00:00Z,0.0,8.0,58.0,27.014727,0.1578083
2020-09-15T00:00:00Z,0.0,8.0,60.0,27.757532,0.31999016
2020-09-15T00:00:00Z,0.0,8.0,62.0,28.363743,0.4620571
2020-09-15T00:00:00Z,0.0,8.0,64.0,28.76656,0.5561447
2020-09-15T00:00:00Z,0.0,8.0,66.0,29.007484,0.6317177
2020-09-15T00:00:00Z,0.0,8.0,68.0,29.103416,0.6796913
2020-09-15T00:00:00Z,0.0,8.0,70.0,29.10317,0.7029209
2020-09-15T00:00:00Z,0.0,8.0,72.0,29.069809,0.7680588
2020-09-15T00:00:00Z,0.0,8.0,74.0,28.88668,0.80966187
2020-09-15T00:00:00Z,0.0,8.0,76.0,28.606676,0.82312775
2020-09-15T00:00:00Z,0.0,10.0,56.0,25.986227,0.04745674
2020-09-15T00:00:00Z,0.0,10.0,58.0,26.640627,0.17131233
2020-09-15T00:00:00Z,0.0,10.0,60.0,27.271883,0.30278015
2020-09-15T00:00:00Z,0.0,10.0,62.0,27.845259,0.43338394
2020-09-15T00:00:00Z,0.0,10.0,64.0,28.331955,0.5544567
2020-09-15T00:00:00Z,0.0,10.0,66.0,28.687283,0.6640148
2020-09-15T00:00:00Z,0.0,10.0,68.0,28.896883,0.74219704
2020-09-15T00:00:00Z,0.0,10.0,70.0,28.961706,0.7654133
2020-09-15T00:00:00Z,0.0,10.0,72.0,28.927366,0.80911636
2020-09-15T00:00:00Z,0.0,10.0,74.0,28.723114,0.83213615
2020-09-15T00:00:00Z,0.0,10.0,76.0,28.476887,0.8342762
2020-09-15T00:00:00Z,0.0,12.0,56.0,25.893288,0.1580143
2020-09-15T00:00:00Z,0.0,12.0,58.0,26.367683,0.2430973
2020-09-15T00:00:00Z,0.0,12.0,60.0,26.867245,0.33547592
2020-09-15T00:00:00Z,0.0,12.0,62.0,27.398989,0.43817902
2020-09-15T00:00:00Z,0.0,12.0,64.0,27.949608,0.57704544
2020-09-15T00:00:00Z,0.0,12.0,66.0,28.408064,0.71575165
2020-09-15T00:00:00Z,0.0,12.0,68.0,28.73425,0.81762505
2020-09-15T00:00:00Z,0.0,12.0,70.0,28.883259,0.8454666
2020-09-15T00:00:00Z,0.0,12.0,72.0,28.876759,0.8652153
2020-09-15T00:00:00Z,0.0,12.0,74.0,28.715126,0.87670135
2020-09-15T00:00:00Z,0.0,12.0,76.0,28.543228,0.87963676
2020-09-15T00:00:00Z,0.0,14.0,56.0,25.958155,0.32481956
2020-09-15T00:00:00Z,0.0,14.0,58.0,26.247437,0.3726654
2020-09-15T00:00:00Z,0.0,14.0,60.0,26.651112,0.4306755
2020-09-15T00:00:00Z,0.0,14.0,62.0,27.163776,0.509779
2020-09-15T00:00:00Z,0.0,14.0,64.0,27.743895,0.6479168
2020-09-15T00:00:00Z,0.0,14.0,66.0,28.25728,0.7898426
2020-09-15T00:00:00Z,0.0,14.0,68.0,28.650747,0.8893738
2020-09-15T00:00:00Z,0.0,14.0,70.0,28.865824,0.91142845
2020-09-15T00:00:00Z,0.0,14.0,72.0,28.90926,0.9086971
2020-09-15T00:00:00Z,0.0,14.0,74.0,28.851755,0.92699623
2020-09-15T00:00:00Z,0.0,14.0,76.0,NaN,NaN
2020-09-15T00:00:00Z,0.0,16.0,56.0,25.963095,0.48200417
2020-09-15T00:00:00Z,0.0,16.0,58.0,26.224789,0.52243423
2020-09-15T00:00:00Z,0.0,16.0,60.0,26.65885,0.5649967
2020-09-15T00:00:00Z,0.0,16.0,62.0,27.210127,0.6360645
2020-09-15T00:00:00Z,0.0,16.0,64.0,27.79228,0.7545719
2020-09-15T00:00:00Z,0.0,16.0,66.0,28.315126,0.8842945
2020-09-15T00:00:00Z,0.0,16.0,68.0,28.708874,0.95835304
2020-09-15T00:00:00Z,0.0,16.0,70.0,28.949339,0.9635258
2020-09-15T00:00:00Z,0.0,16.0,72.0,29.021858,0.934782
2020-09-15T00:00:00Z,0.0,16.0,74.0,29.024418,0.96759415
2020-09-15T00:00:00Z,0.0,16.0,76.0,NaN,NaN
2020-09-15T00:00:00Z,0.0,18.0,56.0,25.948275,0.5988426
2020-09-15T00:00:00Z,0.0,18.0,58.0,26.222414,0.6599293
2020-09-15T00:00:00Z,0.0,18.0,60.0,26.771877,0.70454407
2020-09-15T00:00:00Z,0.0,18.0,62.0,27.429743,0.77513695
2020-09-15T00:00:00Z,0.0,18.0,64.0,28.052986,0.87848663
2020-09-15T00:00:00Z,0.0,18.0,66.0,28.574203,0.9850788
2020-09-15T00:00:00Z,0.0,18.0,68.0,28.926725,1.0373516
2020-09-15T00:00:00Z,0.0,18.0,70.0,29.147003,1.032711
2020-09-15T00:00:00Z,0.0,18.0,72.0,29.246384,1.0018692
2020-09-15T00:00:00Z,0.0,18.0,74.0,NaN,NaN
2020-09-15T00:00:00Z,0.0,18.0,76.0,NaN,NaN
2020-09-15T00:00:00Z,0.0,20.0,56.0,NaN,NaN
2020-09-15T00:00:00Z,0.0,20.0,58.0,26.485037,0.77566147
2020-09-15T00:00:00Z,0.0,20.0,60.0,27.085949,0.83982086
2020-09-15T00:00:00Z,0.0,20.0,62.0,27.745064,0.90431404
2020-09-15T00:00:00Z,0.0,20.0,64.0,28.353561,0.98072815
2020-09-15T00:00:00Z,0.0,20.0,66.0,28.86549,1.0618858
2020-09-15T00:00:00Z,0.0,20.0,68.0,29.155571,1.1067982
2020-09-15T00:00:00Z,0.0,20.0,70.0,29.320253,1.1124134
2020-09-15T00:00:00Z,0.0,20.0,72.0,29.406044,1.0870361
2020-09-15T00:00:00Z,0.0,20.0,74.0,NaN,NaN
2020-09-15T00:00:00Z,0.0,20.0,76.0,NaN,NaN
2020-09-15T00:00:00Z,0.0,22.0,56.0,NaN,NaN
2020-09-15T00:00:00Z,0.0,22.0,58.0,NaN,NaN
2020-09-15T00:00:00Z,0.0,22.0,60.0,28.04658,0.98807335
2020-09-15T00:00:00Z,0.0,22.0,62.0,28.273932,1.017807
2020-09-15T00:00:00Z,0.0,22.0,64.0,28.604181,1.0405159
2020-09-15T00:00:00Z,0.0,22.0,66.0,29.00122,1.0925331
2020-09-15T00:00:00Z,0.0,22.0,68.0,29.215822,1.1359196
2020-09-15T00:00:00Z,0.0,22.0,70.0,29.334957,1.160717
2020-09-15T00:00:00Z,0.0,22.0,72.0,NaN,NaN
2020-09-15T00:00:00Z,0.0,22.0,74.0,NaN,NaN
2020-09-15T00:00:00Z,0.0,22.0,76.0,NaN,NaN
2020-09-15T00:00:00Z,0.0,24.0,56.0,NaN,NaN
2020-09-15T00:00:00Z,0.0,24.0,58.0,NaN,NaN
2020-09-15T00:00:00Z,0.0,24.0,60.0,29.464754,1.1278725
2020-09-15T00:00:00Z,0.0,24.0,62.0,28.915796,1.0923519
2020-09-15T00:00:00Z,0.0,24.0,64.0,28.748848,1.052412
2020-09-15T00:00:00Z,0.0,24.0,66.0,28.942173,1.0597839
2020-09-15T00:00:00Z,0.0,24.0,68.0,29.109108,1.1042728
2020-09-15T00:00:00Z,0.0,24.0,70.0,NaN,NaN
2020-09-15T00:00:00Z,0.0,24.0,72.0,NaN,NaN
2020-09-15T00:00:00Z,0.0,24.0,74.0,NaN,NaN
2020-09-15T00:00:00Z,0.0,24.0,76.0,NaN,NaN
2020-09-15T00:00:00Z,0.0,26.0,56.0,32.918835,1.3179207
2020-09-15T00:00:00Z,0.0,26.0,58.0,31.664545,1.247963
2020-09-15T00:00:00Z,0.0,26.0,60.0,30.485302,1.1903744
2020-09-15T00:00:00Z,0.0,26.0,62.0,NaN,NaN
2020-09-15T00:00:00Z,0.0,26.0,64.0,28.76832,1.0310154
2020-09-15T00:00:00Z,0.0,26.0,66.0,28.847795,1.0367508
2020-09-15T00:00:00Z,0.0,26.0,68.0,NaN,NaN
2020-09-15T00:00:00Z,0.0,26.0,70.0,NaN,NaN
2020-09-15T00:00:00Z,0.0,26.0,72.0,NaN,NaN
2020-09-15T00:00:00Z,0.0,26.0,74.0,NaN,NaN
2020-09-15T00:00:00Z,0.0,26.0,76.0,NaN,NaN
2020-10-15T00:00:00Z,0.0,8.0,56.0,27.666096,0.25149155
2020-10-15T00:00:00Z,0.0,8.0,58.0,28.078506,0.31863022
2020-10-15T00:00:00Z,0.0,8.0,60.0,28.505398,0.402874
2020-10-15T00:00:00Z,0.0,8.0,62.0,28.824434,0.48566246
2020-10-15T00:00:00Z,0.0,8.0,64.0,29.002773,0.53491974
2020-10-15T00:00:00Z,0.0,8.0,66.0,29.111563,0.5610409
2020-10-15T00:00:00Z,0.0,8.0,68.0,29.172573,0.5621128
2020-10-15T00:00:00Z,0.0,8.0,70.0,29.198856,0.55314636
2020-10-15T00:00:00Z,0.0,8.0,72.0,29.239187,0.6120186
2020-10-15T00:00:00Z,0.0,8.0,74.0,29.172953,0.66270256
2020-10-15T00:00:00Z,0.0,8.0,76.0,29.008999,0.6896095
2020-10-15T00:00:00Z,0.0,10.0,56.0,27.452656,0.1683197
2020-10-15T00:00:00Z,0.0,10.0,58.0,27.811317,0.22798157
2020-10-15T00:00:00Z,0.0,10.0,60.0,28.149296,0.2999611
2020-10-15T00:00:00Z,0.0,10.0,62.0,28.448866,0.3878231
2020-10-15T00:00:00Z,0.0,10.0,64.0,28.69443,0.4649086
2020-10-15T00:00:00Z,0.0,10.0,66.0,28.902971,0.5275135
2020-10-15T00:00:00Z,0.0,10.0,68.0,29.072182,0.5668678
2020-10-15T00:00:00Z,0.0,10.0,70.0,29.173874,0.5687065
2020-10-15T00:00:00Z,0.0,10.0,72.0,29.251259,0.6244869
2020-10-15T00:00:00Z,0.0,10.0,74.0,29.19977,0.6757679
2020-10-15T00:00:00Z,0.0,10.0,76.0,29.066652,0.70261765
2020-10-15T00:00:00Z,0.0,12.0,56.0,27.440258,0.14423752
2020-10-15T00:00:00Z,0.0,12.0,58.0,27.68316,0.1803894
2020-10-15T00:00:00Z,0.0,12.0,60.0,27.90155,0.2273407
2020-10-15T00:00:00Z,0.0,12.0,62.0,28.152685,0.30374718
2020-10-15T00:00:00Z,0.0,12.0,64.0,28.441582,0.40327072
2020-10-15T00:00:00Z,0.0,12.0,66.0,28.72835,0.4935379
2020-10-15T00:00:00Z,0.0,12.0,68.0,28.99644,0.5617943
2020-10-15T00:00:00Z,0.0,12.0,70.0,29.190166,0.5916233
2020-10-15T00:00:00Z,0.0,12.0,72.0,29.294182,0.63661957
2020-10-15T00:00:00Z,0.0,12.0,74.0,29.275402,0.69104004
2020-10-15T00:00:00Z,0.0,12.0,76.0,29.199787,0.729887
2020-10-15T00:00:00Z,0.0,14.0,56.0,27.612831,0.20906067
2020-10-15T00:00:00Z,0.0,14.0,58.0,27.717009,0.20584106
2020-10-15T00:00:00Z,0.0,14.0,60.0,27.840635,0.2165699
2020-10-15T00:00:00Z,0.0,14.0,62.0,28.052105,0.27085304
2020-10-15T00:00:00Z,0.0,14.0,64.0,28.347546,0.37577438
2020-10-15T00:00:00Z,0.0,14.0,66.0,28.668837,0.48285866
2020-10-15T00:00:00Z,0.0,14.0,68.0,28.985752,0.56214905
2020-10-15T00:00:00Z,0.0,14.0,70.0,29.224815,0.59729385
2020-10-15T00:00:00Z,0.0,14.0,72.0,29.34659,0.6328392
2020-10-15T00:00:00Z,0.0,14.0,74.0,29.368315,0.68626595
2020-10-15T00:00:00Z,0.0,14.0,76.0,NaN,NaN
2020-10-15T00:00:00Z,0.0,16.0,56.0,27.760017,0.31712914
2020-10-15T00:00:00Z,0.0,16.0,58.0,27.808784,0.29211807
2020-10-15T00:00:00Z,0.0,16.0,60.0,27.927692,0.26910782
2020-10-15T00:00:00Z,0.0,16.0,62.0,28.139248,0.2946434
2020-10-15T00:00:00Z,0.0,16.0,64.0,28.417686,0.385437
2020-10-15T00:00:00Z,0.0,16.0,66.0,28.740322,0.50159454
2020-10-15T00:00:00Z,0.0,16.0,68.0,29.0601,0.58005905
2020-10-15T00:00:00Z,0.0,16.0,70.0,29.303722,0.6089306
2020-10-15T00:00:00Z,0.0,16.0,72.0,29.405228,0.61325264
2020-10-15T00:00:00Z,0.0,16.0,74.0,29.451426,0.67523956
2020-10-15T00:00:00Z,0.0,16.0,76.0,NaN,NaN
2020-10-15T00:00:00Z,0.0,18.0,56.0,27.77511,0.41160202
2020-10-15T00:00:00Z,0.0,18.0,58.0,27.815119,0.3969593
2020-10-15T00:00:00Z,0.0,18.0,60.0,28.01469,0.3615036
2020-10-15T00:00:00Z,0.0,18.0,62.0,28.293787,0.3610363
2020-10-15T00:00:00Z,0.0,18.0,64.0,28.588882,0.4342575
2020-10-15T00:00:00Z,0.0,18.0,66.0,28.903376,0.5445843
2020-10-15T00:00:00Z,0.0,18.0,68.0,29.193953,0.61961746
2020-10-15T00:00:00Z,0.0,18.0,70.0,29.401249,0.63960266
2020-10-15T00:00:00Z,0.0,18.0,72.0,29.479137,0.6265793
2020-10-15T00:00:00Z,0.0,18.0,74.0,NaN,NaN
2020-10-15T00:00:00Z,0.0,18.0,76.0,NaN,NaN
2020-10-15T00:00:00Z,0.0,20.0,56.0,NaN,NaN
2020-10-15T00:00:00Z,0.0,20.0,58.0,27.901056,0.48584175
2020-10-15T00:00:00Z,0.0,20.0,60.0,28.158735,0.46844292
2020-10-15T00:00:00Z,0.0,20.0,62.0,28.47795,0.46103287
2020-10-15T00:00:00Z,0.0,20.0,64.0,28.767601,0.5070381
2020-10-15T00:00:00Z,0.0,20.0,66.0,29.045847,0.59438896
2020-10-15T00:00:00Z,0.0,20.0,68.0,29.25131,0.6542053
2020-10-15T00:00:00Z,0.0,20.0,70.0,29.389389,0.6670418
2020-10-15T00:00:00Z,0.0,20.0,72.0,29.465351,0.64691544
2020-10-15T00:00:00Z,0.0,20.0,74.0,NaN,NaN
2020-10-15T00:00:00Z,0.0,20.0,76.0,NaN,NaN
2020-10-15T00:00:00Z,0.0,22.0,56.0,NaN,NaN
2020-10-15T00:00:00Z,0.0,22.0,58.0,NaN,NaN
2020-10-15T00:00:00Z,0.0,22.0,60.0,28.590517,0.5691223
2020-10-15T00:00:00Z,0.0,22.0,62.0,28.733196,0.5724468
2020-10-15T00:00:00Z,0.0,22.0,64.0,28.88494,0.59241676
2020-10-15T00:00:00Z,0.0,22.0,66.0,29.04078,0.6356964
2020-10-15T00:00:00Z,0.0,22.0,68.0,29.130615,0.6616421
2020-10-15T00:00:00Z,0.0,22.0,70.0,29.239717,0.6719589
2020-10-15T00:00:00Z,0.0,22.0,72.0,NaN,NaN
2020-10-15T00:00:00Z,0.0,22.0,74.0,NaN,NaN
2020-10-15T00:00:00Z,0.0,22.0,76.0,NaN,NaN
2020-10-15T00:00:00Z,0.0,24.0,56.0,NaN,NaN
2020-10-15T00:00:00Z,0.0,24.0,58.0,NaN,NaN
2020-10-15T00:00:00Z,0.0,24.0,60.0,29.160154,0.64585114
2020-10-15T00:00:00Z,0.0,24.0,62.0,28.951975,0.64530754
2020-10-15T00:00:00Z,0.0,24.0,64.0,28.856123,0.64292145
2020-10-15T00:00:00Z,0.0,24.0,66.0,28.868118,0.63796616
2020-10-15T00:00:00Z,0.0,24.0,68.0,28.932173,0.6418114
2020-10-15T00:00:00Z,0.0,24.0,70.0,NaN,NaN
2020-10-15T00:00:00Z,0.0,24.0,72.0,NaN,NaN
2020-10-15T00:00:00Z,0.0,24.0,74.0,NaN,NaN
2020-10-15T00:00:00Z,0.0,24.0,76.0,NaN,NaN
2020-10-15T00:00:00Z,0.0,26.0,56.0,31.037302,0.8592205
2020-10-15T00:00:00Z,0.0,26.0,58.0,30.159885,0.7135277
2020-10-15T00:00:00Z,0.0,26.0,60.0,29.51313,0.65050507
2020-10-15T00:00:00Z,0.0,26.0,62.0,NaN,NaN
2020-10-15T00:00:00Z,0.0,26.0,64.0,28.735556,0.64100647
2020-10-15T00:00:00Z,0.0,26.0,66.0,28.728363,0.6459656
2020-10-15T00:00:00Z,0.0,26.0,68.0,NaN,NaN
2020-10-15T00:00:00Z,0.0,26.0,70.0,NaN,NaN
2020-10-15T00:00:00Z,0.0,26.0,72.0,NaN,NaN
2020-10-15T00:00:00Z,0.0,26.0,74.0,NaN,NaN
2020-10-15T00:00:00Z,0.0,26.0,76.0,NaN,NaN
2020-11-15T00:00:00Z,0.0,8.0,56.0,28.050522,0.21918869
2020-11-15T00:00:00Z,0.0,8.0,58.0,28.249804,0.21100998
2020-11-15T00:00:00Z,0.0,8.0,60.0,28.476585,0.23197746
2020-11-15T00:00:00Z,0.0,8.0,62.0,28.657711,0.26631355
2020-11-15T00:00:00Z,0.0,8.0,64.0,28.76346,0.27287674
2020-11-15T00:00:00Z,0.0,8.0,66.0,28.867401,0.27667236
2020-11-15T00:00:00Z,0.0,8.0,68.0,28.971176,0.2823639
2020-11-15T00:00:00Z,0.0,8.0,70.0,29.055305,0.30567932
2020-11-15T00:00:00Z,0.0,8.0,72.0,29.173851,0.4314537
2020-11-15T00:00:00Z,0.0,8.0,74.0,29.220465,0.56321526
2020-11-15T00:00:00Z,0.0,8.0,76.0,29.163595,0.6511841
2020-11-15T00:00:00Z,0.0,10.0,56.0,27.765594,0.13405228
2020-11-15T00:00:00Z,0.0,10.0,58.0,27.941479,0.14468575
2020-11-15T00:00:00Z,0.0,10.0,60.0,28.12941,0.17218018
2020-11-15T00:00:00Z,0.0,10.0,62.0,28.30879,0.21426964
2020-11-15T00:00:00Z,0.0,10.0,64.0,28.462816,0.23666954
2020-11-15T00:00:00Z,0.0,10.0,66.0,28.628939,0.2451458
2020-11-15T00:00:00Z,0.0,10.0,68.0,28.805527,0.25121307
2020-11-15T00:00:00Z,0.0,10.0,70.0,28.964224,0.26557922
2020-11-15T00:00:00Z,0.0,10.0,72.0,29.150482,0.38079453
2020-11-15T00:00:00Z,0.0,10.0,74.0,29.243425,0.5105095
2020-11-15T00:00:00Z,0.0,10.0,76.0,29.221498,0.595047
2020-11-15T00:00:00Z,0.0,12.0,56.0,27.531176,0.053424835
2020-11-15T00:00:00Z,0.0,12.0,58.0,27.672337,0.07537651
2020-11-15T00:00:00Z,0.0,12.0,60.0,27.808676,0.109926224
2020-11-15T00:00:00Z,0.0,12.0,62.0,27.962019,0.15395546
2020-11-15T00:00:00Z,0.0,12.0,64.0,28.147392,0.19480896
2020-11-15T00:00:00Z,0.0,12.0,66.0,28.365967,0.21323776
2020-11-15T00:00:00Z,0.0,12.0,68.0,28.614971,0.22380447
2020-11-15T00:00:00Z,0.0,12.0,70.0,28.853497,0.23770714
2020-11-15T00:00:00Z,0.0,12.0,72.0,29.077326,0.3189106
2020-11-15T00:00:00Z,0.0,12.0,74.0,29.216957,0.4368286
2020-11-15T00:00:00Z,0.0,12.0,76.0,29.266674,0.53300095
2020-11-15T00:00:00Z,0.0,14.0,56.0,27.422138,0.042139053
2020-11-15T00:00:00Z,0.0,14.0,58.0,27.508368,0.04938698
2020-11-15T00:00:00Z,0.0,14.0,60.0,27.601807,0.06951523
2020-11-15T00:00:00Z,0.0,14.0,62.0,27.736826,0.11163902
2020-11-15T00:00:00Z,0.0,14.0,64.0,27.927683,0.16564178
2020-11-15T00:00:00Z,0.0,14.0,66.0,28.17121,0.19733429
2020-11-15T00:00:00Z,0.0,14.0,68.0,28.4627,0.21007538
2020-11-15T00:00:00Z,0.0,14.0,70.0,28.736849,0.21149635
2020-11-15T00:00:00Z,0.0,14.0,72.0,28.950521,0.24839592
2020-11-15T00:00:00Z,0.0,14.0,74.0,29.089605,0.3308277
2020-11-15T00:00:00Z,0.0,14.0,76.0,NaN,NaN
2020-11-15T00:00:00Z,0.0,16.0,56.0,27.377478,0.07885933
2020-11-15T00:00:00Z,0.0,16.0,58.0,27.416952,0.07076454
2020-11-15T00:00:00Z,0.0,16.0,60.0,27.50001,0.06998634
2020-11-15T00:00:00Z,0.0,16.0,62.0,27.62272,0.09401131
2020-11-15T00:00:00Z,0.0,16.0,64.0,27.796686,0.14841652
2020-11-15T00:00:00Z,0.0,16.0,66.0,28.047005,0.19608688
2020-11-15T00:00:00Z,0.0,16.0,68.0,28.355406,0.21321678
2020-11-15T00:00:00Z,0.0,16.0,70.0,28.61927,0.20308304
2020-11-15T00:00:00Z,0.0,16.0,72.0,28.77589,0.19055557
2020-11-15T00:00:00Z,0.0,16.0,74.0,28.919003,0.24614143
2020-11-15T00:00:00Z,0.0,16.0,76.0,NaN,NaN
2020-11-15T00:00:00Z,0.0,18.0,56.0,27.317078,0.12005806
2020-11-15T00:00:00Z,0.0,18.0,58.0,27.315582,0.115392685
2020-11-15T00:00:00Z,0.0,18.0,60.0,27.40464,0.0955143
2020-11-15T00:00:00Z,0.0,18.0,62.0,27.538565,0.09835434
2020-11-15T00:00:00Z,0.0,18.0,64.0,27.702427,0.14302826
2020-11-15T00:00:00Z,0.0,18.0,66.0,27.95267,0.2072506
2020-11-15T00:00:00Z,0.0,18.0,68.0,28.248022,0.24131203
2020-11-15T00:00:00Z,0.0,18.0,70.0,28.455067,0.2352314
2020-11-15T00:00:00Z,0.0,18.0,72.0,28.521278,0.20394516
2020-11-15T00:00:00Z,0.0,18.0,74.0,NaN,NaN
2020-11-15T00:00:00Z,0.0,18.0,76.0,NaN,NaN
2020-11-15T00:00:00Z,0.0,20.0,56.0,NaN,NaN
2020-11-15T00:00:00Z,0.0,20.0,58.0,27.248543,0.14702415
2020-11-15T00:00:00Z,0.0,20.0,60.0,27.318794,0.12503052
2020-11-15T00:00:00Z,0.0,20.0,62.0,27.456436,0.11532974
2020-11-15T00:00:00Z,0.0,20.0,64.0,27.6153,0.15119553
2020-11-15T00:00:00Z,0.0,20.0,66.0,27.834026,0.2277565
2020-11-15T00:00:00Z,0.0,20.0,68.0,28.04524,0.28053093
2020-11-15T00:00:00Z,0.0,20.0,70.0,28.176685,0.28840828
2020-11-15T00:00:00Z,0.0,20.0,72.0,28.25196,0.25473022
2020-11-15T00:00:00Z,0.0,20.0,74.0,NaN,NaN
2020-11-15T00:00:00Z,0.0,20.0,76.0,NaN,NaN
2020-11-15T00:00:00Z,0.0,22.0,56.0,NaN,NaN
2020-11-15T00:00:00Z,0.0,22.0,58.0,NaN,NaN
2020-11-15T00:00:00Z,0.0,22.0,60.0,27.288408,0.1392498
2020-11-15T00:00:00Z,0.0,22.0,62.0,27.382706,0.14233017
2020-11-15T00:00:00Z,0.0,22.0,64.0,27.50342,0.18419075
2020-11-15T00:00:00Z,0.0,22.0,66.0,27.637474,0.25953484
2020-11-15T00:00:00Z,0.0,22.0,68.0,27.741209,0.31359673
2020-11-15T00:00:00Z,0.0,22.0,70.0,27.876328,0.3287258
2020-11-15T00:00:00Z,0.0,22.0,72.0,NaN,NaN
2020-11-15T00:00:00Z,0.0,22.0,74.0,NaN,NaN
2020-11-15T00:00:00Z,0.0,22.0,76.0,NaN,NaN
2020-11-15T00:00:00Z,0.0,24.0,56.0,NaN,NaN
2020-11-15T00:00:00Z,0.0,24.0,58.0,NaN,NaN
2020-11-15T00:00:00Z,0.0,24.0,60.0,27.26344,0.14072609
2020-11-15T00:00:00Z,0.0,24.0,62.0,27.284546,0.16725731
2020-11-15T00:00:00Z,0.0,24.0,64.0,27.331646,0.22195244
2020-11-15T00:00:00Z,0.0,24.0,66.0,27.369532,0.27077484
2020-11-15T00:00:00Z,0.0,24.0,68.0,27.468456,0.31365776
2020-11-15T00:00:00Z,0.0,24.0,70.0,NaN,NaN
2020-11-15T00:00:00Z,0.0,24.0,72.0,NaN,NaN
2020-11-15T00:00:00Z,0.0,24.0,74.0,NaN,NaN
2020-11-15T00:00:00Z,0.0,24.0,76.0,NaN,NaN
2020-11-15T00:00:00Z,0.0,26.0,56.0,28.013786,0.31428337
2020-11-15T00:00:00Z,0.0,26.0,58.0,27.535028,0.18638802
2020-11-15T00:00:00Z,0.0,26.0,60.0,27.244457,0.12786674
2020-11-15T00:00:00Z,0.0,26.0,62.0,NaN,NaN
2020-11-15T00:00:00Z,0.0,26.0,64.0,27.178167,0.23793602
2020-11-15T00:00:00Z,0.0,26.0,66.0,27.208797,0.28956413
2020-11-15T00:00:00Z,0.0,26.0,68.0,NaN,NaN
2020-11-15T00:00:00Z,0.0,26.0,70.0,NaN,NaN
2020-11-15T00:00:00Z,0.0,26.0,72.0,NaN,NaN
2020-11-15T00:00:00Z,0.0,26.0,74.0,NaN,NaN
2020-11-15T00:00:00Z,0.0,26.0,76.0,NaN,NaN
2020-12-15T00:00:00Z,0.0,8.0,56.0,27.630836,0.3145237
2020-12-15T00:00:00Z,0.0,8.0,58.0,27.853834,0.33164787
2020-12-15T00:00:00Z,0.0,8.0,60.0,28.057146,0.3261032
2020-12-15T00:00:00Z,0.0,8.0,62.0,28.22572,0.30921936
2020-12-15T00:00:00Z,0.0,8.0,64.0,28.361637,0.27523994
2020-12-15T00:00:00Z,0.0,8.0,66.0,28.513937,0.25764275
2020-12-15T00:00:00Z,0.0,8.0,68.0,28.651218,0.24925995
2020-12-15T00:00:00Z,0.0,8.0,70.0,28.737223,0.25455666
2020-12-15T00:00:00Z,0.0,8.0,72.0,28.849855,0.37602234
2020-12-15T00:00:00Z,0.0,8.0,74.0,28.914234,0.53206825
2020-12-15T00:00:00Z,0.0,8.0,76.0,28.86926,0.6506214
2020-12-15T00:00:00Z,0.0,10.0,56.0,27.360903,0.37284088
2020-12-15T00:00:00Z,0.0,10.0,58.0,27.549612,0.41175652
2020-12-15T00:00:00Z,0.0,10.0,60.0,27.720255,0.4156494
2020-12-15T00:00:00Z,0.0,10.0,62.0,27.888123,0.4105606
2020-12-15T00:00:00Z,0.0,10.0,64.0,28.06349,0.38525963
2020-12-15T00:00:00Z,0.0,10.0,66.0,28.276926,0.35780144
2020-12-15T00:00:00Z,0.0,10.0,68.0,28.489676,0.32938385
2020-12-15T00:00:00Z,0.0,10.0,70.0,28.663324,0.31009483
2020-12-15T00:00:00Z,0.0,10.0,72.0,28.862246,0.4050789
2020-12-15T00:00:00Z,0.0,10.0,74.0,28.994331,0.5467682
2020-12-15T00:00:00Z,0.0,10.0,76.0,29.002691,0.6511364
2020-12-15T00:00:00Z,0.0,12.0,56.0,26.997875,0.36062622
2020-12-15T00:00:00Z,0.0,12.0,58.0,27.155565,0.41137695
2020-12-15T00:00:00Z,0.0,12.0,60.0,27.297977,0.43503952
2020-12-15T00:00:00Z,0.0,12.0,62.0,27.457842,0.45277977
2020-12-15T00:00:00Z,0.0,12.0,64.0,27.669512,0.45438766
2020-12-15T00:00:00Z,0.0,12.0,66.0,27.93642,0.4253788
2020-12-15T00:00:00Z,0.0,12.0,68.0,28.23714,0.3917656
2020-12-15T00:00:00Z,0.0,12.0,70.0,28.51596,0.362772
2020-12-15T00:00:00Z,0.0,12.0,72.0,28.778961,0.40991974
2020-12-15T00:00:00Z,0.0,12.0,74.0,28.96605,0.512167
2020-12-15T00:00:00Z,0.0,12.0,76.0,29.063429,0.61364365
2020-12-15T00:00:00Z,0.0,14.0,56.0,26.615969,0.311718
2020-12-15T00:00:00Z,0.0,14.0,58.0,26.745134,0.34530067
2020-12-15T00:00:00Z,0.0,14.0,60.0,26.898489,0.38586426
2020-12-15T00:00:00Z,0.0,14.0,62.0,27.067617,0.4282837
2020-12-15T00:00:00Z,0.0,14.0,64.0,27.287287,0.4547863
2020-12-15T00:00:00Z,0.0,14.0,66.0,27.588322,0.4465084
2020-12-15T00:00:00Z,0.0,14.0,68.0,27.960838,0.42289925
2020-12-15T00:00:00Z,0.0,14.0,70.0,28.314732,0.38829422
2020-12-15T00:00:00Z,0.0,14.0,72.0,28.593748,0.38233185
2020-12-15T00:00:00Z,0.0,14.0,74.0,28.78752,0.4350567
2020-12-15T00:00:00Z,0.0,14.0,76.0,NaN,NaN
2020-12-15T00:00:00Z,0.0,16.0,56.0,26.275187,0.24546432
2020-12-15T00:00:00Z,0.0,16.0,58.0,26.354477,0.2477684
2020-12-15T00:00:00Z,0.0,16.0,60.0,26.530426,0.29117393
2020-12-15T00:00:00Z,0.0,16.0,62.0,26.717447,0.34602928
2020-12-15T00:00:00Z,0.0,16.0,64.0,26.927603,0.39020538
2020-12-15T00:00:00Z,0.0,16.0,66.0,27.249065,0.4154606
2020-12-15T00:00:00Z,0.0,16.0,68.0,27.6669,0.41310883
2020-12-15T00:00:00Z,0.0,16.0,70.0,28.01906,0.3706627
2020-12-15T00:00:00Z,0.0,16.0,72.0,28.254004,0.32224655
2020-12-15T00:00:00Z,0.0,16.0,74.0,28.494286,0.35927773
2020-12-15T00:00:00Z,0.0,16.0,76.0,NaN,NaN
2020-12-15T00:00:00Z,0.0,18.0,56.0,26.04977,0.19828987
2020-12-15T00:00:00Z,0.0,18.0,58.0,26.056896,0.1912365
2020-12-15T00:00:00Z,0.0,18.0,60.0,26.208576,0.2179718
2020-12-15T00:00:00Z,0.0,18.0,62.0,26.403763,0.2745552
2020-12-15T00:00:00Z,0.0,18.0,64.0,26.607685,0.32862282
2020-12-15T00:00:00Z,0.0,18.0,66.0,26.915953,0.3705368
2020-12-15T00:00:00Z,0.0,18.0,68.0,27.284191,0.36708832
2020-12-15T00:00:00Z,0.0,18.0,70.0,27.505234,0.30187798
2020-12-15T00:00:00Z,0.0,18.0,72.0,27.571823,0.22956467
2020-12-15T00:00:00Z,0.0,18.0,74.0,NaN,NaN
2020-12-15T00:00:00Z,0.0,18.0,76.0,NaN,NaN
2020-12-15T00:00:00Z,0.0,20.0,56.0,NaN,NaN
2020-12-15T00:00:00Z,0.0,20.0,58.0,25.910233,0.19730568
2020-12-15T00:00:00Z,0.0,20.0,60.0,25.98621,0.22055054
2020-12-15T00:00:00Z,0.0,20.0,62.0,26.159786,0.26568222
2020-12-15T00:00:00Z,0.0,20.0,64.0,26.35467,0.31587982
2020-12-15T00:00:00Z,0.0,20.0,66.0,26.562788,0.33460045
2020-12-15T00:00:00Z,0.0,20.0,68.0,26.726303,0.2947998
2020-12-15T00:00:00Z,0.0,20.0,70.0,26.779312,0.21383095
2020-12-15T00:00:00Z,0.0,20.0,72.0,26.83724,0.12762833
2020-12-15T00:00:00Z,0.0,20.0,74.0,NaN,NaN
2020-12-15T00:00:00Z,0.0,20.0,76.0,NaN,NaN
2020-12-15T00:00:00Z,0.0,22.0,56.0,NaN,NaN
2020-12-15T00:00:00Z,0.0,22.0,58.0,NaN,NaN
2020-12-15T00:00:00Z,0.0,22.0,60.0,25.792377,0.26090622
2020-12-15T00:00:00Z,0.0,22.0,62.0,25.94984,0.29581833
2020-12-15T00:00:00Z,0.0,22.0,64.0,26.104465,0.32748604
2020-12-15T00:00:00Z,0.0,22.0,66.0,26.157202,0.31030464
2020-12-15T00:00:00Z,0.0,22.0,68.0,26.111017,0.23341942
2020-12-15T00:00:00Z,0.0,22.0,70.0,26.158373,0.14876938
2020-12-15T00:00:00Z,0.0,22.0,72.0,NaN,NaN
2020-12-15T00:00:00Z,0.0,22.0,74.0,NaN,NaN
2020-12-15T00:00:00Z,0.0,22.0,76.0,NaN,NaN
2020-12-15T00:00:00Z,0.0,24.0,56.0,NaN,NaN
2020-12-15T00:00:00Z,0.0,24.0,58.0,NaN,NaN
2020-12-15T00:00:00Z,0.0,24.0,60.0,25.510317,0.2360096
2020-12-15T00:00:00Z,0.0,24.0,62.0,25.709435,0.29298973
2020-12-15T00:00:00Z,0.0,24.0,64.0,25.832273,0.3283062
2020-12-15T00:00:00Z,0.0,24.0,66.0,25.759207,0.27542114
2020-12-15T00:00:00Z,0.0,24.0,68.0,25.70216,0.18901253
2020-12-15T00:00:00Z,0.0,24.0,70.0,NaN,NaN
2020-12-15T00:00:00Z,0.0,24.0,72.0,NaN,NaN
2020-12-15T00:00:00Z,0.0,24.0,74.0,NaN,NaN
2020-12-15T00:00:00Z,0.0,24.0,76.0,NaN,NaN
2020-12-15T00:00:00Z,0.0,26.0,56.0,25.304962,0.23021317
2020-12-15T00:00:00Z,0.0,26.0,58.0,25.283882,0.18494987
2020-12-15T00:00:00Z,0.0,26.0,60.0,25.269924,0.15701485
2020-12-15T00:00:00Z,0.0,26.0,62.0,NaN,NaN
2020-12-15T00:00:00Z,0.0,26.0,64.0,25.629393,0.3019638
2020-12-15T00:00:00Z,0.0,26.0,66.0,25.566711,0.27069092
2020-12-15T00:00:00Z,0.0,26.0,68.0,NaN,NaN
2020-12-15T00:00:00Z,0.0,26.0,70.0,NaN,NaN
2020-12-15T00:00:00Z,0.0,26.0,72.0,NaN,NaN
2020-12-15T00:00:00Z,0.0,26.0,74.0,NaN,NaN
2020-12-15T00:00:00Z,0.0,26.0,76.0,NaN,NaN
2021-01-15T00:00:00Z,0.0,8.0,56.0,26.63596,-0.18720627
2021-01-15T00:00:00Z,0.0,8.0,58.0,26.943586,-0.103702545
2021-01-15T00:00:00Z,0.0,8.0,60.0,27.207523,-0.05414009
2021-01-15T00:00:00Z,0.0,8.0,62.0,27.451092,-0.023824692
2021-01-15T00:00:00Z,0.0,8.0,64.0,27.700571,0.009759903
2021-01-15T00:00:00Z,0.0,8.0,66.0,27.942688,0.051101685
2021-01-15T00:00:00Z,0.0,8.0,68.0,28.143303,0.093990326
2021-01-15T00:00:00Z,0.0,8.0,70.0,28.285671,0.14262962
2021-01-15T00:00:00Z,0.0,8.0,72.0,28.413189,0.25333405
2021-01-15T00:00:00Z,0.0,8.0,74.0,28.495413,0.39149666
2021-01-15T00:00:00Z,0.0,8.0,76.0,28.449587,0.49176788
2021-01-15T00:00:00Z,0.0,10.0,56.0,26.198845,-0.20152664
2021-01-15T00:00:00Z,0.0,10.0,58.0,26.469122,-0.099020004
2021-01-15T00:00:00Z,0.0,10.0,60.0,26.701944,-0.039426804
2021-01-15T00:00:00Z,0.0,10.0,62.0,26.949375,0.008396149
2021-01-15T00:00:00Z,0.0,10.0,64.0,27.25464,0.06262016
2021-01-15T00:00:00Z,0.0,10.0,66.0,27.59408,0.11874771
2021-01-15T00:00:00Z,0.0,10.0,68.0,27.902771,0.16233444
2021-01-15T00:00:00Z,0.0,10.0,70.0,28.157629,0.20283699
2021-01-15T00:00:00Z,0.0,10.0,72.0,28.40028,0.30788422
2021-01-15T00:00:00Z,0.0,10.0,74.0,28.583927,0.45067787
2021-01-15T00:00:00Z,0.0,10.0,76.0,28.64031,0.5627842
2021-01-15T00:00:00Z,0.0,12.0,56.0,25.64505,-0.26867867
2021-01-15T00:00:00Z,0.0,12.0,58.0,25.86055,-0.16807365
2021-01-15T00:00:00Z,0.0,12.0,60.0,26.064116,-0.09602928
2021-01-15T00:00:00Z,0.0,12.0,62.0,26.311388,-0.023443222
2021-01-15T00:00:00Z,0.0,12.0,64.0,26.659283,0.05426407
2021-01-15T00:00:00Z,0.0,12.0,66.0,27.087053,0.12407684
2021-01-15T00:00:00Z,0.0,12.0,68.0,27.523256,0.18261337
2021-01-15T00:00:00Z,0.0,12.0,70.0,27.912756,0.23163033
2021-01-15T00:00:00Z,0.0,12.0,72.0,28.255272,0.31856155
2021-01-15T00:00:00Z,0.0,12.0,74.0,28.521383,0.44188118
2021-01-15T00:00:00Z,0.0,12.0,76.0,28.69759,0.5635624
2021-01-15T00:00:00Z,0.0,14.0,56.0,25.115822,-0.3397808
2021-01-15T00:00:00Z,0.0,14.0,58.0,25.282946,-0.26194954
2021-01-15T00:00:00Z,0.0,14.0,60.0,25.477404,-0.18632507
2021-01-15T00:00:00Z,0.0,14.0,62.0,25.711489,-0.102781296
2021-01-15T00:00:00Z,0.0,14.0,64.0,26.047998,-0.018688202
2021-01-15T00:00:00Z,0.0,14.0,66.0,26.521347,0.06499481
2021-01-15T00:00:00Z,0.0,14.0,68.0,27.070898,0.1469822
2021-01-15T00:00:00Z,0.0,14.0,70.0,27.581327,0.21349525
2021-01-15T00:00:00Z,0.0,14.0,72.0,27.991093,0.2838421
2021-01-15T00:00:00Z,0.0,14.0,74.0,28.278122,0.37378693
2021-01-15T00:00:00Z,0.0,14.0,76.0,NaN,NaN
2021-01-15T00:00:00Z,0.0,16.0,56.0,24.696173,-0.3930626
2021-01-15T00:00:00Z,0.0,16.0,58.0,24.798977,-0.3475647
2021-01-15T00:00:00Z,0.0,16.0,60.0,24.989565,-0.28068352
2021-01-15T00:00:00Z,0.0,16.0,62.0,25.19898,-0.20874786
2021-01-15T00:00:00Z,0.0,16.0,64.0,25.485035,-0.13415146
2021-01-15T00:00:00Z,0.0,16.0,66.0,25.959654,-0.042970657
2021-01-15T00:00:00Z,0.0,16.0,68.0,26.57636,0.058778763
2021-01-15T00:00:00Z,0.0,16.0,70.0,27.111345,0.12872124
2021-01-15T00:00:00Z,0.0,16.0,72.0,27.51599,0.18675423
2021-01-15T00:00:00Z,0.0,16.0,74.0,27.883606,0.28270912
2021-01-15T00:00:00Z,0.0,16.0,76.0,NaN,NaN
2021-01-15T00:00:00Z,0.0,18.0,56.0,24.449286,-0.39980698
2021-01-15T00:00:00Z,0.0,18.0,58.0,24.463364,-0.3647194
2021-01-15T00:00:00Z,0.0,18.0,60.0,24.600973,-0.3210888
2021-01-15T00:00:00Z,0.0,18.0,62.0,24.77233,-0.27052498
2021-01-15T00:00:00Z,0.0,18.0,64.0,25.007978,-0.21235466
2021-01-15T00:00:00Z,0.0,18.0,66.0,25.43178,-0.13546944
2021-01-15T00:00:00Z,0.0,18.0,68.0,25.972103,-0.05995941
2021-01-15T00:00:00Z,0.0,18.0,70.0,26.327362,-0.041805267
2021-01-15T00:00:00Z,0.0,18.0,72.0,26.493118,-0.03642845
2021-01-15T00:00:00Z,0.0,18.0,74.0,NaN,NaN
2021-01-15T00:00:00Z,0.0,18.0,76.0,NaN,NaN
2021-01-15T00:00:00Z,0.0,20.0,56.0,NaN,NaN
2021-01-15T00:00:00Z,0.0,20.0,58.0,24.282341,-0.31985283
2021-01-15T00:00:00Z,0.0,20.0,60.0,24.31289,-0.2784233
2021-01-15T00:00:00Z,0.0,20.0,62.0,24.436253,-0.24241257
2021-01-15T00:00:00Z,0.0,20.0,64.0,24.631676,-0.20438576
2021-01-15T00:00:00Z,0.0,20.0,66.0,24.909723,-0.17479515
2021-01-15T00:00:00Z,0.0,20.0,68.0,25.15744,-0.18982887
2021-01-15T00:00:00Z,0.0,20.0,70.0,25.254793,-0.24853897
2021-01-15T00:00:00Z,0.0,20.0,72.0,25.377226,-0.29980087
2021-01-15T00:00:00Z,0.0,20.0,74.0,NaN,NaN
2021-01-15T00:00:00Z,0.0,20.0,76.0,NaN,NaN
2021-01-15T00:00:00Z,0.0,22.0,56.0,NaN,NaN
2021-01-15T00:00:00Z,0.0,22.0,58.0,NaN,NaN
2021-01-15T00:00:00Z,0.0,22.0,60.0,24.028942,-0.1900177
2021-01-15T00:00:00Z,0.0,22.0,62.0,24.155857,-0.15322495
2021-01-15T00:00:00Z,0.0,22.0,64.0,24.302637,-0.13273811
2021-01-15T00:00:00Z,0.0,22.0,66.0,24.36848,-0.16966438
2021-01-15T00:00:00Z,0.0,22.0,68.0,24.32143,-0.27584648
2021-01-15T00:00:00Z,0.0,22.0,70.0,24.378042,-0.3905201
2021-01-15T00:00:00Z,0.0,22.0,72.0,NaN,NaN
2021-01-15T00:00:00Z,0.0,22.0,74.0,NaN,NaN
2021-01-15T00:00:00Z,0.0,22.0,76.0,NaN,NaN
2021-01-15T00:00:00Z,0.0,24.0,56.0,NaN,NaN
2021-01-15T00:00:00Z,0.0,24.0,58.0,NaN,NaN
2021-01-15T00:00:00Z,0.0,24.0,60.0,23.720554,-0.13770485
2021-01-15T00:00:00Z,0.0,24.0,62.0,23.891336,-0.10209656
2021-01-15T00:00:00Z,0.0,24.0,64.0,23.999054,-0.07777405
2021-01-15T00:00:00Z,0.0,24.0,66.0,23.922516,-0.14792633
2021-01-15T00:00:00Z,0.0,24.0,68.0,23.837934,-0.28791428
2021-01-15T00:00:00Z,0.0,24.0,70.0,NaN,NaN
2021-01-15T00:00:00Z,0.0,24.0,72.0,NaN,NaN
2021-01-15T00:00:00Z,0.0,24.0,74.0,NaN,NaN
2021-01-15T00:00:00Z,0.0,24.0,76.0,NaN,NaN
2021-01-15T00:00:00Z,0.0,26.0,56.0,23.331284,0.15420151
2021-01-15T00:00:00Z,0.0,26.0,58.0,23.48417,-0.044981003
2021-01-15T00:00:00Z,0.0,26.0,60.0,23.516186,-0.14968681
2021-01-15T00:00:00Z,0.0,26.0,62.0,NaN,NaN
2021-01-15T00:00:00Z,0.0,26.0,64.0,23.81319,-0.06502342
2021-01-15T00:00:00Z,0.0,26.0,66.0,23.73801,-0.1131649
2021-01-15T00:00:00Z,0.0,26.0,68.0,NaN,NaN
2021-01-15T00:00:00Z,0.0,26.0,70.0,NaN,NaN
2021-01-15T00:00:00Z,0.0,26.0,72.0,NaN,NaN
2021-01-15T00:00:00Z,0.0,26.0,74.0,NaN,NaN
2021-01-15T00:00:00Z,0.0,26.0,76.0,NaN,NaN
2021-02-15T00:00:00Z,0.0,8.0,56.0,26.866962,-0.16293526
2021-02-15T00:00:00Z,0.0,8.0,58.0,27.169363,-0.030761719
2021-02-15T00:00:00Z,0.0,8.0,60.0,27.459236,0.07494736
2021-02-15T00:00:00Z,0.0,8.0,62.0,27.747894,0.1530838
2021-02-15T00:00:00Z,0.0,8.0,64.0,28.03383,0.21720695
2021-02-15T00:00:00Z,0.0,8.0,66.0,28.29414,0.27249718
2021-02-15T00:00:00Z,0.0,8.0,68.0,28.4969,0.30317116
2021-02-15T00:00:00Z,0.0,8.0,70.0,28.619534,0.3014927
2021-02-15T00:00:00Z,0.0,8.0,72.0,28.71393,0.33318138
2021-02-15T00:00:00Z,0.0,8.0,74.0,28.769726,0.3853283
2021-02-15T00:00:00Z,0.0,8.0,76.0,28.714535,0.42321968
2021-02-15T00:00:00Z,0.0,10.0,56.0,26.449831,-0.094480515
2021-02-15T00:00:00Z,0.0,10.0,58.0,26.717838,0.05019188
2021-02-15T00:00:00Z,0.0,10.0,60.0,26.968779,0.15261269
2021-02-15T00:00:00Z,0.0,10.0,62.0,27.249825,0.22459602
2021-02-15T00:00:00Z,0.0,10.0,64.0,27.598385,0.29667854
2021-02-15T00:00:00Z,0.0,10.0,66.0,27.963354,0.36450005
2021-02-15T00:00:00Z,0.0,10.0,68.0,28.265745,0.39564133
2021-02-15T00:00:00Z,0.0,10.0,70.0,28.48398,0.38660622
2021-02-15T00:00:00Z,0.0,10.0,72.0,28.6715,0.4065628
2021-02-15T00:00:00Z,0.0,10.0,74.0,28.812595,0.450531
2021-02-15T00:00:00Z,0.0,10.0,76.0,28.849451,0.48371887
2021-02-15T00:00:00Z,0.0,12.0,56.0,25.995554,-0.040193558
2021-02-15T00:00:00Z,0.0,12.0,58.0,26.212976,0.09528923
2021-02-15T00:00:00Z,0.0,12.0,60.0,26.423874,0.19860268
2021-02-15T00:00:00Z,0.0,12.0,62.0,26.689875,0.28022957
2021-02-15T00:00:00Z,0.0,12.0,64.0,27.077076,0.3637638
2021-02-15T00:00:00Z,0.0,12.0,66.0,27.529116,0.44078255
2021-02-15T00:00:00Z,0.0,12.0,68.0,27.941324,0.48547173
2021-02-15T00:00:00Z,0.0,12.0,70.0,28.265696,0.4841137
2021-02-15T00:00:00Z,0.0,12.0,72.0,28.536758,0.48955154
2021-02-15T00:00:00Z,0.0,12.0,74.0,28.74724,0.508234
2021-02-15T00:00:00Z,0.0,12.0,76.0,28.888485,0.5340595
2021-02-15T00:00:00Z,0.0,14.0,56.0,25.557693,-0.017307281
2021-02-15T00:00:00Z,0.0,14.0,58.0,25.735626,0.102334976
2021-02-15T00:00:00Z,0.0,14.0,60.0,25.936565,0.21666908
2021-02-15T00:00:00Z,0.0,14.0,62.0,26.187065,0.32073212
2021-02-15T00:00:00Z,0.0,14.0,64.0,26.56363,0.41654587
2021-02-15T00:00:00Z,0.0,14.0,66.0,27.061178,0.5048866
2021-02-15T00:00:00Z,0.0,14.0,68.0,27.574512,0.56778336
2021-02-15T00:00:00Z,0.0,14.0,70.0,27.99891,0.5810375
2021-02-15T00:00:00Z,0.0,14.0,72.0,28.32308,0.57003784
2021-02-15T00:00:00Z,0.0,14.0,74.0,28.551718,0.5686703
2021-02-15T00:00:00Z,0.0,14.0,76.0,NaN,NaN
2021-02-15T00:00:00Z,0.0,16.0,56.0,25.164774,-0.026346207
2021-02-15T00:00:00Z,0.0,16.0,58.0,25.288845,0.07580376
2021-02-15T00:00:00Z,0.0,16.0,60.0,25.511652,0.20865059
2021-02-15T00:00:00Z,0.0,16.0,62.0,25.765495,0.33932686
2021-02-15T00:00:00Z,0.0,16.0,64.0,26.112001,0.4585228
2021-02-15T00:00:00Z,0.0,16.0,66.0,26.61295,0.55976105
2021-02-15T00:00:00Z,0.0,16.0,68.0,27.185492,0.63596916
2021-02-15T00:00:00Z,0.0,16.0,70.0,27.619846,0.6477432
2021-02-15T00:00:00Z,0.0,16.0,72.0,27.921486,0.6173687
2021-02-15T00:00:00Z,0.0,16.0,74.0,28.222464,0.61808395
2021-02-15T00:00:00Z,0.0,16.0,76.0,NaN,NaN
2021-02-15T00:00:00Z,0.0,18.0,56.0,24.888126,-0.012401581
2021-02-15T00:00:00Z,0.0,18.0,58.0,24.93212,0.093673706
2021-02-15T00:00:00Z,0.0,18.0,60.0,25.13491,0.22809601
2021-02-15T00:00:00Z,0.0,18.0,62.0,25.391373,0.3773098
2021-02-15T00:00:00Z,0.0,18.0,64.0,25.708124,0.5116863
2021-02-15T00:00:00Z,0.0,18.0,66.0,26.17421,0.6206684
2021-02-15T00:00:00Z,0.0,18.0,68.0,26.680609,0.67923355
2021-02-15T00:00:00Z,0.0,18.0,70.0,26.949759,0.65911293
2021-02-15T00:00:00Z,0.0,18.0,72.0,27.019827,0.6032505
2021-02-15T00:00:00Z,0.0,18.0,74.0,NaN,NaN
2021-02-15T00:00:00Z,0.0,18.0,76.0,NaN,NaN
2021-02-15T00:00:00Z,0.0,20.0,56.0,NaN,NaN
2021-02-15T00:00:00Z,0.0,20.0,58.0,24.72889,0.18099213
2021-02-15T00:00:00Z,0.0,20.0,60.0,24.820862,0.32092285
2021-02-15T00:00:00Z,0.0,20.0,62.0,25.028246,0.46478653
2021-02-15T00:00:00Z,0.0,20.0,64.0,25.30714,0.59134865
2021-02-15T00:00:00Z,0.0,20.0,66.0,25.652117,0.6745949
2021-02-15T00:00:00Z,0.0,20.0,68.0,25.926756,0.6839237
2021-02-15T00:00:00Z,0.0,20.0,70.0,25.99234,0.6229706
2021-02-15T00:00:00Z,0.0,20.0,72.0,26.059862,0.54756546
2021-02-15T00:00:00Z,0.0,20.0,74.0,NaN,NaN
2021-02-15T00:00:00Z,0.0,20.0,76.0,NaN,NaN
2021-02-15T00:00:00Z,0.0,22.0,56.0,NaN,NaN
2021-02-15T00:00:00Z,0.0,22.0,58.0,NaN,NaN
2021-02-15T00:00:00Z,0.0,22.0,60.0,24.471237,0.46175766
2021-02-15T00:00:00Z,0.0,22.0,62.0,24.632812,0.56752014
2021-02-15T00:00:00Z,0.0,22.0,64.0,24.841505,0.662714
2021-02-15T00:00:00Z,0.0,22.0,66.0,25.007727,0.6978111
2021-02-15T00:00:00Z,0.0,22.0,68.0,25.06923,0.65934753
2021-02-15T00:00:00Z,0.0,22.0,70.0,25.180996,0.58260727
2021-02-15T00:00:00Z,0.0,22.0,72.0,NaN,NaN
2021-02-15T00:00:00Z,0.0,22.0,74.0,NaN,NaN
2021-02-15T00:00:00Z,0.0,22.0,76.0,NaN,NaN
2021-02-15T00:00:00Z,0.0,24.0,56.0,NaN,NaN
2021-02-15T00:00:00Z,0.0,24.0,58.0,NaN,NaN
2021-02-15T00:00:00Z,0.0,24.0,60.0,24.033903,0.5113411
2021-02-15T00:00:00Z,0.0,24.0,62.0,24.229237,0.5990772
2021-02-15T00:00:00Z,0.0,24.0,64.0,24.371992,0.6814213
2021-02-15T00:00:00Z,0.0,24.0,66.0,24.401348,0.6776695
2021-02-15T00:00:00Z,0.0,24.0,68.0,24.478552,0.6268883
2021-02-15T00:00:00Z,0.0,24.0,70.0,NaN,NaN
2021-02-15T00:00:00Z,0.0,24.0,72.0,NaN,NaN
2021-02-15T00:00:00Z,0.0,24.0,74.0,NaN,NaN
2021-02-15T00:00:00Z,0.0,24.0,76.0,NaN,NaN
2021-02-15T00:00:00Z,0.0,26.0,56.0,22.940857,0.49635696
2021-02-15T00:00:00Z,0.0,26.0,58.0,23.499453,0.47489738
2021-02-15T00:00:00Z,0.0,26.0,60.0,23.73484,0.47239685
2021-02-15T00:00:00Z,0.0,26.0,62.0,NaN,NaN
2021-02-15T00:00:00Z,0.0,26.0,64.0,24.08767,0.6639633
2021-02-15T00:00:00Z,0.0,26.0,66.0,24.076878,0.65291405
2021-02-15T00:00:00Z,0.0,26.0,68.0,NaN,NaN
2021-02-15T00:00:00Z,0.0,26.0,70.0,NaN,NaN
2021-02-15T00:00:00Z,0.0,26.0,72.0,NaN,NaN
2021-02-15T00:00:00Z,0.0,26.0,74.0,NaN,NaN
2021-02-15T00:00:00Z,0.0,26.0,76.0,NaN,NaN
2021-03-15T00:00:00Z,0.0,8.0,56.0,27.884657,-0.11159325
2021-03-15T00:00:00Z,0.0,8.0,58.0,28.128029,0.024383545
2021-03-15T00:00:00Z,0.0,8.0,60.0,28.390114,0.1474266
2021-03-15T00:00:00Z,0.0,8.0,62.0,28.661808,0.24920464
2021-03-15T00:00:00Z,0.0,8.0,64.0,28.92381,0.33472824
2021-03-15T00:00:00Z,0.0,8.0,66.0,29.159075,0.40161705
2021-03-15T00:00:00Z,0.0,8.0,68.0,29.347252,0.43383598
2021-03-15T00:00:00Z,0.0,8.0,70.0,29.46186,0.42352867
2021-03-15T00:00:00Z,0.0,8.0,72.0,29.559637,0.43855476
2021-03-15T00:00:00Z,0.0,8.0,74.0,29.641243,0.47222137
2021-03-15T00:00:00Z,0.0,8.0,76.0,29.649998,0.5136223
2021-03-15T00:00:00Z,0.0,10.0,56.0,27.525991,-0.054489136
2021-03-15T00:00:00Z,0.0,10.0,58.0,27.722902,0.07575607
2021-03-15T00:00:00Z,0.0,10.0,60.0,27.94296,0.18510818
2021-03-15T00:00:00Z,0.0,10.0,62.0,28.217545,0.28186035
2021-03-15T00:00:00Z,0.0,10.0,64.0,28.550718,0.3845539
2021-03-15T00:00:00Z,0.0,10.0,66.0,28.887608,0.483963
2021-03-15T00:00:00Z,0.0,10.0,68.0,29.156403,0.53534126
2021-03-15T00:00:00Z,0.0,10.0,70.0,29.340504,0.52560997
2021-03-15T00:00:00Z,0.0,10.0,72.0,29.51386,0.53240395
2021-03-15T00:00:00Z,0.0,10.0,74.0,29.683691,0.56479836
2021-03-15T00:00:00Z,0.0,10.0,76.0,29.782001,0.600502
2021-03-15T00:00:00Z,0.0,12.0,56.0,27.233461,0.061876297
2021-03-15T00:00:00Z,0.0,12.0,58.0,27.390755,0.17758942
2021-03-15T00:00:00Z,0.0,12.0,60.0,27.570496,0.2839775
2021-03-15T00:00:00Z,0.0,12.0,62.0,27.83289,0.39149475
2021-03-15T00:00:00Z,0.0,12.0,64.0,28.211662,0.51789284
2021-03-15T00:00:00Z,0.0,12.0,66.0,28.622643,0.64289474
2021-03-15T00:00:00Z,0.0,12.0,68.0,28.957401,0.7158203
2021-03-15T00:00:00Z,0.0,12.0,70.0,29.197775,0.7124424
2021-03-15T00:00:00Z,0.0,12.0,72.0,29.423521,0.6991463
2021-03-15T00:00:00Z,0.0,12.0,74.0,29.647863,0.69896317
2021-03-15T00:00:00Z,0.0,12.0,76.0,29.825087,0.7096329
2021-03-15T00:00:00Z,0.0,14.0,56.0,26.954979,0.18431091
2021-03-15T00:00:00Z,0.0,14.0,58.0,27.11178,0.30451012
2021-03-15T00:00:00Z,0.0,14.0,60.0,27.301432,0.43395042
2021-03-15T00:00:00Z,0.0,14.0,62.0,27.559698,0.57125854
2021-03-15T00:00:00Z,0.0,14.0,64.0,27.94316,0.7242222
2021-03-15T00:00:00Z,0.0,14.0,66.0,28.394407,0.87269783
2021-03-15T00:00:00Z,0.0,14.0,68.0,28.78606,0.9617691
2021-03-15T00:00:00Z,0.0,14.0,70.0,29.068312,0.9604988
2021-03-15T00:00:00Z,0.0,14.0,72.0,29.309315,0.9207077
2021-03-15T00:00:00Z,0.0,14.0,74.0,29.522274,0.8917446
2021-03-15T00:00:00Z,0.0,14.0,76.0,NaN,NaN
2021-03-15T00:00:00Z,0.0,16.0,56.0,26.66084,0.29001808
2021-03-15T00:00:00Z,0.0,16.0,58.0,26.810284,0.4299698
2021-03-15T00:00:00Z,0.0,16.0,60.0,27.058851,0.5968075
2021-03-15T00:00:00Z,0.0,16.0,62.0,27.352034,0.7743454
2021-03-15T00:00:00Z,0.0,16.0,64.0,27.729757,0.96157074
2021-03-15T00:00:00Z,0.0,16.0,66.0,28.186272,1.1286678
2021-03-15T00:00:00Z,0.0,16.0,68.0,28.607294,1.2261696
2021-03-15T00:00:00Z,0.0,16.0,70.0,28.86887,1.219017
2021-03-15T00:00:00Z,0.0,16.0,72.0,29.054718,1.1432381
2021-03-15T00:00:00Z,0.0,16.0,74.0,29.304464,1.0968513
2021-03-15T00:00:00Z,0.0,16.0,76.0,NaN,NaN
2021-03-15T00:00:00Z,0.0,18.0,56.0,26.425974,0.40755653
2021-03-15T00:00:00Z,0.0,18.0,58.0,26.508204,0.57416916
2021-03-15T00:00:00Z,0.0,18.0,60.0,26.781439,0.76610565
2021-03-15T00:00:00Z,0.0,18.0,62.0,27.122076,0.976326
2021-03-15T00:00:00Z,0.0,18.0,64.0,27.502916,1.1879177
2021-03-15T00:00:00Z,0.0,18.0,66.0,27.936476,1.3628731
2021-03-15T00:00:00Z,0.0,18.0,68.0,28.303959,1.4503784
2021-03-15T00:00:00Z,0.0,18.0,70.0,28.428368,1.4296608
2021-03-15T00:00:00Z,0.0,18.0,72.0,28.41355,1.3495693
2021-03-15T00:00:00Z,0.0,18.0,74.0,NaN,NaN
2021-03-15T00:00:00Z,0.0,18.0,76.0,NaN,NaN
2021-03-15T00:00:00Z,0.0,20.0,56.0,NaN,NaN
2021-03-15T00:00:00Z,0.0,20.0,58.0,26.3293,0.749773
2021-03-15T00:00:00Z,0.0,20.0,60.0,26.488008,0.94810486
2021-03-15T00:00:00Z,0.0,20.0,62.0,26.796764,1.1573257
2021-03-15T00:00:00Z,0.0,20.0,64.0,27.16741,1.3677044
2021-03-15T00:00:00Z,0.0,20.0,66.0,27.529453,1.5256004
2021-03-15T00:00:00Z,0.0,20.0,68.0,27.752378,1.5857964
2021-03-15T00:00:00Z,0.0,20.0,70.0,27.745573,1.5462208
2021-03-15T00:00:00Z,0.0,20.0,72.0,27.747406,1.477684
2021-03-15T00:00:00Z,0.0,20.0,74.0,NaN,NaN
2021-03-15T00:00:00Z,0.0,20.0,76.0,NaN,NaN
2021-03-15T00:00:00Z,0.0,22.0,56.0,NaN,NaN
2021-03-15T00:00:00Z,0.0,22.0,58.0,NaN,NaN
2021-03-15T00:00:00Z,0.0,22.0,60.0,26.119316,1.1292248
2021-03-15T00:00:00Z,0.0,22.0,62.0,26.35842,1.291399
2021-03-15T00:00:00Z,0.0,22.0,64.0,26.664255,1.4690266
2021-03-15T00:00:00Z,0.0,22.0,66.0,26.91511,1.587843
2021-03-15T00:00:00Z,0.0,22.0,68.0,27.037785,1.6158409
2021-03-15T00:00:00Z,0.0,22.0,70.0,27.1486,1.5836735
2021-03-15T00:00:00Z,0.0,22.0,72.0,NaN,NaN
2021-03-15T00:00:00Z,0.0,22.0,74.0,NaN,NaN
2021-03-15T00:00:00Z,0.0,22.0,76.0,NaN,NaN
2021-03-15T00:00:00Z,0.0,24.0,56.0,NaN,NaN
2021-03-15T00:00:00Z,0.0,24.0,58.0,NaN,NaN
2021-03-15T00:00:00Z,0.0,24.0,60.0,25.616127,1.1724644
2021-03-15T00:00:00Z,0.0,24.0,62.0,25.892982,1.3266277
2021-03-15T00:00:00Z,0.0,24.0,64.0,26.125095,1.4895058
2021-03-15T00:00:00Z,0.0,24.0,66.0,26.265038,1.559145
2021-03-15T00:00:00Z,0.0,24.0,68.0,26.464844,1.583807
2021-03-15T00:00:00Z,0.0,24.0,70.0,NaN,NaN
2021-03-15T00:00:00Z,0.0,24.0,72.0,NaN,NaN
2021-03-15T00:00:00Z,0.0,24.0,74.0,NaN,NaN
2021-03-15T00:00:00Z,0.0,24.0,76.0,NaN,NaN
2021-03-15T00:00:00Z,0.0,26.0,56.0,23.942097,0.9083481
2021-03-15T00:00:00Z,0.0,26.0,58.0,24.786522,1.0066452
2021-03-15T00:00:00Z,0.0,26.0,60.0,25.229685,1.0971088
2021-03-15T00:00:00Z,0.0,26.0,62.0,NaN,NaN
2021-03-15T00:00:00Z,0.0,26.0,64.0,25.804611,1.4732418
2021-03-15T00:00:00Z,0.0,26.0,66.0,25.876078,1.5148563
2021-03-15T00:00:00Z,0.0,26.0,68.0,NaN,NaN
2021-03-15T00:00:00Z,0.0,26.0,70.0,NaN,NaN
2021-03-15T00:00:00Z,0.0,26.0,72.0,NaN,NaN
2021-03-15T00:00:00Z,0.0,26.0,74.0,NaN,NaN
2021-03-15T00:00:00Z,0.0,26.0,76.0,NaN,NaN
2021-04-15T00:00:00Z,0.0,8.0,56.0,29.553585,0.1841507
2021-04-15T00:00:00Z,0.0,8.0,58.0,29.66384,0.23352814
2021-04-15T00:00:00Z,0.0,8.0,60.0,29.759752,0.26783562
2021-04-15T00:00:00Z,0.0,8.0,62.0,29.852869,0.2864933
2021-04-15T00:00:00Z,0.0,8.0,64.0,29.951298,0.29877853
2021-04-15T00:00:00Z,0.0,8.0,66.0,30.068996,0.31991577
2021-04-15T00:00:00Z,0.0,8.0,68.0,30.187178,0.34228325
2021-04-15T00:00:00Z,0.0,8.0,70.0,30.273018,0.35433197
2021-04-15T00:00:00Z,0.0,8.0,72.0,30.35165,0.39089966
2021-04-15T00:00:00Z,0.0,8.0,74.0,30.392038,0.4219761
2021-04-15T00:00:00Z,0.0,8.0,76.0,30.36267,0.45578957
2021-04-15T00:00:00Z,0.0,10.0,56.0,29.35453,0.2188015
2021-04-15T00:00:00Z,0.0,10.0,58.0,29.46863,0.29465103
2021-04-15T00:00:00Z,0.0,10.0,60.0,29.571218,0.35042572
2021-04-15T00:00:00Z,0.0,10.0,62.0,29.678167,0.3786869
2021-04-15T00:00:00Z,0.0,10.0,64.0,29.80603,0.39809418
2021-04-15T00:00:00Z,0.0,10.0,66.0,29.952013,0.42180443
2021-04-15T00:00:00Z,0.0,10.0,68.0,30.093086,0.4404812
2021-04-15T00:00:00Z,0.0,10.0,70.0,30.21634,0.44561005
2021-04-15T00:00:00Z,0.0,10.0,72.0,30.347445,0.47127914
2021-04-15T00:00:00Z,0.0,10.0,74.0,30.4742,0.5124912
2021-04-15T00:00:00Z,0.0,10.0,76.0,30.54156,0.551033
2021-04-15T00:00:00Z,0.0,12.0,56.0,29.238388,0.3300953
2021-04-15T00:00:00Z,0.0,12.0,58.0,29.345892,0.42022514
2021-04-15T00:00:00Z,0.0,12.0,60.0,29.43433,0.4876213
2021-04-15T00:00:00Z,0.0,12.0,62.0,29.535576,0.52653503
2021-04-15T00:00:00Z,0.0,12.0,64.0,29.676954,0.55724716
2021-04-15T00:00:00Z,0.0,12.0,66.0,29.831692,0.5842762
2021-04-15T00:00:00Z,0.0,12.0,68.0,29.971775,0.60133743
2021-04-15T00:00:00Z,0.0,12.0,70.0,30.099854,0.59251976
2021-04-15T00:00:00Z,0.0,12.0,72.0,30.27172,0.6050339
2021-04-15T00:00:00Z,0.0,12.0,74.0,30.457272,0.62410545
2021-04-15T00:00:00Z,0.0,12.0,76.0,30.60568,0.6432915
2021-04-15T00:00:00Z,0.0,14.0,56.0,29.089825,0.46186638
2021-04-15T00:00:00Z,0.0,14.0,58.0,29.21036,0.5734844
2021-04-15T00:00:00Z,0.0,14.0,60.0,29.311642,0.65722656
2021-04-15T00:00:00Z,0.0,14.0,62.0,29.419468,0.71588516
2021-04-15T00:00:00Z,0.0,14.0,64.0,29.561682,0.7599735
2021-04-15T00:00:00Z,0.0,14.0,66.0,29.718365,0.7935333
2021-04-15T00:00:00Z,0.0,14.0,68.0,29.852783,0.8034706
2021-04-15T00:00:00Z,0.0,14.0,70.0,29.974516,0.7808075
2021-04-15T00:00:00Z,0.0,14.0,72.0,30.149286,0.7717228
2021-04-15T00:00:00Z,0.0,14.0,74.0,30.333786,0.7737427
2021-04-15T00:00:00Z,0.0,14.0,76.0,NaN,NaN
2021-04-15T00:00:00Z,0.0,16.0,56.0,28.807304,0.57008934
2021-04-15T00:00:00Z,0.0,16.0,58.0,28.924448,0.7052593
2021-04-15T00:00:00Z,0.0,16.0,60.0,29.091923,0.81669426
2021-04-15T00:00:00Z,0.0,16.0,62.0,29.249407,0.8992405
2021-04-15T00:00:00Z,0.0,16.0,64.0,29.39778,0.9581356
2021-04-15T00:00:00Z,0.0,16.0,66.0,29.544357,0.9901085
2021-04-15T00:00:00Z,0.0,16.0,68.0,29.670712,0.9887333
2021-04-15T00:00:00Z,0.0,16.0,70.0,29.75983,0.9549942
2021-04-15T00:00:00Z,0.0,16.0,72.0,29.891449,0.916523
2021-04-15T00:00:00Z,0.0,16.0,74.0,30.118029,0.9135456
2021-04-15T00:00:00Z,0.0,16.0,76.0,NaN,NaN
2021-04-15T00:00:00Z,0.0,18.0,56.0,28.500162,0.6719475
2021-04-15T00:00:00Z,0.0,18.0,58.0,28.533873,0.81905174
2021-04-15T00:00:00Z,0.0,18.0,60.0,28.744719,0.946928
2021-04-15T00:00:00Z,0.0,18.0,62.0,28.96956,1.045021
2021-04-15T00:00:00Z,0.0,18.0,64.0,29.135319,1.1071529
2021-04-15T00:00:00Z,0.0,18.0,66.0,29.269228,1.135603
2021-04-15T00:00:00Z,0.0,18.0,68.0,29.354694,1.1241722
2021-04-15T00:00:00Z,0.0,18.0,70.0,29.343143,1.0796833
2021-04-15T00:00:00Z,0.0,18.0,72.0,29.316689,1.0240784
2021-04-15T00:00:00Z,0.0,18.0,74.0,NaN,NaN
2021-04-15T00:00:00Z,0.0,18.0,76.0,NaN,NaN
2021-04-15T00:00:00Z,0.0,20.0,56.0,NaN,NaN
2021-04-15T00:00:00Z,0.0,20.0,58.0,28.27125,0.92591476
2021-04-15T00:00:00Z,0.0,20.0,60.0,28.378511,1.0389767
2021-04-15T00:00:00Z,0.0,20.0,62.0,28.581575,1.1229515
2021-04-15T00:00:00Z,0.0,20.0,64.0,28.754002,1.1832314
2021-04-15T00:00:00Z,0.0,20.0,66.0,28.866955,1.213974
2021-04-15T00:00:00Z,0.0,20.0,68.0,28.880621,1.2014313
2021-04-15T00:00:00Z,0.0,20.0,70.0,28.790277,1.1489086
2021-04-15T00:00:00Z,0.0,20.0,72.0,28.76256,1.0859566
2021-04-15T00:00:00Z,0.0,20.0,74.0,NaN,NaN
2021-04-15T00:00:00Z,0.0,20.0,76.0,NaN,NaN
2021-04-15T00:00:00Z,0.0,22.0,56.0,NaN,NaN
2021-04-15T00:00:00Z,0.0,22.0,58.0,NaN,NaN
2021-04-15T00:00:00Z,0.0,22.0,60.0,28.021124,1.0817566
2021-04-15T00:00:00Z,0.0,22.0,62.0,28.135347,1.1337833
2021-04-15T00:00:00Z,0.0,22.0,64.0,28.245708,1.1799164
2021-04-15T00:00:00Z,0.0,22.0,66.0,28.312283,1.2090759
2021-04-15T00:00:00Z,0.0,22.0,68.0,28.316273,1.2039738
2021-04-15T00:00:00Z,0.0,22.0,70.0,28.351442,1.171135
2021-04-15T00:00:00Z,0.0,22.0,72.0,NaN,NaN
2021-04-15T00:00:00Z,0.0,22.0,74.0,NaN,NaN
2021-04-15T00:00:00Z,0.0,22.0,76.0,NaN,NaN
2021-04-15T00:00:00Z,0.0,24.0,56.0,NaN,NaN
2021-04-15T00:00:00Z,0.0,24.0,58.0,NaN,NaN
2021-04-15T00:00:00Z,0.0,24.0,60.0,27.62018,1.0360012
2021-04-15T00:00:00Z,0.0,24.0,62.0,27.70302,1.0818539
2021-04-15T00:00:00Z,0.0,24.0,64.0,27.698051,1.1098576
2021-04-15T00:00:00Z,0.0,24.0,66.0,27.715813,1.1314659
2021-04-15T00:00:00Z,0.0,24.0,68.0,27.851011,1.1564007
2021-04-15T00:00:00Z,0.0,24.0,70.0,NaN,NaN
2021-04-15T00:00:00Z,0.0,24.0,72.0,NaN,NaN
2021-04-15T00:00:00Z,0.0,24.0,74.0,NaN,NaN
2021-04-15T00:00:00Z,0.0,24.0,76.0,NaN,NaN
2021-04-15T00:00:00Z,0.0,26.0,56.0,26.282253,0.9836693
2021-04-15T00:00:00Z,0.0,26.0,58.0,27.006096,0.9673462
2021-04-15T00:00:00Z,0.0,26.0,60.0,27.330462,0.95949936
2021-04-15T00:00:00Z,0.0,26.0,62.0,NaN,NaN
2021-04-15T00:00:00Z,0.0,26.0,64.0,27.33595,1.0383339
2021-04-15T00:00:00Z,0.0,26.0,66.0,27.343706,1.0587177
2021-04-15T00:00:00Z,0.0,26.0,68.0,NaN,NaN
2021-04-15T00:00:00Z,0.0,26.0,70.0,NaN,NaN
2021-04-15T00:00:00Z,0.0,26.0,72.0,NaN,NaN
2021-04-15T00:00:00Z,0.0,26.0,74.0,NaN,NaN
2021-04-15T00:00:00Z,0.0,26.0,76.0,NaN,NaN
2021-05-15T00:00:00Z,0.0,8.0,56.0,29.568546,-0.044826508
2021-05-15T00:00:00Z,0.0,8.0,58.0,29.843153,0.048007965
2021-05-15T00:00:00Z,0.0,8.0,60.0,30.015606,0.12392044
2021-05-15T00:00:00Z,0.0,8.0,62.0,30.118303,0.18182564
2021-05-15T00:00:00Z,0.0,8.0,64.0,30.188406,0.22873878
2021-05-15T00:00:00Z,0.0,8.0,66.0,30.25087,0.27363968
2021-05-15T00:00:00Z,0.0,8.0,68.0,30.30573,0.31466866
2021-05-15T00:00:00Z,0.0,8.0,70.0,30.341875,0.34727287
2021-05-15T00:00:00Z,0.0,8.0,72.0,30.379866,0.40903282
2021-05-15T00:00:00Z,0.0,8.0,74.0,30.351904,0.46806908
2021-05-15T00:00:00Z,0.0,8.0,76.0,30.217304,0.5169201
2021-05-15T00:00:00Z,0.0,10.0,56.0,29.572102,0.02149582
2021-05-15T00:00:00Z,0.0,10.0,58.0,29.825369,0.10261917
2021-05-15T00:00:00Z,0.0,10.0,60.0,29.981495,0.17582893
2021-05-15T00:00:00Z,0.0,10.0,62.0,30.092081,0.23893738
2021-05-15T00:00:00Z,0.0,10.0,64.0,30.1866,0.2963524
2021-05-15T00:00:00Z,0.0,10.0,66.0,30.276756,0.35596466
2021-05-15T00:00:00Z,0.0,10.0,68.0,30.358667,0.40829277
2021-05-15T00:00:00Z,0.0,10.0,70.0,30.426308,0.44270515
2021-05-15T00:00:00Z,0.0,10.0,72.0,30.492268,0.49416542
2021-05-15T00:00:00Z,0.0,10.0,74.0,30.506256,0.54694366
2021-05-15T00:00:00Z,0.0,10.0,76.0,30.455032,0.5924187
2021-05-15T00:00:00Z,0.0,12.0,56.0,29.779213,0.17492104
2021-05-15T00:00:00Z,0.0,12.0,58.0,29.93058,0.2444973
2021-05-15T00:00:00Z,0.0,12.0,60.0,30.03226,0.31201172
2021-05-15T00:00:00Z,0.0,12.0,62.0,30.134174,0.37467575
2021-05-15T00:00:00Z,0.0,12.0,64.0,30.24531,0.43724823
2021-05-15T00:00:00Z,0.0,12.0,66.0,30.352932,0.50562096
2021-05-15T00:00:00Z,0.0,12.0,68.0,30.441923,0.5626526
2021-05-15T00:00:00Z,0.0,12.0,70.0,30.511612,0.5884247
2021-05-15T00:00:00Z,0.0,12.0,72.0,30.591652,0.6220703
2021-05-15T00:00:00Z,0.0,12.0,74.0,30.63988,0.65031815
2021-05-15T00:00:00Z,0.0,12.0,76.0,30.653315,0.6759567
2021-05-15T00:00:00Z,0.0,14.0,56.0,29.958757,0.34017372
2021-05-15T00:00:00Z,0.0,14.0,58.0,30.022577,0.4242649
2021-05-15T00:00:00Z,0.0,14.0,60.0,30.107586,0.5027542
2021-05-15T00:00:00Z,0.0,14.0,62.0,30.224936,0.5703106
2021-05-15T00:00:00Z,0.0,14.0,64.0,30.353716,0.6349468
2021-05-15T00:00:00Z,0.0,14.0,66.0,30.465088,0.70267296
2021-05-15T00:00:00Z,0.0,14.0,68.0,30.543346,0.7544708
2021-05-15T00:00:00Z,0.0,14.0,70.0,30.597712,0.76968956
2021-05-15T00:00:00Z,0.0,14.0,72.0,30.667938,0.7788124
2021-05-15T00:00:00Z,0.0,14.0,74.0,30.736242,0.7923279
2021-05-15T00:00:00Z,0.0,14.0,76.0,NaN,NaN
2021-05-15T00:00:00Z,0.0,16.0,56.0,29.835312,0.4594841
2021-05-15T00:00:00Z,0.0,16.0,58.0,29.87885,0.57468414
2021-05-15T00:00:00Z,0.0,16.0,60.0,30.047264,0.68245125
2021-05-15T00:00:00Z,0.0,16.0,62.0,30.245295,0.7637749
2021-05-15T00:00:00Z,0.0,16.0,64.0,30.40611,0.83011055
2021-05-15T00:00:00Z,0.0,16.0,66.0,30.512638,0.8887615
2021-05-15T00:00:00Z,0.0,16.0,68.0,30.570433,0.92611885
2021-05-15T00:00:00Z,0.0,16.0,70.0,30.589182,0.9245758
2021-05-15T00:00:00Z,0.0,16.0,72.0,30.633768,0.9076061
2021-05-15T00:00:00Z,0.0,16.0,74.0,30.75079,0.9260502
2021-05-15T00:00:00Z,0.0,16.0,76.0,NaN,NaN
2021-05-15T00:00:00Z,0.0,18.0,56.0,29.525784,0.553339
2021-05-15T00:00:00Z,0.0,18.0,58.0,29.5389,0.6977062
2021-05-15T00:00:00Z,0.0,18.0,60.0,29.806934,0.8280182
2021-05-15T00:00:00Z,0.0,18.0,62.0,30.113293,0.91970825
2021-05-15T00:00:00Z,0.0,18.0,64.0,30.31794,0.9780464
2021-05-15T00:00:00Z,0.0,18.0,66.0,30.421818,1.0175476
2021-05-15T00:00:00Z,0.0,18.0,68.0,30.435452,1.025032
2021-05-15T00:00:00Z,0.0,18.0,70.0,30.373217,0.992548
2021-05-15T00:00:00Z,0.0,18.0,72.0,30.33212,0.95677185
2021-05-15T00:00:00Z,0.0,18.0,74.0,NaN,NaN
2021-05-15T00:00:00Z,0.0,18.0,76.0,NaN,NaN
2021-05-15T00:00:00Z,0.0,20.0,56.0,NaN,NaN
2021-05-15T00:00:00Z,0.0,20.0,58.0,29.36544,0.80670166
2021-05-15T00:00:00Z,0.0,20.0,60.0,29.612736,0.93927
2021-05-15T00:00:00Z,0.0,20.0,62.0,29.916445,1.0200481
2021-05-15T00:00:00Z,0.0,20.0,64.0,30.10559,1.0536957
2021-05-15T00:00:00Z,0.0,20.0,66.0,30.17115,1.0555649
2021-05-15T00:00:00Z,0.0,20.0,68.0,30.10531,1.0182877
2021-05-15T00:00:00Z,0.0,20.0,70.0,29.983006,0.9617939
2021-05-15T00:00:00Z,0.0,20.0,72.0,29.95293,0.9223728
2021-05-15T00:00:00Z,0.0,20.0,74.0,NaN,NaN
2021-05-15T00:00:00Z,0.0,20.0,76.0,NaN,NaN
2021-05-15T00:00:00Z,0.0,22.0,56.0,NaN,NaN
2021-05-15T00:00:00Z,0.0,22.0,58.0,NaN,NaN
2021-05-15T00:00:00Z,0.0,22.0,60.0,29.714127,1.0135155
2021-05-15T00:00:00Z,0.0,22.0,62.0,29.816904,1.0528393
2021-05-15T00:00:00Z,0.0,22.0,64.0,29.837673,1.0430069
2021-05-15T00:00:00Z,0.0,22.0,66.0,29.78525,0.9958744
2021-05-15T00:00:00Z,0.0,22.0,68.0,29.678846,0.9335022
2021-05-15T00:00:00Z,0.0,22.0,70.0,29.641026,0.8898182
2021-05-15T00:00:00Z,0.0,22.0,72.0,NaN,NaN
2021-05-15T00:00:00Z,0.0,22.0,74.0,NaN,NaN
2021-05-15T00:00:00Z,0.0,22.0,76.0,NaN,NaN
2021-05-15T00:00:00Z,0.0,24.0,56.0,NaN,NaN
2021-05-15T00:00:00Z,0.0,24.0,58.0,NaN,NaN
2021-05-15T00:00:00Z,0.0,24.0,60.0,29.953918,1.0227795
2021-05-15T00:00:00Z,0.0,24.0,62.0,29.781199,1.0154133
2021-05-15T00:00:00Z,0.0,24.0,64.0,29.52109,0.94844246
2021-05-15T00:00:00Z,0.0,24.0,66.0,29.365868,0.88295746
2021-05-15T00:00:00Z,0.0,24.0,68.0,29.341812,0.8432293
2021-05-15T00:00:00Z,0.0,24.0,70.0,NaN,NaN
2021-05-15T00:00:00Z,0.0,24.0,72.0,NaN,NaN
2021-05-15T00:00:00Z,0.0,24.0,74.0,NaN,NaN
2021-05-15T00:00:00Z,0.0,24.0,76.0,NaN,NaN
2021-05-15T00:00:00Z,0.0,26.0,56.0,29.541945,1.1557827
2021-05-15T00:00:00Z,0.0,26.0,58.0,30.01572,1.0521393
2021-05-15T00:00:00Z,0.0,26.0,60.0,30.08464,1.0010128
2021-05-15T00:00:00Z,0.0,26.0,62.0,NaN,NaN
2021-05-15T00:00:00Z,0.0,26.0,64.0,29.241468,0.85118866
2021-05-15T00:00:00Z,0.0,26.0,66.0,29.116934,0.8056927
2021-05-15T00:00:00Z,0.0,26.0,68.0,NaN,NaN
2021-05-15T00:00:00Z,0.0,26.0,70.0,NaN,NaN
2021-05-15T00:00:00Z,0.0,26.0,72.0,NaN,NaN
2021-05-15T00:00:00Z,0.0,26.0,74.0,NaN,NaN
2021-05-15T00:00:00Z,0.0,26.0,76.0,NaN,NaN
2021-06-15T00:00:00Z,0.0,8.0,56.0,27.62448,-0.3887291
2021-06-15T00:00:00Z,0.0,8.0,58.0,28.204714,-0.26395226
2021-06-15T00:00:00Z,0.0,8.0,60.0,28.650316,-0.14128685
2021-06-15T00:00:00Z,0.0,8.0,62.0,28.954762,-0.04053116
2021-06-15T00:00:00Z,0.0,8.0,64.0,29.157713,0.040628433
2021-06-15T00:00:00Z,0.0,8.0,66.0,29.281036,0.10349274
2021-06-15T00:00:00Z,0.0,8.0,68.0,29.353748,0.15595627
2021-06-15T00:00:00Z,0.0,8.0,70.0,29.392254,0.20379639
2021-06-15T00:00:00Z,0.0,8.0,72.0,29.392319,0.2740059
2021-06-15T00:00:00Z,0.0,8.0,74.0,29.243322,0.31944847
2021-06-15T00:00:00Z,0.0,8.0,76.0,28.956858,0.351614
2021-06-15T00:00:00Z,0.0,10.0,56.0,27.26245,-0.5692158
2021-06-15T00:00:00Z,0.0,10.0,58.0,27.841454,-0.449358
2021-06-15T00:00:00Z,0.0,10.0,60.0,28.2715,-0.3320198
2021-06-15T00:00:00Z,0.0,10.0,62.0,28.610353,-0.21800041
2021-06-15T00:00:00Z,0.0,10.0,64.0,28.88874,-0.11167526
2021-06-15T00:00:00Z,0.0,10.0,66.0,29.091677,-0.019281387
2021-06-15T00:00:00Z,0.0,10.0,68.0,29.23486,0.064899445
2021-06-15T00:00:00Z,0.0,10.0,70.0,29.332281,0.14832115
2021-06-15T00:00:00Z,0.0,10.0,72.0,29.362547,0.24729729
2021-06-15T00:00:00Z,0.0,10.0,74.0,29.247978,0.3242073
2021-06-15T00:00:00Z,0.0,10.0,76.0,29.057665,0.37779808
2021-06-15T00:00:00Z,0.0,12.0,56.0,27.33878,-0.6200142
2021-06-15T00:00:00Z,0.0,12.0,58.0,27.707361,-0.5350971
2021-06-15T00:00:00Z,0.0,12.0,60.0,28.035706,-0.44335747
2021-06-15T00:00:00Z,0.0,12.0,62.0,28.380035,-0.3356514
2021-06-15T00:00:00Z,0.0,12.0,64.0,28.724466,-0.21307564
2021-06-15T00:00:00Z,0.0,12.0,66.0,28.999615,-0.09411621
2021-06-15T00:00:00Z,0.0,12.0,68.0,29.203142,0.0217247
2021-06-15T00:00:00Z,0.0,12.0,70.0,29.338377,0.12577248
2021-06-15T00:00:00Z,0.0,12.0,72.0,29.413937,0.24458313
2021-06-15T00:00:00Z,0.0,12.0,74.0,29.372,0.344841
2021-06-15T00:00:00Z,0.0,12.0,76.0,29.267725,0.4112339
2021-06-15T00:00:00Z,0.0,14.0,56.0,27.684969,-0.50917625
2021-06-15T00:00:00Z,0.0,14.0,58.0,27.805397,-0.45762444
2021-06-15T00:00:00Z,0.0,14.0,60.0,28.03951,-0.403574
2021-06-15T00:00:00Z,0.0,14.0,62.0,28.39356,-0.31986046
2021-06-15T00:00:00Z,0.0,14.0,64.0,28.774164,-0.20231438
2021-06-15T00:00:00Z,0.0,14.0,66.0,29.073717,-0.07467842
2021-06-15T00:00:00Z,0.0,14.0,68.0,29.279806,0.047159195
2021-06-15T00:00:00Z,0.0,14.0,70.0,29.4202,0.15372086
2021-06-15T00:00:00Z,0.0,14.0,72.0,29.525654,0.26425934
2021-06-15T00:00:00Z,0.0,14.0,74.0,29.567198,0.36060143
2021-06-15T00:00:00Z,0.0,14.0,76.0,NaN,NaN
2021-06-15T00:00:00Z,0.0,16.0,56.0,27.83197,-0.3151474
2021-06-15T00:00:00Z,0.0,16.0,58.0,27.89992,-0.2577076
2021-06-15T00:00:00Z,0.0,16.0,60.0,28.189856,-0.22841644
2021-06-15T00:00:00Z,0.0,16.0,62.0,28.611021,-0.17993927
2021-06-15T00:00:00Z,0.0,16.0,64.0,29.006723,-0.09148598
2021-06-15T00:00:00Z,0.0,16.0,66.0,29.28465,0.020608902
2021-06-15T00:00:00Z,0.0,16.0,68.0,29.452698,0.12751198
2021-06-15T00:00:00Z,0.0,16.0,70.0,29.570963,0.22029686
2021-06-15T00:00:00Z,0.0,16.0,72.0,29.667923,0.2981739
2021-06-15T00:00:00Z,0.0,16.0,74.0,29.735556,0.3805008
2021-06-15T00:00:00Z,0.0,16.0,76.0,NaN,NaN
2021-06-15T00:00:00Z,0.0,18.0,56.0,27.749025,-0.12778091
2021-06-15T00:00:00Z,0.0,18.0,58.0,27.847725,-0.048282623
2021-06-15T00:00:00Z,0.0,18.0,60.0,28.276737,-0.019866943
2021-06-15T00:00:00Z,0.0,18.0,62.0,28.80566,-0.002735138
2021-06-15T00:00:00Z,0.0,18.0,64.0,29.246206,0.05724907
2021-06-15T00:00:00Z,0.0,18.0,66.0,29.530163,0.14945602
2021-06-15T00:00:00Z,0.0,18.0,68.0,29.676397,0.24456406
2021-06-15T00:00:00Z,0.0,18.0,70.0,29.750631,0.31256866
2021-06-15T00:00:00Z,0.0,18.0,72.0,29.796623,0.34410286
2021-06-15T00:00:00Z,0.0,18.0,74.0,NaN,NaN
2021-06-15T00:00:00Z,0.0,18.0,76.0,NaN,NaN
2021-06-15T00:00:00Z,0.0,20.0,56.0,NaN,NaN
2021-06-15T00:00:00Z,0.0,20.0,58.0,27.984135,0.10523796
2021-06-15T00:00:00Z,0.0,20.0,60.0,28.443,0.13750076
2021-06-15T00:00:00Z,0.0,20.0,62.0,28.96669,0.14425278
2021-06-15T00:00:00Z,0.0,20.0,64.0,29.406094,0.18942833
2021-06-15T00:00:00Z,0.0,20.0,66.0,29.722433,0.27924538
2021-06-15T00:00:00Z,0.0,20.0,68.0,29.849224,0.36047173
2021-06-15T00:00:00Z,0.0,20.0,70.0,29.858793,0.39014626
2021-06-15T00:00:00Z,0.0,20.0,72.0,29.85122,0.37949562
2021-06-15T00:00:00Z,0.0,20.0,74.0,NaN,NaN
2021-06-15T00:00:00Z,0.0,20.0,76.0,NaN,NaN
2021-06-15T00:00:00Z,0.0,22.0,56.0,NaN,NaN
2021-06-15T00:00:00Z,0.0,22.0,58.0,NaN,NaN
2021-06-15T00:00:00Z,0.0,22.0,60.0,29.23527,0.28680992
2021-06-15T00:00:00Z,0.0,22.0,62.0,29.41933,0.290123
2021-06-15T00:00:00Z,0.0,22.0,64.0,29.623222,0.314682
2021-06-15T00:00:00Z,0.0,22.0,66.0,29.842937,0.39204025
2021-06-15T00:00:00Z,0.0,22.0,68.0,29.908987,0.44118118
2021-06-15T00:00:00Z,0.0,22.0,70.0,29.886251,0.4373703
2021-06-15T00:00:00Z,0.0,22.0,72.0,NaN,NaN
2021-06-15T00:00:00Z,0.0,22.0,74.0,NaN,NaN
2021-06-15T00:00:00Z,0.0,22.0,76.0,NaN,NaN
2021-06-15T00:00:00Z,0.0,24.0,56.0,NaN,NaN
2021-06-15T00:00:00Z,0.0,24.0,58.0,NaN,NaN
2021-06-15T00:00:00Z,0.0,24.0,60.0,30.512825,0.50024414
2021-06-15T00:00:00Z,0.0,24.0,62.0,30.06931,0.4213028
2021-06-15T00:00:00Z,0.0,24.0,64.0,29.84161,0.41104126
2021-06-15T00:00:00Z,0.0,24.0,66.0,29.876425,0.4612522
2021-06-15T00:00:00Z,0.0,24.0,68.0,29.904448,0.4896145
2021-06-15T00:00:00Z,0.0,24.0,70.0,NaN,NaN
2021-06-15T00:00:00Z,0.0,24.0,72.0,NaN,NaN
2021-06-15T00:00:00Z,0.0,24.0,74.0,NaN,NaN
2021-06-15T00:00:00Z,0.0,24.0,76.0,NaN,NaN
2021-06-15T00:00:00Z,0.0,26.0,56.0,31.836933,1.0063477
2021-06-15T00:00:00Z,0.0,26.0,58.0,31.855577,0.8343258
2021-06-15T00:00:00Z,0.0,26.0,60.0,31.369308,0.6513119
2021-06-15T00:00:00Z,0.0,26.0,62.0,NaN,NaN
2021-06-15T00:00:00Z,0.0,26.0,64.0,29.906685,0.46873283
2021-06-15T00:00:00Z,0.0,26.0,66.0,29.886982,0.5048046
2021-06-15T00:00:00Z,0.0,26.0,68.0,NaN,NaN
2021-06-15T00:00:00Z,0.0,26.0,70.0,NaN,NaN
2021-06-15T00:00:00Z,0.0,26.0,72.0,NaN,NaN
2021-06-15T00:00:00Z,0.0,26.0,74.0,NaN,NaN
2021-06-15T00:00:00Z,0.0,26.0,76.0,NaN,NaN
2021-07-15T00:00:00Z,0.0,8.0,56.0,26.556787,0.10382843
2021-07-15T00:00:00Z,0.0,8.0,58.0,27.250593,0.16200829
2021-07-15T00:00:00Z,0.0,8.0,60.0,27.866823,0.20757103
2021-07-15T00:00:00Z,0.0,8.0,62.0,28.321012,0.2286377
2021-07-15T00:00:00Z,0.0,8.0,64.0,28.62651,0.24290657
2021-07-15T00:00:00Z,0.0,8.0,66.0,28.80319,0.2628994
2021-07-15T00:00:00Z,0.0,8.0,68.0,28.882723,0.29180717
2021-07-15T00:00:00Z,0.0,8.0,70.0,28.895824,0.32351303
2021-07-15T00:00:00Z,0.0,8.0,72.0,28.838444,0.37792397
2021-07-15T00:00:00Z,0.0,8.0,74.0,28.599932,0.40726662
2021-07-15T00:00:00Z,0.0,8.0,76.0,28.235262,0.42025566
2021-07-15T00:00:00Z,0.0,10.0,56.0,26.0767,0.011785507
2021-07-15T00:00:00Z,0.0,10.0,58.0,26.792103,0.09579086
2021-07-15T00:00:00Z,0.0,10.0,60.0,27.37154,0.15047646
2021-07-15T00:00:00Z,0.0,10.0,62.0,27.847948,0.19005203
2021-07-15T00:00:00Z,0.0,10.0,64.0,28.251837,0.23627281
2021-07-15T00:00:00Z,0.0,10.0,66.0,28.538006,0.286026
2021-07-15T00:00:00Z,0.0,10.0,68.0,28.706936,0.33312225
2021-07-15T00:00:00Z,0.0,10.0,70.0,28.770983,0.3729
2021-07-15T00:00:00Z,0.0,10.0,72.0,28.710167,0.42541504
2021-07-15T00:00:00Z,0.0,10.0,74.0,28.473635,0.46440506
2021-07-15T00:00:00Z,0.0,10.0,76.0,28.197311,0.4904518
2021-07-15T00:00:00Z,0.0,12.0,56.0,25.949518,0.016622543
2021-07-15T00:00:00Z,0.0,12.0,58.0,26.467894,0.093019485
2021-07-15T00:00:00Z,0.0,12.0,60.0,26.939932,0.13559914
2021-07-15T00:00:00Z,0.0,12.0,62.0,27.431744,0.17882729
2021-07-15T00:00:00Z,0.0,12.0,64.0,27.93138,0.25052452
2021-07-15T00:00:00Z,0.0,12.0,66.0,28.324322,0.3280716
2021-07-15T00:00:00Z,0.0,12.0,68.0,28.588888,0.39943123
2021-07-15T00:00:00Z,0.0,12.0,70.0,28.714853,0.444376
2021-07-15T00:00:00Z,0.0,12.0,72.0,28.709816,0.4933777
2021-07-15T00:00:00Z,0.0,12.0,74.0,28.55012,0.5322933
2021-07-15T00:00:00Z,0.0,12.0,76.0,28.361708,0.5590496
2021-07-15T00:00:00Z,0.0,14.0,56.0,26.067158,0.12997246
2021-07-15T00:00:00Z,0.0,14.0,58.0,26.333174,0.18157005
2021-07-15T00:00:00Z,0.0,14.0,60.0,26.71492,0.19946289
2021-07-15T00:00:00Z,0.0,14.0,62.0,27.240519,0.2366848
2021-07-15T00:00:00Z,0.0,14.0,64.0,27.807041,0.31464577
2021-07-15T00:00:00Z,0.0,14.0,66.0,28.266264,0.40834808
2021-07-15T00:00:00Z,0.0,14.0,68.0,28.577028,0.4884262
2021-07-15T00:00:00Z,0.0,14.0,70.0,28.748207,0.5339565
2021-07-15T00:00:00Z,0.0,14.0,72.0,28.814919,0.5703583
2021-07-15T00:00:00Z,0.0,14.0,74.0,28.785992,0.60645866
2021-07-15T00:00:00Z,0.0,14.0,76.0,NaN,NaN
2021-07-15T00:00:00Z,0.0,16.0,56.0,26.04867,0.2734127
2021-07-15T00:00:00Z,0.0,16.0,58.0,26.252075,0.31111717
2021-07-15T00:00:00Z,0.0,16.0,60.0,26.699583,0.31562424
2021-07-15T00:00:00Z,0.0,16.0,62.0,27.320284,0.34626198
2021-07-15T00:00:00Z,0.0,16.0,64.0,27.936747,0.41683006
2021-07-15T00:00:00Z,0.0,16.0,66.0,28.417158,0.51015663
2021-07-15T00:00:00Z,0.0,16.0,68.0,28.727535,0.58774376
2021-07-15T00:00:00Z,0.0,16.0,70.0,28.913857,0.6309624
2021-07-15T00:00:00Z,0.0,16.0,72.0,29.006016,0.64546776
2021-07-15T00:00:00Z,0.0,16.0,74.0,29.024475,0.6764927
2021-07-15T00:00:00Z,0.0,16.0,76.0,NaN,NaN
2021-07-15T00:00:00Z,0.0,18.0,56.0,25.926561,0.38454437
2021-07-15T00:00:00Z,0.0,18.0,58.0,26.130062,0.41884613
2021-07-15T00:00:00Z,0.0,18.0,60.0,26.721458,0.42425156
2021-07-15T00:00:00Z,0.0,18.0,62.0,27.481876,0.45052338
2021-07-15T00:00:00Z,0.0,18.0,64.0,28.196154,0.52594566
2021-07-15T00:00:00Z,0.0,18.0,66.0,28.73067,0.621315
2021-07-15T00:00:00Z,0.0,18.0,68.0,29.045877,0.70404243
2021-07-15T00:00:00Z,0.0,18.0,70.0,29.215794,0.7423363
2021-07-15T00:00:00Z,0.0,18.0,72.0,29.296154,0.73368835
2021-07-15T00:00:00Z,0.0,18.0,74.0,NaN,NaN
2021-07-15T00:00:00Z,0.0,18.0,76.0,NaN,NaN
2021-07-15T00:00:00Z,0.0,20.0,56.0,NaN,NaN
2021-07-15T00:00:00Z,0.0,20.0,58.0,26.32546,0.48445892
2021-07-15T00:00:00Z,0.0,20.0,60.0,26.960373,0.49711037
2021-07-15T00:00:00Z,0.0,20.0,62.0,27.719728,0.5262699
2021-07-15T00:00:00Z,0.0,20.0,64.0,28.467838,0.6102524
2021-07-15T00:00:00Z,0.0,20.0,66.0,29.08975,0.7253761
2021-07-15T00:00:00Z,0.0,20.0,68.0,29.412043,0.81562614
2021-07-15T00:00:00Z,0.0,20.0,70.0,29.51497,0.8363762
2021-07-15T00:00:00Z,0.0,20.0,72.0,29.519825,0.80436325
2021-07-15T00:00:00Z,0.0,20.0,74.0,NaN,NaN
2021-07-15T00:00:00Z,0.0,20.0,76.0,NaN,NaN
2021-07-15T00:00:00Z,0.0,22.0,56.0,NaN,NaN
2021-07-15T00:00:00Z,0.0,22.0,58.0,NaN,NaN
2021-07-15T00:00:00Z,0.0,22.0,60.0,28.107658,0.5632496
2021-07-15T00:00:00Z,0.0,22.0,62.0,28.404694,0.6020069
2021-07-15T00:00:00Z,0.0,22.0,64.0,28.873917,0.68385506
2021-07-15T00:00:00Z,0.0,22.0,66.0,29.40966,0.8003273
2021-07-15T00:00:00Z,0.0,22.0,68.0,29.664576,0.8752575
2021-07-15T00:00:00Z,0.0,22.0,70.0,29.682245,0.88394165
2021-07-15T00:00:00Z,0.0,22.0,72.0,NaN,NaN
2021-07-15T00:00:00Z,0.0,22.0,74.0,NaN,NaN
2021-07-15T00:00:00Z,0.0,22.0,76.0,NaN,NaN
2021-07-15T00:00:00Z,0.0,24.0,56.0,NaN,NaN
2021-07-15T00:00:00Z,0.0,24.0,58.0,NaN,NaN
2021-07-15T00:00:00Z,0.0,24.0,60.0,29.944664,0.6455593
2021-07-15T00:00:00Z,0.0,24.0,62.0,29.407837,0.6651497
2021-07-15T00:00:00Z,0.0,24.0,64.0,29.336887,0.73749924
2021-07-15T00:00:00Z,0.0,24.0,66.0,29.62372,0.8243809
2021-07-15T00:00:00Z,0.0,24.0,68.0,29.761925,0.8847122
2021-07-15T00:00:00Z,0.0,24.0,70.0,NaN,NaN
2021-07-15T00:00:00Z,0.0,24.0,72.0,NaN,NaN
2021-07-15T00:00:00Z,0.0,24.0,74.0,NaN,NaN
2021-07-15T00:00:00Z,0.0,24.0,76.0,NaN,NaN
2021-07-15T00:00:00Z,0.0,26.0,56.0,32.62655,0.8223839
2021-07-15T00:00:00Z,0.0,26.0,58.0,32.119324,0.744854
2021-07-15T00:00:00Z,0.0,26.0,60.0,31.208935,0.67949104
2021-07-15T00:00:00Z,0.0,26.0,62.0,NaN,NaN
2021-07-15T00:00:00Z,0.0,26.0,64.0,29.602774,0.78017235
2021-07-15T00:00:00Z,0.0,26.0,66.0,29.71849,0.83548164
2021-07-15T00:00:00Z,0.0,26.0,68.0,NaN,NaN
2021-07-15T00:00:00Z,0.0,26.0,70.0,NaN,NaN
2021-07-15T00:00:00Z,0.0,26.0,72.0,NaN,NaN
2021-07-15T00:00:00Z,0.0,26.0,74.0,NaN,NaN
2021-07-15T00:00:00Z,0.0,26.0,76.0,NaN,NaN
2021-08-15T00:00:00Z,0.0,8.0,56.0,26.00503,0.20117569
2021-08-15T00:00:00Z,0.0,8.0,58.0,26.718174,0.26659012
2021-08-15T00:00:00Z,0.0,8.0,60.0,27.443378,0.32593918
2021-08-15T00:00:00Z,0.0,8.0,62.0,28.030306,0.36042976
2021-08-15T00:00:00Z,0.0,8.0,64.0,28.437658,0.38088608
2021-08-15T00:00:00Z,0.0,8.0,66.0,28.670397,0.39997864
2021-08-15T00:00:00Z,0.0,8.0,68.0,28.759443,0.4230461
2021-08-15T00:00:00Z,0.0,8.0,70.0,28.755293,0.44958496
2021-08-15T00:00:00Z,0.0,8.0,72.0,28.669691,0.501524
2021-08-15T00:00:00Z,0.0,8.0,74.0,28.399326,0.5282841
2021-08-15T00:00:00Z,0.0,8.0,76.0,28.013231,0.52253723
2021-08-15T00:00:00Z,0.0,10.0,56.0,25.522114,0.16190529
2021-08-15T00:00:00Z,0.0,10.0,58.0,26.201931,0.2208252
2021-08-15T00:00:00Z,0.0,10.0,60.0,26.826029,0.2652588
2021-08-15T00:00:00Z,0.0,10.0,62.0,27.382174,0.29369545
2021-08-15T00:00:00Z,0.0,10.0,64.0,27.868774,0.3281288
2021-08-15T00:00:00Z,0.0,10.0,66.0,28.213158,0.3654709
2021-08-15T00:00:00Z,0.0,10.0,68.0,28.412647,0.40472984
2021-08-15T00:00:00Z,0.0,10.0,70.0,28.493896,0.4483757
2021-08-15T00:00:00Z,0.0,10.0,72.0,28.436754,0.5140877
2021-08-15T00:00:00Z,0.0,10.0,74.0,28.177404,0.5559864
2021-08-15T00:00:00Z,0.0,10.0,76.0,27.87549,0.5674
2021-08-15T00:00:00Z,0.0,12.0,56.0,25.24655,0.17092514
2021-08-15T00:00:00Z,0.0,12.0,58.0,25.738077,0.20424461
2021-08-15T00:00:00Z,0.0,12.0,60.0,26.225842,0.21859169
2021-08-15T00:00:00Z,0.0,12.0,62.0,26.758392,0.23443413
2021-08-15T00:00:00Z,0.0,12.0,64.0,27.312798,0.27448654
2021-08-15T00:00:00Z,0.0,12.0,66.0,27.762064,0.32441902
2021-08-15T00:00:00Z,0.0,12.0,68.0,28.084879,0.3837967
2021-08-15T00:00:00Z,0.0,12.0,70.0,28.267866,0.44026375
2021-08-15T00:00:00Z,0.0,12.0,72.0,28.292788,0.5118103
2021-08-15T00:00:00Z,0.0,12.0,74.0,28.134739,0.5701847
2021-08-15T00:00:00Z,0.0,12.0,76.0,27.948896,0.6045742
2021-08-15T00:00:00Z,0.0,14.0,56.0,25.144,0.2471447
2021-08-15T00:00:00Z,0.0,14.0,58.0,25.425781,0.2494049
2021-08-15T00:00:00Z,0.0,14.0,60.0,25.805311,0.22256088
2021-08-15T00:00:00Z,0.0,14.0,62.0,26.331675,0.2140274
2021-08-15T00:00:00Z,0.0,14.0,64.0,26.923756,0.24106789
2021-08-15T00:00:00Z,0.0,14.0,66.0,27.442484,0.29263115
2021-08-15T00:00:00Z,0.0,14.0,68.0,27.843405,0.3569889
2021-08-15T00:00:00Z,0.0,14.0,70.0,28.104092,0.41523743
2021-08-15T00:00:00Z,0.0,14.0,72.0,28.217197,0.47426224
2021-08-15T00:00:00Z,0.0,14.0,74.0,28.20142,0.53284454
2021-08-15T00:00:00Z,0.0,14.0,76.0,NaN,NaN
2021-08-15T00:00:00Z,0.0,16.0,56.0,24.987982,0.34071732
2021-08-15T00:00:00Z,0.0,16.0,58.0,25.226143,0.32670403
2021-08-15T00:00:00Z,0.0,16.0,60.0,25.636286,0.2692833
2021-08-15T00:00:00Z,0.0,16.0,62.0,26.203539,0.23028755
2021-08-15T00:00:00Z,0.0,16.0,64.0,26.81699,0.23413467
2021-08-15T00:00:00Z,0.0,16.0,66.0,27.359451,0.27451324
2021-08-15T00:00:00Z,0.0,16.0,68.0,27.775995,0.3305149
2021-08-15T00:00:00Z,0.0,16.0,70.0,28.059252,0.37600136
2021-08-15T00:00:00Z,0.0,16.0,72.0,28.21275,0.4140072
2021-08-15T00:00:00Z,0.0,16.0,74.0,28.269056,0.47515106
2021-08-15T00:00:00Z,0.0,16.0,76.0,NaN,NaN
2021-08-15T00:00:00Z,0.0,18.0,56.0,24.853123,0.40343666
2021-08-15T00:00:00Z,0.0,18.0,58.0,25.080761,0.3951149
2021-08-15T00:00:00Z,0.0,18.0,60.0,25.60998,0.33268738
2021-08-15T00:00:00Z,0.0,18.0,62.0,26.279472,0.27126312
2021-08-15T00:00:00Z,0.0,18.0,64.0,26.955925,0.2561531
2021-08-15T00:00:00Z,0.0,18.0,66.0,27.533398,0.28437424
2021-08-15T00:00:00Z,0.0,18.0,68.0,27.926052,0.32682228
2021-08-15T00:00:00Z,0.0,18.0,70.0,28.16576,0.34661484
2021-08-15T00:00:00Z,0.0,18.0,72.0,28.297363,0.34649467
2021-08-15T00:00:00Z,0.0,18.0,74.0,NaN,NaN
2021-08-15T00:00:00Z,0.0,18.0,76.0,NaN,NaN
2021-08-15T00:00:00Z,0.0,20.0,56.0,NaN,NaN
2021-08-15T00:00:00Z,0.0,20.0,58.0,25.284155,0.43003464
2021-08-15T00:00:00Z,0.0,20.0,60.0,25.874615,0.3927307
2021-08-15T00:00:00Z,0.0,20.0,62.0,26.543076,0.33497047
2021-08-15T00:00:00Z,0.0,20.0,64.0,27.22259,0.30190086
2021-08-15T00:00:00Z,0.0,20.0,66.0,27.838722,0.31601334
2021-08-15T00:00:00Z,0.0,20.0,68.0,28.177662,0.33480644
2021-08-15T00:00:00Z,0.0,20.0,70.0,28.313019,0.32201767
2021-08-15T00:00:00Z,0.0,20.0,72.0,28.354853,0.2864914
2021-08-15T00:00:00Z,0.0,20.0,74.0,NaN,NaN
2021-08-15T00:00:00Z,0.0,20.0,76.0,NaN,NaN
2021-08-15T00:00:00Z,0.0,22.0,56.0,NaN,NaN
2021-08-15T00:00:00Z,0.0,22.0,58.0,NaN,NaN
2021-08-15T00:00:00Z,0.0,22.0,60.0,27.056126,0.46224022
2021-08-15T00:00:00Z,0.0,22.0,62.0,27.244825,0.4129486
2021-08-15T00:00:00Z,0.0,22.0,64.0,27.621578,0.35816193
2021-08-15T00:00:00Z,0.0,22.0,66.0,28.116966,0.3443203
2021-08-15T00:00:00Z,0.0,22.0,68.0,28.351307,0.3316822
2021-08-15T00:00:00Z,0.0,22.0,70.0,28.374601,0.29871178
2021-08-15T00:00:00Z,0.0,22.0,72.0,NaN,NaN
2021-08-15T00:00:00Z,0.0,22.0,74.0,NaN,NaN
2021-08-15T00:00:00Z,0.0,22.0,76.0,NaN,NaN
2021-08-15T00:00:00Z,0.0,24.0,56.0,NaN,NaN
2021-08-15T00:00:00Z,0.0,24.0,58.0,NaN,NaN
2021-08-15T00:00:00Z,0.0,24.0,60.0,28.985603,0.5810871
2021-08-15T00:00:00Z,0.0,24.0,62.0,28.235506,0.46873474
2021-08-15T00:00:00Z,0.0,24.0,64.0,28.029219,0.37669373
2021-08-15T00:00:00Z,0.0,24.0,66.0,28.286055,0.3447647
2021-08-15T00:00:00Z,0.0,24.0,68.0,28.398539,0.3214569
2021-08-15T00:00:00Z,0.0,24.0,70.0,NaN,NaN
2021-08-15T00:00:00Z,0.0,24.0,72.0,NaN,NaN
2021-08-15T00:00:00Z,0.0,24.0,74.0,NaN,NaN
2021-08-15T00:00:00Z,0.0,24.0,76.0,NaN,NaN
2021-08-15T00:00:00Z,0.0,26.0,56.0,33.17314,1.2063923
2021-08-15T00:00:00Z,0.0,26.0,58.0,31.83105,0.8918419
2021-08-15T00:00:00Z,0.0,26.0,60.0,30.40881,0.674345
2021-08-15T00:00:00Z,0.0,26.0,62.0,NaN,NaN
2021-08-15T00:00:00Z,0.0,26.0,64.0,28.251339,0.37050056
2021-08-15T00:00:00Z,0.0,26.0,66.0,28.346533,0.3479519
2021-08-15T00:00:00Z,0.0,26.0,68.0,NaN,NaN
2021-08-15T00:00:00Z,0.0,26.0,70.0,NaN,NaN
2021-08-15T00:00:00Z,0.0,26.0,72.0,NaN,NaN
2021-08-15T00:00:00Z,0.0,26.0,74.0,NaN,NaN
2021-08-15T00:00:00Z,0.0,26.0,76.0,NaN,NaN
2021-09-15T00:00:00Z,0.0,8.0,56.0,26.58645,0.30240822
2021-09-15T00:00:00Z,0.0,8.0,58.0,27.186039,0.32912064
2021-09-15T00:00:00Z,0.0,8.0,60.0,27.795097,0.3575554
2021-09-15T00:00:00Z,0.0,8.0,62.0,28.284222,0.38253593
2021-09-15T00:00:00Z,0.0,8.0,64.0,28.61919,0.40877533
2021-09-15T00:00:00Z,0.0,8.0,66.0,28.807701,0.43193436
2021-09-15T00:00:00Z,0.0,8.0,68.0,28.869024,0.44529915
2021-09-15T00:00:00Z,0.0,8.0,70.0,28.846241,0.44599152
2021-09-15T00:00:00Z,0.0,8.0,72.0,28.774178,0.47242737
2021-09-15T00:00:00Z,0.0,8.0,74.0,28.567589,0.49057007
2021-09-15T00:00:00Z,0.0,8.0,76.0,28.285206,0.5016575
2021-09-15T00:00:00Z,0.0,10.0,56.0,26.252464,0.313694
2021-09-15T00:00:00Z,0.0,10.0,58.0,26.802347,0.3330326
2021-09-15T00:00:00Z,0.0,10.0,60.0,27.305037,0.3359337
2021-09-15T00:00:00Z,0.0,10.0,62.0,27.762787,0.3509121
2021-09-15T00:00:00Z,0.0,10.0,64.0,28.160423,0.38292503
2021-09-15T00:00:00Z,0.0,10.0,66.0,28.439192,0.41592407
2021-09-15T00:00:00Z,0.0,10.0,68.0,28.592623,0.43793678
2021-09-15T00:00:00Z,0.0,10.0,70.0,28.639256,0.44296265
2021-09-15T00:00:00Z,0.0,10.0,72.0,28.588718,0.47046852
2021-09-15T00:00:00Z,0.0,10.0,74.0,28.388237,0.49725914
2021-09-15T00:00:00Z,0.0,10.0,76.0,28.15975,0.51713943
2021-09-15T00:00:00Z,0.0,12.0,56.0,26.098192,0.36291885
2021-09-15T00:00:00Z,0.0,12.0,58.0,26.49813,0.3735447
2021-09-15T00:00:00Z,0.0,12.0,60.0,26.89537,0.36360168
2021-09-15T00:00:00Z,0.0,12.0,62.0,27.331081,0.37027168
2021-09-15T00:00:00Z,0.0,12.0,64.0,27.781858,0.40929604
2021-09-15T00:00:00Z,0.0,12.0,66.0,28.148207,0.45589447
2021-09-15T00:00:00Z,0.0,12.0,68.0,28.403795,0.48717117
2021-09-15T00:00:00Z,0.0,12.0,70.0,28.532637,0.49484444
2021-09-15T00:00:00Z,0.0,12.0,72.0,28.529354,0.5178108
2021-09-15T00:00:00Z,0.0,12.0,74.0,28.382603,0.544178
2021-09-15T00:00:00Z,0.0,12.0,76.0,28.225874,0.56228256
2021-09-15T00:00:00Z,0.0,14.0,56.0,26.07652,0.4431858
2021-09-15T00:00:00Z,0.0,14.0,58.0,26.320728,0.44595718
2021-09-15T00:00:00Z,0.0,14.0,60.0,26.651426,0.43099022
2021-09-15T00:00:00Z,0.0,14.0,62.0,27.09752,0.4435234
2021-09-15T00:00:00Z,0.0,14.0,64.0,27.585577,0.48959923
2021-09-15T00:00:00Z,0.0,14.0,66.0,28.009111,0.54167366
2021-09-15T00:00:00Z,0.0,14.0,68.0,28.33522,0.5738468
2021-09-15T00:00:00Z,0.0,14.0,70.0,28.534298,0.57990265
2021-09-15T00:00:00Z,0.0,14.0,72.0,28.58684,0.586277
2021-09-15T00:00:00Z,0.0,14.0,74.0,28.530352,0.6055927
2021-09-15T00:00:00Z,0.0,14.0,76.0,NaN,NaN
2021-09-15T00:00:00Z,0.0,16.0,56.0,25.991123,0.51003265
2021-09-15T00:00:00Z,0.0,16.0,58.0,26.216972,0.5146179
2021-09-15T00:00:00Z,0.0,16.0,60.0,26.606352,0.51249886
2021-09-15T00:00:00Z,0.0,16.0,62.0,27.111197,0.5371342
2021-09-15T00:00:00Z,0.0,16.0,64.0,27.623285,0.585577
2021-09-15T00:00:00Z,0.0,16.0,66.0,28.06893,0.63809776
2021-09-15T00:00:00Z,0.0,16.0,68.0,28.419527,0.66900635
2021-09-15T00:00:00Z,0.0,16.0,70.0,28.65505,0.66923714
2021-09-15T00:00:00Z,0.0,16.0,72.0,28.739737,0.65266037
2021-09-15T00:00:00Z,0.0,16.0,74.0,28.723915,0.66709137
2021-09-15T00:00:00Z,0.0,16.0,76.0,NaN,NaN
2021-09-15T00:00:00Z,0.0,18.0,56.0,25.905693,0.55626106
2021-09-15T00:00:00Z,0.0,18.0,58.0,26.127659,0.5651741
2021-09-15T00:00:00Z,0.0,18.0,60.0,26.649908,0.58257484
2021-09-15T00:00:00Z,0.0,18.0,62.0,27.274658,0.62005234
2021-09-15T00:00:00Z,0.0,18.0,64.0,27.851992,0.67749214
2021-09-15T00:00:00Z,0.0,18.0,66.0,28.317814,0.7286892
2021-09-15T00:00:00Z,0.0,18.0,68.0,28.64576,0.7563858
2021-09-15T00:00:00Z,0.0,18.0,70.0,28.860044,0.74575233
2021-09-15T00:00:00Z,0.0,18.0,72.0,28.955269,0.7107544
2021-09-15T00:00:00Z,0.0,18.0,74.0,NaN,NaN
2021-09-15T00:00:00Z,0.0,18.0,76.0,NaN,NaN
2021-09-15T00:00:00Z,0.0,20.0,56.0,NaN,NaN
2021-09-15T00:00:00Z,0.0,20.0,58.0,26.333704,0.6243286
2021-09-15T00:00:00Z,0.0,20.0,60.0,26.901836,0.6557083
2021-09-15T00:00:00Z,0.0,20.0,62.0,27.53741,0.696661
2021-09-15T00:00:00Z,0.0,20.0,64.0,28.133862,0.7610283
2021-09-15T00:00:00Z,0.0,20.0,66.0,28.615395,0.81179047
2021-09-15T00:00:00Z,0.0,20.0,68.0,28.874819,0.826046
2021-09-15T00:00:00Z,0.0,20.0,70.0,29.000803,0.792963
2021-09-15T00:00:00Z,0.0,20.0,72.0,29.062317,0.743309
2021-09-15T00:00:00Z,0.0,20.0,74.0,NaN,NaN
2021-09-15T00:00:00Z,0.0,20.0,76.0,NaN,NaN
2021-09-15T00:00:00Z,0.0,22.0,56.0,NaN,NaN
2021-09-15T00:00:00Z,0.0,22.0,58.0,NaN,NaN
2021-09-15T00:00:00Z,0.0,22.0,60.0,27.812168,0.7536621
2021-09-15T00:00:00Z,0.0,22.0,62.0,28.047676,0.7915516
2021-09-15T00:00:00Z,0.0,22.0,64.0,28.400534,0.8368683
2021-09-15T00:00:00Z,0.0,22.0,66.0,28.780962,0.8722744
2021-09-15T00:00:00Z,0.0,22.0,68.0,28.941856,0.86195374
2021-09-15T00:00:00Z,0.0,22.0,70.0,28.990719,0.8164787
2021-09-15T00:00:00Z,0.0,22.0,72.0,NaN,NaN
2021-09-15T00:00:00Z,0.0,22.0,74.0,NaN,NaN
2021-09-15T00:00:00Z,0.0,22.0,76.0,NaN,NaN
2021-09-15T00:00:00Z,0.0,24.0,56.0,NaN,NaN
2021-09-15T00:00:00Z,0.0,24.0,58.0,NaN,NaN
2021-09-15T00:00:00Z,0.0,24.0,60.0,29.16399,0.8271084
2021-09-15T00:00:00Z,0.0,24.0,62.0,28.671844,0.8484001
2021-09-15T00:00:00Z,0.0,24.0,64.0,28.575583,0.8791466
2021-09-15T00:00:00Z,0.0,24.0,66.0,28.77359,0.891201
2021-09-15T00:00:00Z,0.0,24.0,68.0,28.882181,0.87734604
2021-09-15T00:00:00Z,0.0,24.0,70.0,NaN,NaN
2021-09-15T00:00:00Z,0.0,24.0,72.0,NaN,NaN
2021-09-15T00:00:00Z,0.0,24.0,74.0,NaN,NaN
2021-09-15T00:00:00Z,0.0,24.0,76.0,NaN,NaN
2021-09-15T00:00:00Z,0.0,26.0,56.0,32.376045,0.7751312
2021-09-15T00:00:00Z,0.0,26.0,58.0,31.24512,0.828537
2021-09-15T00:00:00Z,0.0,26.0,60.0,30.13006,0.8351326
2021-09-15T00:00:00Z,0.0,26.0,62.0,NaN,NaN
2021-09-15T00:00:00Z,0.0,26.0,64.0,28.627943,0.89063835
2021-09-15T00:00:00Z,0.0,26.0,66.0,28.707966,0.89692116
2021-09-15T00:00:00Z,0.0,26.0,68.0,NaN,NaN
2021-09-15T00:00:00Z,0.0,26.0,70.0,NaN,NaN
2021-09-15T00:00:00Z,0.0,26.0,72.0,NaN,NaN
2021-09-15T00:00:00Z,0.0,26.0,74.0,NaN,NaN
2021-09-15T00:00:00Z,0.0,26.0,76.0,NaN,NaN
2021-10-15T00:00:00Z,0.0,8.0,56.0,27.522642,0.10803795
2021-10-15T00:00:00Z,0.0,8.0,58.0,27.910091,0.15021515
2021-10-15T00:00:00Z,0.0,8.0,60.0,28.283857,0.18133354
2021-10-15T00:00:00Z,0.0,8.0,62.0,28.529934,0.19116211
2021-10-15T00:00:00Z,0.0,8.0,64.0,28.65589,0.18803596
2021-10-15T00:00:00Z,0.0,8.0,66.0,28.732513,0.18199158
2021-10-15T00:00:00Z,0.0,8.0,68.0,28.795172,0.18471146
2021-10-15T00:00:00Z,0.0,8.0,70.0,28.846945,0.20123482
2021-10-15T00:00:00Z,0.0,8.0,72.0,28.89615,0.26898193
2021-10-15T00:00:00Z,0.0,8.0,74.0,28.84023,0.32998085
2021-10-15T00:00:00Z,0.0,8.0,76.0,28.684572,0.36518288
2021-10-15T00:00:00Z,0.0,10.0,56.0,27.325657,0.0413208
2021-10-15T00:00:00Z,0.0,10.0,58.0,27.660728,0.07739258
2021-10-15T00:00:00Z,0.0,10.0,60.0,27.954752,0.10541725
2021-10-15T00:00:00Z,0.0,10.0,62.0,28.179848,0.11880493
2021-10-15T00:00:00Z,0.0,10.0,64.0,28.352373,0.122852325
2021-10-15T00:00:00Z,0.0,10.0,66.0,28.498642,0.123184204
2021-10-15T00:00:00Z,0.0,10.0,68.0,28.638365,0.13305092
2021-10-15T00:00:00Z,0.0,10.0,70.0,28.76643,0.16126251
2021-10-15T00:00:00Z,0.0,10.0,72.0,28.863277,0.23650551
2021-10-15T00:00:00Z,0.0,10.0,74.0,28.827934,0.3039322
2021-10-15T00:00:00Z,0.0,10.0,76.0,28.707449,0.3434143
2021-10-15T00:00:00Z,0.0,12.0,56.0,27.34988,0.05385971
2021-10-15T00:00:00Z,0.0,12.0,58.0,27.57951,0.07673836
2021-10-15T00:00:00Z,0.0,12.0,60.0,27.773787,0.09957695
2021-10-15T00:00:00Z,0.0,12.0,62.0,27.973194,0.124256134
2021-10-15T00:00:00Z,0.0,12.0,64.0,28.180077,0.1417656
2021-10-15T00:00:00Z,0.0,12.0,66.0,28.384699,0.14988708
2021-10-15T00:00:00Z,0.0,12.0,68.0,28.599152,0.164505
2021-10-15T00:00:00Z,0.0,12.0,70.0,28.788485,0.1899414
2021-10-15T00:00:00Z,0.0,12.0,72.0,28.900297,0.24273491
2021-10-15T00:00:00Z,0.0,12.0,74.0,28.877012,0.29265022
2021-10-15T00:00:00Z,0.0,12.0,76.0,28.794151,0.32425117
2021-10-15T00:00:00Z,0.0,14.0,56.0,27.549904,0.14613342
2021-10-15T00:00:00Z,0.0,14.0,58.0,27.673212,0.16204453
2021-10-15T00:00:00Z,0.0,14.0,60.0,27.804628,0.18056297
2021-10-15T00:00:00Z,0.0,14.0,62.0,27.994411,0.21315956
2021-10-15T00:00:00Z,0.0,14.0,64.0,28.210613,0.23884201
2021-10-15T00:00:00Z,0.0,14.0,66.0,28.43736,0.25138283
2021-10-15T00:00:00Z,0.0,14.0,68.0,28.684479,0.2608757
2021-10-15T00:00:00Z,0.0,14.0,70.0,28.894167,0.26664543
2021-10-15T00:00:00Z,0.0,14.0,72.0,28.991936,0.2781849
2021-10-15T00:00:00Z,0.0,14.0,74.0,28.98115,0.29910088
2021-10-15T00:00:00Z,0.0,14.0,76.0,NaN,NaN
2021-10-15T00:00:00Z,0.0,16.0,56.0,27.70042,0.25753212
2021-10-15T00:00:00Z,0.0,16.0,58.0,27.799448,0.2827816
2021-10-15T00:00:00Z,0.0,16.0,60.0,27.960155,0.3015709
2021-10-15T00:00:00Z,0.0,16.0,62.0,28.178091,0.33348656
2021-10-15T00:00:00Z,0.0,16.0,64.0,28.39118,0.3589306
2021-10-15T00:00:00Z,0.0,16.0,66.0,28.606794,0.3680668
2021-10-15T00:00:00Z,0.0,16.0,68.0,28.847218,0.36717606
2021-10-15T00:00:00Z,0.0,16.0,70.0,29.042048,0.3472557
2021-10-15T00:00:00Z,0.0,16.0,72.0,29.107824,0.3158493
2021-10-15T00:00:00Z,0.0,16.0,74.0,29.095442,0.31925583
2021-10-15T00:00:00Z,0.0,16.0,76.0,NaN,NaN
2021-10-15T00:00:00Z,0.0,18.0,56.0,27.706453,0.3429451
2021-10-15T00:00:00Z,0.0,18.0,58.0,27.802198,0.38403893
2021-10-15T00:00:00Z,0.0,18.0,60.0,28.064726,0.41153908
2021-10-15T00:00:00Z,0.0,18.0,62.0,28.367847,0.43509674
2021-10-15T00:00:00Z,0.0,18.0,64.0,28.604998,0.4503727
2021-10-15T00:00:00Z,0.0,18.0,66.0,28.80837,0.44957924
2021-10-15T00:00:00Z,0.0,18.0,68.0,29.005663,0.43132782
2021-10-15T00:00:00Z,0.0,18.0,70.0,29.146196,0.3845501
2021-10-15T00:00:00Z,0.0,18.0,72.0,29.178074,0.32551575
2021-10-15T00:00:00Z,0.0,18.0,74.0,NaN,NaN
2021-10-15T00:00:00Z,0.0,18.0,76.0,NaN,NaN
2021-10-15T00:00:00Z,0.0,20.0,56.0,NaN,NaN
2021-10-15T00:00:00Z,0.0,20.0,58.0,27.87639,0.46117592
2021-10-15T00:00:00Z,0.0,20.0,60.0,28.182703,0.49241066
2021-10-15T00:00:00Z,0.0,20.0,62.0,28.518467,0.5015507
2021-10-15T00:00:00Z,0.0,20.0,64.0,28.755295,0.4947319
2021-10-15T00:00:00Z,0.0,20.0,66.0,28.922195,0.47073746
2021-10-15T00:00:00Z,0.0,20.0,68.0,29.026604,0.42949867
2021-10-15T00:00:00Z,0.0,20.0,70.0,29.084211,0.3618641
2021-10-15T00:00:00Z,0.0,20.0,72.0,29.113548,0.2951126
2021-10-15T00:00:00Z,0.0,20.0,74.0,NaN,NaN
2021-10-15T00:00:00Z,0.0,20.0,76.0,NaN,NaN
2021-10-15T00:00:00Z,0.0,22.0,56.0,NaN,NaN
2021-10-15T00:00:00Z,0.0,22.0,58.0,NaN,NaN
2021-10-15T00:00:00Z,0.0,22.0,60.0,28.592691,0.5712967
2021-10-15T00:00:00Z,0.0,22.0,62.0,28.714056,0.5533066
2021-10-15T00:00:00Z,0.0,22.0,64.0,28.79065,0.49812698
2021-10-15T00:00:00Z,0.0,22.0,66.0,28.847752,0.4426689
2021-10-15T00:00:00Z,0.0,22.0,68.0,28.848316,0.37934303
2021-10-15T00:00:00Z,0.0,22.0,70.0,28.883247,0.31548882
2021-10-15T00:00:00Z,0.0,22.0,72.0,NaN,NaN
2021-10-15T00:00:00Z,0.0,22.0,74.0,NaN,NaN
2021-10-15T00:00:00Z,0.0,22.0,76.0,NaN,NaN
2021-10-15T00:00:00Z,0.0,24.0,56.0,NaN,NaN
2021-10-15T00:00:00Z,0.0,24.0,58.0,NaN,NaN
2021-10-15T00:00:00Z,0.0,24.0,60.0,29.187176,0.67287254
2021-10-15T00:00:00Z,0.0,24.0,62.0,28.881842,0.57517433
2021-10-15T00:00:00Z,0.0,24.0,64.0,28.674221,0.46101952
2021-10-15T00:00:00Z,0.0,24.0,66.0,28.620644,0.3904915
2021-10-15T00:00:00Z,0.0,24.0,68.0,28.626091,0.3357296
2021-10-15T00:00:00Z,0.0,24.0,70.0,NaN,NaN
2021-10-15T00:00:00Z,0.0,24.0,72.0,NaN,NaN
2021-10-15T00:00:00Z,0.0,24.0,74.0,NaN,NaN
2021-10-15T00:00:00Z,0.0,24.0,76.0,NaN,NaN
2021-10-15T00:00:00Z,0.0,26.0,56.0,31.195242,1.0171604
2021-10-15T00:00:00Z,0.0,26.0,58.0,30.349121,0.90276337
2021-10-15T00:00:00Z,0.0,26.0,60.0,29.61618,0.7535553
2021-10-15T00:00:00Z,0.0,26.0,62.0,NaN,NaN
2021-10-15T00:00:00Z,0.0,26.0,64.0,28.510113,0.41556358
2021-10-15T00:00:00Z,0.0,26.0,66.0,28.448631,0.36623383
2021-10-15T00:00:00Z,0.0,26.0,68.0,NaN,NaN
2021-10-15T00:00:00Z,0.0,26.0,70.0,NaN,NaN
2021-10-15T00:00:00Z,0.0,26.0,72.0,NaN,NaN
2021-10-15T00:00:00Z,0.0,26.0,74.0,NaN,NaN
2021-10-15T00:00:00Z,0.0,26.0,76.0,NaN,NaN
2021-11-15T00:00:00Z,0.0,8.0,56.0,28.090397,0.25906372
2021-11-15T00:00:00Z,0.0,8.0,58.0,28.276178,0.2373848
2021-11-15T00:00:00Z,0.0,8.0,60.0,28.461267,0.21665955
2021-11-15T00:00:00Z,0.0,8.0,62.0,28.591156,0.19975853
2021-11-15T00:00:00Z,0.0,8.0,64.0,28.67761,0.18702698
2021-11-15T00:00:00Z,0.0,8.0,66.0,28.769653,0.17892456
2021-11-15T00:00:00Z,0.0,8.0,68.0,28.86963,0.18081856
2021-11-15T00:00:00Z,0.0,8.0,70.0,28.945217,0.19559097
2021-11-15T00:00:00Z,0.0,8.0,72.0,29.006084,0.26368713
2021-11-15T00:00:00Z,0.0,8.0,74.0,28.98492,0.32767105
2021-11-15T00:00:00Z,0.0,8.0,76.0,28.864498,0.35208702
2021-11-15T00:00:00Z,0.0,10.0,56.0,27.832788,0.20124626
2021-11-15T00:00:00Z,0.0,10.0,58.0,27.986027,0.18923378
2021-11-15T00:00:00Z,0.0,10.0,60.0,28.139166,0.18193626
2021-11-15T00:00:00Z,0.0,10.0,62.0,28.27326,0.17873955
2021-11-15T00:00:00Z,0.0,10.0,64.0,28.400982,0.1748352
2021-11-15T00:00:00Z,0.0,10.0,66.0,28.560568,0.17677498
2021-11-15T00:00:00Z,0.0,10.0,68.0,28.749487,0.19517326
2021-11-15T00:00:00Z,0.0,10.0,70.0,28.930538,0.23189354
2021-11-15T00:00:00Z,0.0,10.0,72.0,29.086237,0.3165493
2021-11-15T00:00:00Z,0.0,10.0,74.0,29.132168,0.39925194
2021-11-15T00:00:00Z,0.0,10.0,76.0,29.066772,0.44032097
2021-11-15T00:00:00Z,0.0,12.0,56.0,27.652763,0.17501259
2021-11-15T00:00:00Z,0.0,12.0,58.0,27.765099,0.1681385
2021-11-15T00:00:00Z,0.0,12.0,60.0,27.859211,0.16046143
2021-11-15T00:00:00Z,0.0,12.0,62.0,27.969206,0.16114235
2021-11-15T00:00:00Z,0.0,12.0,64.0,28.113468,0.16088486
2021-11-15T00:00:00Z,0.0,12.0,66.0,28.322607,0.169878
2021-11-15T00:00:00Z,0.0,12.0,68.0,28.592422,0.2012558
2021-11-15T00:00:00Z,0.0,12.0,70.0,28.871605,0.2558155
2021-11-15T00:00:00Z,0.0,12.0,72.0,29.106285,0.34786987
2021-11-15T00:00:00Z,0.0,12.0,74.0,29.215963,0.43583488
2021-11-15T00:00:00Z,0.0,12.0,76.0,29.230064,0.4963913
2021-11-15T00:00:00Z,0.0,14.0,56.0,27.569931,0.18993187
2021-11-15T00:00:00Z,0.0,14.0,58.0,27.647911,0.18893051
2021-11-15T00:00:00Z,0.0,14.0,60.0,27.7046,0.17230797
2021-11-15T00:00:00Z,0.0,14.0,62.0,27.78226,0.15707397
2021-11-15T00:00:00Z,0.0,14.0,64.0,27.910013,0.1479721
2021-11-15T00:00:00Z,0.0,14.0,66.0,28.130463,0.1565876
2021-11-15T00:00:00Z,0.0,14.0,68.0,28.443762,0.19113731
2021-11-15T00:00:00Z,0.0,14.0,70.0,28.772594,0.24724197
2021-11-15T00:00:00Z,0.0,14.0,72.0,29.029,0.32687378
2021-11-15T00:00:00Z,0.0,14.0,74.0,29.165995,0.40721703
2021-11-15T00:00:00Z,0.0,14.0,76.0,NaN,NaN
2021-11-15T00:00:00Z,0.0,16.0,56.0,27.528105,0.22948647
2021-11-15T00:00:00Z,0.0,16.0,58.0,27.571222,0.22503471
2021-11-15T00:00:00Z,0.0,16.0,60.0,27.619875,0.18985176
2021-11-15T00:00:00Z,0.0,16.0,62.0,27.67865,0.14994049
2021-11-15T00:00:00Z,0.0,16.0,64.0,27.768951,0.12068176
2021-11-15T00:00:00Z,0.0,16.0,66.0,27.971521,0.12060356
2021-11-15T00:00:00Z,0.0,16.0,68.0,28.289202,0.14701271
2021-11-15T00:00:00Z,0.0,16.0,70.0,28.601404,0.1852169
2021-11-15T00:00:00Z,0.0,16.0,72.0,28.828938,0.24360275
2021-11-15T00:00:00Z,0.0,16.0,74.0,29.00939,0.33652878
2021-11-15T00:00:00Z,0.0,16.0,76.0,NaN,NaN
2021-11-15T00:00:00Z,0.0,18.0,56.0,27.458712,0.26169205
2021-11-15T00:00:00Z,0.0,18.0,58.0,27.45099,0.2508011
2021-11-15T00:00:00Z,0.0,18.0,60.0,27.511564,0.20243835
2021-11-15T00:00:00Z,0.0,18.0,62.0,27.578531,0.13832092
2021-11-15T00:00:00Z,0.0,18.0,64.0,27.64767,0.088272095
2021-11-15T00:00:00Z,0.0,18.0,66.0,27.812601,0.06718254
2021-11-15T00:00:00Z,0.0,18.0,68.0,28.07344,0.0667305
2021-11-15T00:00:00Z,0.0,18.0,70.0,28.28502,0.06518555
2021-11-15T00:00:00Z,0.0,18.0,72.0,28.396206,0.07887268
2021-11-15T00:00:00Z,0.0,18.0,74.0,NaN,NaN
2021-11-15T00:00:00Z,0.0,18.0,76.0,NaN,NaN
2021-11-15T00:00:00Z,0.0,20.0,56.0,NaN,NaN
2021-11-15T00:00:00Z,0.0,20.0,58.0,27.35002,0.24850082
2021-11-15T00:00:00Z,0.0,20.0,60.0,27.395649,0.20188522
2021-11-15T00:00:00Z,0.0,20.0,62.0,27.473726,0.13261986
2021-11-15T00:00:00Z,0.0,20.0,64.0,27.534544,0.07044029
2021-11-15T00:00:00Z,0.0,20.0,66.0,27.627653,0.021383286
2021-11-15T00:00:00Z,0.0,20.0,68.0,27.740479,-0.024230957
2021-11-15T00:00:00Z,0.0,20.0,70.0,27.82151,-0.06676674
2021-11-15T00:00:00Z,0.0,20.0,72.0,27.905058,-0.09217262
2021-11-15T00:00:00Z,0.0,20.0,74.0,NaN,NaN
2021-11-15T00:00:00Z,0.0,20.0,76.0,NaN,NaN
2021-11-15T00:00:00Z,0.0,22.0,56.0,NaN,NaN
2021-11-15T00:00:00Z,0.0,22.0,58.0,NaN,NaN
2021-11-15T00:00:00Z,0.0,22.0,60.0,27.32397,0.17481232
2021-11-15T00:00:00Z,0.0,22.0,62.0,27.374191,0.13381577
2021-11-15T00:00:00Z,0.0,22.0,64.0,27.390425,0.0711956
2021-11-15T00:00:00Z,0.0,22.0,66.0,27.37523,-0.002708435
2021-11-15T00:00:00Z,0.0,22.0,68.0,27.34243,-0.08518219
2021-11-15T00:00:00Z,0.0,22.0,70.0,27.399023,-0.14857864
2021-11-15T00:00:00Z,0.0,22.0,72.0,NaN,NaN
2021-11-15T00:00:00Z,0.0,22.0,74.0,NaN,NaN
2021-11-15T00:00:00Z,0.0,22.0,76.0,NaN,NaN
2021-11-15T00:00:00Z,0.0,24.0,56.0,NaN,NaN
2021-11-15T00:00:00Z,0.0,24.0,58.0,NaN,NaN
2021-11-15T00:00:00Z,0.0,24.0,60.0,27.266964,0.14425087
2021-11-15T00:00:00Z,0.0,24.0,62.0,27.237812,0.12052345
2021-11-15T00:00:00Z,0.0,24.0,64.0,27.168924,0.059230804
2021-11-15T00:00:00Z,0.0,24.0,66.0,27.08592,-0.012836456
2021-11-15T00:00:00Z,0.0,24.0,68.0,27.064163,-0.0906353
2021-11-15T00:00:00Z,0.0,24.0,70.0,NaN,NaN
2021-11-15T00:00:00Z,0.0,24.0,72.0,NaN,NaN
2021-11-15T00:00:00Z,0.0,24.0,74.0,NaN,NaN
2021-11-15T00:00:00Z,0.0,24.0,76.0,NaN,NaN
2021-11-15T00:00:00Z,0.0,26.0,56.0,28.031706,0.3322029
2021-11-15T00:00:00Z,0.0,26.0,58.0,27.564865,0.21622467
2021-11-15T00:00:00Z,0.0,26.0,60.0,27.255104,0.13851357
2021-11-15T00:00:00Z,0.0,26.0,62.0,NaN,NaN
2021-11-15T00:00:00Z,0.0,26.0,64.0,26.98219,0.041957855
2021-11-15T00:00:00Z,0.0,26.0,66.0,26.920033,7.991791E-4
2021-11-15T00:00:00Z,0.0,26.0,68.0,NaN,NaN
2021-11-15T00:00:00Z,0.0,26.0,70.0,NaN,NaN
2021-11-15T00:00:00Z,0.0,26.0,72.0,NaN,NaN
2021-11-15T00:00:00Z,0.0,26.0,74.0,NaN,NaN
2021-11-15T00:00:00Z,0.0,26.0,76.0,NaN,NaN
2021-12-15T00:00:00Z,0.0,8.0,56.0,27.58976,0.27344704
2021-12-15T00:00:00Z,0.0,8.0,58.0,27.809011,0.28682518
2021-12-15T00:00:00Z,0.0,8.0,60.0,28.009205,0.278162
2021-12-15T00:00:00Z,0.0,8.0,62.0,28.174309,0.2578087
2021-12-15T00:00:00Z,0.0,8.0,64.0,28.328722,0.24232483
2021-12-15T00:00:00Z,0.0,8.0,66.0,28.491657,0.235363
2021-12-15T00:00:00Z,0.0,8.0,68.0,28.64479,0.24283218
2021-12-15T00:00:00Z,0.0,8.0,70.0,28.75683,0.2741642
2021-12-15T00:00:00Z,0.0,8.0,72.0,28.838915,0.3650818
2021-12-15T00:00:00Z,0.0,8.0,74.0,28.838398,0.45623207
2021-12-15T00:00:00Z,0.0,8.0,76.0,28.72978,0.5111408
2021-12-15T00:00:00Z,0.0,10.0,56.0,27.171972,0.18391037
2021-12-15T00:00:00Z,0.0,10.0,58.0,27.343222,0.20536613
2021-12-15T00:00:00Z,0.0,10.0,60.0,27.515697,0.211092
2021-12-15T00:00:00Z,0.0,10.0,62.0,27.681438,0.2038765
2021-12-15T00:00:00Z,0.0,10.0,64.0,27.874048,0.19581795
2021-12-15T00:00:00Z,0.0,10.0,66.0,28.117443,0.19831848
2021-12-15T00:00:00Z,0.0,10.0,68.0,28.383257,0.22296524
2021-12-15T00:00:00Z,0.0,10.0,70.0,28.62287,0.26963997
2021-12-15T00:00:00Z,0.0,10.0,72.0,28.829897,0.37273026
2021-12-15T00:00:00Z,0.0,10.0,74.0,28.925755,0.47819138
2021-12-15T00:00:00Z,0.0,10.0,76.0,28.896544,0.54498863
2021-12-15T00:00:00Z,0.0,12.0,56.0,26.768602,0.13135338
2021-12-15T00:00:00Z,0.0,12.0,58.0,26.888298,0.14410973
2021-12-15T00:00:00Z,0.0,12.0,60.0,27.015009,0.152071
2021-12-15T00:00:00Z,0.0,12.0,62.0,27.167215,0.16215324
2021-12-15T00:00:00Z,0.0,12.0,64.0,27.38329,0.1681652
2021-12-15T00:00:00Z,0.0,12.0,66.0,27.690111,0.17906952
2021-12-15T00:00:00Z,0.0,12.0,68.0,28.059809,0.21443367
2021-12-15T00:00:00Z,0.0,12.0,70.0,28.428593,0.27540398
2021-12-15T00:00:00Z,0.0,12.0,72.0,28.739416,0.37037468
2021-12-15T00:00:00Z,0.0,12.0,74.0,28.922705,0.46882248
2021-12-15T00:00:00Z,0.0,12.0,76.0,28.994482,0.5446968
2021-12-15T00:00:00Z,0.0,14.0,56.0,26.445515,0.14126396
2021-12-15T00:00:00Z,0.0,14.0,58.0,26.543392,0.1435585
2021-12-15T00:00:00Z,0.0,14.0,60.0,26.653078,0.14045334
2021-12-15T00:00:00Z,0.0,14.0,62.0,26.78571,0.14637566
2021-12-15T00:00:00Z,0.0,14.0,64.0,26.988997,0.15649605
2021-12-15T00:00:00Z,0.0,14.0,66.0,27.317852,0.17603874
2021-12-15T00:00:00Z,0.0,14.0,68.0,27.75342,0.2154808
2021-12-15T00:00:00Z,0.0,14.0,70.0,28.19592,0.26948357
2021-12-15T00:00:00Z,0.0,14.0,72.0,28.552788,0.34137154
2021-12-15T00:00:00Z,0.0,14.0,74.0,28.767939,0.41547585
2021-12-15T00:00:00Z,0.0,14.0,76.0,NaN,NaN
2021-12-15T00:00:00Z,0.0,16.0,56.0,26.226109,0.19638634
2021-12-15T00:00:00Z,0.0,16.0,58.0,26.301111,0.1944027
2021-12-15T00:00:00Z,0.0,16.0,60.0,26.405539,0.16628647
2021-12-15T00:00:00Z,0.0,16.0,62.0,26.516119,0.144701
2021-12-15T00:00:00Z,0.0,16.0,64.0,26.676516,0.1391182
2021-12-15T00:00:00Z,0.0,16.0,66.0,26.991262,0.15765762
2021-12-15T00:00:00Z,0.0,16.0,68.0,27.447079,0.1932869
2021-12-15T00:00:00Z,0.0,16.0,70.0,27.873188,0.22479057
2021-12-15T00:00:00Z,0.0,16.0,72.0,28.197186,0.26542854
2021-12-15T00:00:00Z,0.0,16.0,74.0,28.478477,0.34346962
2021-12-15T00:00:00Z,0.0,16.0,76.0,NaN,NaN
2021-12-15T00:00:00Z,0.0,18.0,56.0,26.106009,0.25452805
2021-12-15T00:00:00Z,0.0,18.0,58.0,26.122122,0.2564621
2021-12-15T00:00:00Z,0.0,18.0,60.0,26.204922,0.21431732
2021-12-15T00:00:00Z,0.0,18.0,62.0,26.290272,0.16106415
2021-12-15T00:00:00Z,0.0,18.0,64.0,26.406033,0.12697029
2021-12-15T00:00:00Z,0.0,18.0,66.0,26.666359,0.12094307
2021-12-15T00:00:00Z,0.0,18.0,68.0,27.042656,0.12555313
2021-12-15T00:00:00Z,0.0,18.0,70.0,27.315508,0.1121521
2021-12-15T00:00:00Z,0.0,18.0,72.0,27.449615,0.107357025
2021-12-15T00:00:00Z,0.0,18.0,74.0,NaN,NaN
2021-12-15T00:00:00Z,0.0,18.0,76.0,NaN,NaN
2021-12-15T00:00:00Z,0.0,20.0,56.0,NaN,NaN
2021-12-15T00:00:00Z,0.0,20.0,58.0,26.006935,0.29400826
2021-12-15T00:00:00Z,0.0,20.0,60.0,26.025316,0.2596569
2021-12-15T00:00:00Z,0.0,20.0,62.0,26.093987,0.1998825
2021-12-15T00:00:00Z,0.0,20.0,64.0,26.180939,0.14214897
2021-12-15T00:00:00Z,0.0,20.0,66.0,26.317228,0.089040756
2021-12-15T00:00:00Z,0.0,20.0,68.0,26.46192,0.030416489
2021-12-15T00:00:00Z,0.0,20.0,70.0,26.533905,-0.031576157
2021-12-15T00:00:00Z,0.0,20.0,72.0,26.636812,-0.07279968
2021-12-15T00:00:00Z,0.0,20.0,74.0,NaN,NaN
2021-12-15T00:00:00Z,0.0,20.0,76.0,NaN,NaN
2021-12-15T00:00:00Z,0.0,22.0,56.0,NaN,NaN
2021-12-15T00:00:00Z,0.0,22.0,58.0,NaN,NaN
2021-12-15T00:00:00Z,0.0,22.0,60.0,25.814718,0.283247
2021-12-15T00:00:00Z,0.0,22.0,62.0,25.899137,0.24511528
2021-12-15T00:00:00Z,0.0,22.0,64.0,25.947052,0.17007256
2021-12-15T00:00:00Z,0.0,22.0,66.0,25.919386,0.072488785
2021-12-15T00:00:00Z,0.0,22.0,68.0,25.836771,-0.040826797
2021-12-15T00:00:00Z,0.0,22.0,70.0,25.877459,-0.13214493
2021-12-15T00:00:00Z,0.0,22.0,72.0,NaN,NaN
2021-12-15T00:00:00Z,0.0,22.0,74.0,NaN,NaN
2021-12-15T00:00:00Z,0.0,22.0,76.0,NaN,NaN
2021-12-15T00:00:00Z,0.0,24.0,56.0,NaN,NaN
2021-12-15T00:00:00Z,0.0,24.0,58.0,NaN,NaN
2021-12-15T00:00:00Z,0.0,24.0,60.0,25.575125,0.3008175
2021-12-15T00:00:00Z,0.0,24.0,62.0,25.670015,0.25357056
2021-12-15T00:00:00Z,0.0,24.0,64.0,25.669966,0.16599846
2021-12-15T00:00:00Z,0.0,24.0,66.0,25.547522,0.06373596
2021-12-15T00:00:00Z,0.0,24.0,68.0,25.461742,-0.051404953
2021-12-15T00:00:00Z,0.0,24.0,70.0,NaN,NaN
2021-12-15T00:00:00Z,0.0,24.0,72.0,NaN,NaN
2021-12-15T00:00:00Z,0.0,24.0,74.0,NaN,NaN
2021-12-15T00:00:00Z,0.0,24.0,76.0,NaN,NaN
2021-12-15T00:00:00Z,0.0,26.0,56.0,25.677961,0.60321236
2021-12-15T00:00:00Z,0.0,26.0,58.0,25.530943,0.43201065
2021-12-15T00:00:00Z,0.0,26.0,60.0,25.420135,0.30722618
2021-12-15T00:00:00Z,0.0,26.0,62.0,NaN,NaN
2021-12-15T00:00:00Z,0.0,26.0,64.0,25.463413,0.13598442
2021-12-15T00:00:00Z,0.0,26.0,66.0,25.373243,0.077222824
2021-12-15T00:00:00Z,0.0,26.0,68.0,NaN,NaN
2021-12-15T00:00:00Z,0.0,26.0,70.0,NaN,NaN
2021-12-15T00:00:00Z,0.0,26.0,72.0,NaN,NaN
2021-12-15T00:00:00Z,0.0,26.0,74.0,NaN,NaN
2021-12-15T00:00:00Z,0.0,26.0,76.0,NaN,NaN
2022-01-15T00:00:00Z,0.0,8.0,56.0,27.264692,0.4415264
2022-01-15T00:00:00Z,0.0,8.0,58.0,27.485716,0.43842697
2022-01-15T00:00:00Z,0.0,8.0,60.0,27.661043,0.39937973
2022-01-15T00:00:00Z,0.0,8.0,62.0,27.822414,0.34749794
2022-01-15T00:00:00Z,0.0,8.0,64.0,28.024212,0.33340073
2022-01-15T00:00:00Z,0.0,8.0,66.0,28.233004,0.3414173
2022-01-15T00:00:00Z,0.0,8.0,68.0,28.42457,0.3752575
2022-01-15T00:00:00Z,0.0,8.0,70.0,28.571217,0.42817497
2022-01-15T00:00:00Z,0.0,8.0,72.0,28.65281,0.49295425
2022-01-15T00:00:00Z,0.0,8.0,74.0,28.660666,0.55674934
2022-01-15T00:00:00Z,0.0,8.0,76.0,28.56507,0.6072502
2022-01-15T00:00:00Z,0.0,10.0,56.0,26.82426,0.42388916
2022-01-15T00:00:00Z,0.0,10.0,58.0,27.012236,0.4440937
2022-01-15T00:00:00Z,0.0,10.0,60.0,27.172756,0.43138504
2022-01-15T00:00:00Z,0.0,10.0,62.0,27.33268,0.39170074
2022-01-15T00:00:00Z,0.0,10.0,64.0,27.558117,0.3660965
2022-01-15T00:00:00Z,0.0,10.0,66.0,27.833994,0.35866165
2022-01-15T00:00:00Z,0.0,10.0,68.0,28.115637,0.37520027
2022-01-15T00:00:00Z,0.0,10.0,70.0,28.370651,0.41585922
2022-01-15T00:00:00Z,0.0,10.0,72.0,28.5599,0.4675045
2022-01-15T00:00:00Z,0.0,10.0,74.0,28.661037,0.52778816
2022-01-15T00:00:00Z,0.0,10.0,76.0,28.663061,0.58553505
2022-01-15T00:00:00Z,0.0,12.0,56.0,26.364206,0.4504776
2022-01-15T00:00:00Z,0.0,12.0,58.0,26.504501,0.47587776
2022-01-15T00:00:00Z,0.0,12.0,60.0,26.6325,0.4723549
2022-01-15T00:00:00Z,0.0,12.0,62.0,26.786116,0.4512844
2022-01-15T00:00:00Z,0.0,12.0,64.0,27.016602,0.41158295
2022-01-15T00:00:00Z,0.0,12.0,66.0,27.347635,0.3846588
2022-01-15T00:00:00Z,0.0,12.0,68.0,27.72381,0.38316727
2022-01-15T00:00:00Z,0.0,12.0,70.0,28.089645,0.40851974
2022-01-15T00:00:00Z,0.0,12.0,72.0,28.385857,0.44914627
2022-01-15T00:00:00Z,0.0,12.0,74.0,28.573414,0.49391174
2022-01-15T00:00:00Z,0.0,12.0,76.0,28.678871,0.5448437
2022-01-15T00:00:00Z,0.0,14.0,56.0,25.918484,0.4628811
2022-01-15T00:00:00Z,0.0,14.0,58.0,26.043528,0.49863243
2022-01-15T00:00:00Z,0.0,14.0,60.0,26.170513,0.50678444
2022-01-15T00:00:00Z,0.0,14.0,62.0,26.30717,0.49290085
2022-01-15T00:00:00Z,0.0,14.0,64.0,26.509563,0.44287682
2022-01-15T00:00:00Z,0.0,14.0,66.0,26.856348,0.3999958
2022-01-15T00:00:00Z,0.0,14.0,68.0,27.309254,0.38533783
2022-01-15T00:00:00Z,0.0,14.0,70.0,27.76369,0.39585876
2022-01-15T00:00:00Z,0.0,14.0,72.0,28.132841,0.42559052
2022-01-15T00:00:00Z,0.0,14.0,74.0,28.36216,0.4578247
2022-01-15T00:00:00Z,0.0,14.0,76.0,NaN,NaN
2022-01-15T00:00:00Z,0.0,16.0,56.0,25.518349,0.4291134
2022-01-15T00:00:00Z,0.0,16.0,58.0,25.610703,0.46416092
2022-01-15T00:00:00Z,0.0,16.0,60.0,25.751524,0.48127556
2022-01-15T00:00:00Z,0.0,16.0,62.0,25.874454,0.4667263
2022-01-15T00:00:00Z,0.0,16.0,64.0,26.03414,0.41495323
2022-01-15T00:00:00Z,0.0,16.0,66.0,26.36444,0.3618164
2022-01-15T00:00:00Z,0.0,16.0,68.0,26.854643,0.33706093
2022-01-15T00:00:00Z,0.0,16.0,70.0,27.306631,0.32400703
2022-01-15T00:00:00Z,0.0,16.0,72.0,27.67535,0.3461151
2022-01-15T00:00:00Z,0.0,16.0,74.0,27.99955,0.39865303
2022-01-15T00:00:00Z,0.0,16.0,76.0,NaN,NaN
2022-01-15T00:00:00Z,0.0,18.0,56.0,25.230366,0.38127327
2022-01-15T00:00:00Z,0.0,18.0,58.0,25.227894,0.3998108
2022-01-15T00:00:00Z,0.0,18.0,60.0,25.331945,0.4098835
2022-01-15T00:00:00Z,0.0,18.0,62.0,25.429483,0.3866291
2022-01-15T00:00:00Z,0.0,18.0,64.0,25.548355,0.328022
2022-01-15T00:00:00Z,0.0,18.0,66.0,25.826792,0.25954247
2022-01-15T00:00:00Z,0.0,18.0,68.0,26.234602,0.20253944
2022-01-15T00:00:00Z,0.0,18.0,70.0,26.506725,0.13755798
2022-01-15T00:00:00Z,0.0,18.0,72.0,26.64233,0.11278343
2022-01-15T00:00:00Z,0.0,18.0,74.0,NaN,NaN
2022-01-15T00:00:00Z,0.0,18.0,76.0,NaN,NaN
2022-01-15T00:00:00Z,0.0,20.0,56.0,NaN,NaN
2022-01-15T00:00:00Z,0.0,20.0,58.0,24.951826,0.34963226
2022-01-15T00:00:00Z,0.0,20.0,60.0,24.930733,0.33942032
2022-01-15T00:00:00Z,0.0,20.0,62.0,24.976341,0.2976761
2022-01-15T00:00:00Z,0.0,20.0,64.0,25.059294,0.22323227
2022-01-15T00:00:00Z,0.0,20.0,66.0,25.200237,0.11571884
2022-01-15T00:00:00Z,0.0,20.0,68.0,25.34173,-0.0055389404
2022-01-15T00:00:00Z,0.0,20.0,70.0,25.38512,-0.118211746
2022-01-15T00:00:00Z,0.0,20.0,72.0,25.502464,-0.17456245
2022-01-15T00:00:00Z,0.0,20.0,74.0,NaN,NaN
2022-01-15T00:00:00Z,0.0,20.0,76.0,NaN,NaN
2022-01-15T00:00:00Z,0.0,22.0,56.0,NaN,NaN
2022-01-15T00:00:00Z,0.0,22.0,58.0,NaN,NaN
2022-01-15T00:00:00Z,0.0,22.0,60.0,24.4867,0.26774025
2022-01-15T00:00:00Z,0.0,22.0,62.0,24.531908,0.222826
2022-01-15T00:00:00Z,0.0,22.0,64.0,24.550028,0.11465263
2022-01-15T00:00:00Z,0.0,22.0,66.0,24.495852,-0.04229355
2022-01-15T00:00:00Z,0.0,22.0,68.0,24.390411,-0.20686531
2022-01-15T00:00:00Z,0.0,22.0,70.0,24.441978,-0.32658386
2022-01-15T00:00:00Z,0.0,22.0,72.0,NaN,NaN
2022-01-15T00:00:00Z,0.0,22.0,74.0,NaN,NaN
2022-01-15T00:00:00Z,0.0,22.0,76.0,NaN,NaN
2022-01-15T00:00:00Z,0.0,24.0,56.0,NaN,NaN
2022-01-15T00:00:00Z,0.0,24.0,58.0,NaN,NaN
2022-01-15T00:00:00Z,0.0,24.0,60.0,24.04749,0.18922997
2022-01-15T00:00:00Z,0.0,24.0,62.0,24.125187,0.13175392
2022-01-15T00:00:00Z,0.0,24.0,64.0,24.06418,-0.012647629
2022-01-15T00:00:00Z,0.0,24.0,66.0,23.907589,-0.16285324
2022-01-15T00:00:00Z,0.0,24.0,68.0,23.820168,-0.30568123
2022-01-15T00:00:00Z,0.0,24.0,70.0,NaN,NaN
2022-01-15T00:00:00Z,0.0,24.0,72.0,NaN,NaN
2022-01-15T00:00:00Z,0.0,24.0,74.0,NaN,NaN
2022-01-15T00:00:00Z,0.0,24.0,76.0,NaN,NaN
2022-01-15T00:00:00Z,0.0,26.0,56.0,23.575277,0.39819527
2022-01-15T00:00:00Z,0.0,26.0,58.0,23.790825,0.26167297
2022-01-15T00:00:00Z,0.0,26.0,60.0,23.825493,0.15962029
2022-01-15T00:00:00Z,0.0,26.0,62.0,NaN,NaN
2022-01-15T00:00:00Z,0.0,26.0,64.0,23.773224,-0.104990005
2022-01-15T00:00:00Z,0.0,26.0,66.0,23.636683,-0.2144928
2022-01-15T00:00:00Z,0.0,26.0,68.0,NaN,NaN
2022-01-15T00:00:00Z,0.0,26.0,70.0,NaN,NaN
2022-01-15T00:00:00Z,0.0,26.0,72.0,NaN,NaN
2022-01-15T00:00:00Z,0.0,26.0,74.0,NaN,NaN
2022-01-15T00:00:00Z,0.0,26.0,76.0,NaN,NaN
2022-02-15T00:00:00Z,0.0,8.0,56.0,27.074451,0.044553757
2022-02-15T00:00:00Z,0.0,8.0,58.0,27.25542,0.055295944
2022-02-15T00:00:00Z,0.0,8.0,60.0,27.438082,0.053792953
2022-02-15T00:00:00Z,0.0,8.0,62.0,27.634777,0.039966583
2022-02-15T00:00:00Z,0.0,8.0,64.0,27.873491,0.0568676
2022-02-15T00:00:00Z,0.0,8.0,66.0,28.1162,0.09455681
2022-02-15T00:00:00Z,0.0,8.0,68.0,28.346964,0.15323448
2022-02-15T00:00:00Z,0.0,8.0,70.0,28.53394,0.21589851
2022-02-15T00:00:00Z,0.0,8.0,72.0,28.65838,0.27763176
2022-02-15T00:00:00Z,0.0,8.0,74.0,28.71916,0.33476257
2022-02-15T00:00:00Z,0.0,8.0,76.0,28.68079,0.38947487
2022-02-15T00:00:00Z,0.0,10.0,56.0,26.621485,0.07717323
2022-02-15T00:00:00Z,0.0,10.0,58.0,26.773565,0.105918884
2022-02-15T00:00:00Z,0.0,10.0,60.0,26.923933,0.107767105
2022-02-15T00:00:00Z,0.0,10.0,62.0,27.111662,0.08643341
2022-02-15T00:00:00Z,0.0,10.0,64.0,27.388048,0.08634186
2022-02-15T00:00:00Z,0.0,10.0,66.0,27.70445,0.10559654
2022-02-15T00:00:00Z,0.0,10.0,68.0,28.003513,0.1334095
2022-02-15T00:00:00Z,0.0,10.0,70.0,28.263288,0.16591454
2022-02-15T00:00:00Z,0.0,10.0,72.0,28.471405,0.20646858
2022-02-15T00:00:00Z,0.0,10.0,74.0,28.632584,0.27051926
2022-02-15T00:00:00Z,0.0,10.0,76.0,28.708654,0.3429222
2022-02-15T00:00:00Z,0.0,12.0,56.0,26.202597,0.16684914
2022-02-15T00:00:00Z,0.0,12.0,58.0,26.328207,0.21051979
2022-02-15T00:00:00Z,0.0,12.0,60.0,26.440157,0.21488571
2022-02-15T00:00:00Z,0.0,12.0,62.0,26.611124,0.20147896
2022-02-15T00:00:00Z,0.0,12.0,64.0,26.897264,0.18395233
2022-02-15T00:00:00Z,0.0,12.0,66.0,27.264109,0.17577553
2022-02-15T00:00:00Z,0.0,12.0,68.0,27.625525,0.16967201
2022-02-15T00:00:00Z,0.0,12.0,70.0,27.954327,0.17274475
2022-02-15T00:00:00Z,0.0,12.0,72.0,28.246487,0.19927979
2022-02-15T00:00:00Z,0.0,12.0,74.0,28.48652,0.24751472
2022-02-15T00:00:00Z,0.0,12.0,76.0,28.663063,0.30863762
2022-02-15T00:00:00Z,0.0,14.0,56.0,25.787163,0.21216202
2022-02-15T00:00:00Z,0.0,14.0,58.0,25.917376,0.28408432
2022-02-15T00:00:00Z,0.0,14.0,60.0,26.04004,0.32014275
2022-02-15T00:00:00Z,0.0,14.0,62.0,26.188492,0.3221588
2022-02-15T00:00:00Z,0.0,14.0,64.0,26.43902,0.29193687
2022-02-15T00:00:00Z,0.0,14.0,66.0,26.812944,0.25665283
2022-02-15T00:00:00Z,0.0,14.0,68.0,27.231117,0.22438812
2022-02-15T00:00:00Z,0.0,14.0,70.0,27.625534,0.20766068
2022-02-15T00:00:00Z,0.0,14.0,72.0,27.976908,0.22386551
2022-02-15T00:00:00Z,0.0,14.0,74.0,28.240648,0.25760078
2022-02-15T00:00:00Z,0.0,14.0,76.0,NaN,NaN
2022-02-15T00:00:00Z,0.0,16.0,56.0,25.364893,0.17377281
2022-02-15T00:00:00Z,0.0,16.0,58.0,25.472445,0.25940323
2022-02-15T00:00:00Z,0.0,16.0,60.0,25.635393,0.33239174
2022-02-15T00:00:00Z,0.0,16.0,62.0,25.78539,0.3592224
2022-02-15T00:00:00Z,0.0,16.0,64.0,25.983616,0.33013725
2022-02-15T00:00:00Z,0.0,16.0,66.0,26.332073,0.2788849
2022-02-15T00:00:00Z,0.0,16.0,68.0,26.78302,0.23349762
2022-02-15T00:00:00Z,0.0,16.0,70.0,27.170649,0.19854546
2022-02-15T00:00:00Z,0.0,16.0,72.0,27.512379,0.20826149
2022-02-15T00:00:00Z,0.0,16.0,74.0,27.859234,0.2548542
2022-02-15T00:00:00Z,0.0,16.0,76.0,NaN,NaN
2022-02-15T00:00:00Z,0.0,18.0,56.0,25.022745,0.12221718
2022-02-15T00:00:00Z,0.0,18.0,58.0,25.027365,0.18891907
2022-02-15T00:00:00Z,0.0,18.0,60.0,25.170126,0.2633114
2022-02-15T00:00:00Z,0.0,18.0,62.0,25.313787,0.29972458
2022-02-15T00:00:00Z,0.0,18.0,64.0,25.47372,0.2772827
2022-02-15T00:00:00Z,0.0,18.0,66.0,25.769958,0.21641731
2022-02-15T00:00:00Z,0.0,18.0,68.0,26.152609,0.15123367
2022-02-15T00:00:00Z,0.0,18.0,70.0,26.371723,0.081077576
2022-02-15T00:00:00Z,0.0,18.0,72.0,26.47102,0.05444336
2022-02-15T00:00:00Z,0.0,18.0,74.0,NaN,NaN
2022-02-15T00:00:00Z,0.0,18.0,76.0,NaN,NaN
2022-02-15T00:00:00Z,0.0,20.0,56.0,NaN,NaN
2022-02-15T00:00:00Z,0.0,20.0,58.0,24.702724,0.15482712
2022-02-15T00:00:00Z,0.0,20.0,60.0,24.686605,0.18666649
2022-02-15T00:00:00Z,0.0,20.0,62.0,24.756926,0.19346619
2022-02-15T00:00:00Z,0.0,20.0,64.0,24.885931,0.17013931
2022-02-15T00:00:00Z,0.0,20.0,66.0,25.06998,0.092458725
2022-02-15T00:00:00Z,0.0,20.0,68.0,25.230238,-0.012594223
2022-02-15T00:00:00Z,0.0,20.0,70.0,25.25507,-0.114299774
2022-02-15T00:00:00Z,0.0,20.0,72.0,25.349098,-0.16319847
2022-02-15T00:00:00Z,0.0,20.0,74.0,NaN,NaN
2022-02-15T00:00:00Z,0.0,20.0,76.0,NaN,NaN
2022-02-15T00:00:00Z,0.0,22.0,56.0,NaN,NaN
2022-02-15T00:00:00Z,0.0,22.0,58.0,NaN,NaN
2022-02-15T00:00:00Z,0.0,22.0,60.0,24.125914,0.1164341
2022-02-15T00:00:00Z,0.0,22.0,62.0,24.167665,0.10237312
2022-02-15T00:00:00Z,0.0,22.0,64.0,24.224346,0.045555115
2022-02-15T00:00:00Z,0.0,22.0,66.0,24.24867,-0.061244965
2022-02-15T00:00:00Z,0.0,22.0,68.0,24.221022,-0.18885994
2022-02-15T00:00:00Z,0.0,22.0,70.0,24.313873,-0.28451538
2022-02-15T00:00:00Z,0.0,22.0,72.0,NaN,NaN
2022-02-15T00:00:00Z,0.0,22.0,74.0,NaN,NaN
2022-02-15T00:00:00Z,0.0,22.0,76.0,NaN,NaN
2022-02-15T00:00:00Z,0.0,24.0,56.0,NaN,NaN
2022-02-15T00:00:00Z,0.0,24.0,58.0,NaN,NaN
2022-02-15T00:00:00Z,0.0,24.0,60.0,23.533583,0.01102066
2022-02-15T00:00:00Z,0.0,24.0,62.0,23.632717,0.0025577545
2022-02-15T00:00:00Z,0.0,24.0,64.0,23.611881,-0.078689575
2022-02-15T00:00:00Z,0.0,24.0,66.0,23.544973,-0.17870522
2022-02-15T00:00:00Z,0.0,24.0,68.0,23.572067,-0.27959633
2022-02-15T00:00:00Z,0.0,24.0,70.0,NaN,NaN
2022-02-15T00:00:00Z,0.0,24.0,72.0,NaN,NaN
2022-02-15T00:00:00Z,0.0,24.0,74.0,NaN,NaN
2022-02-15T00:00:00Z,0.0,24.0,76.0,NaN,NaN
2022-02-15T00:00:00Z,0.0,26.0,56.0,22.41913,-0.025369644
2022-02-15T00:00:00Z,0.0,26.0,58.0,22.982794,-0.0417614
2022-02-15T00:00:00Z,0.0,26.0,60.0,23.206884,-0.05555916
2022-02-15T00:00:00Z,0.0,26.0,62.0,NaN,NaN
2022-02-15T00:00:00Z,0.0,26.0,64.0,23.272915,-0.15079117
2022-02-15T00:00:00Z,0.0,26.0,66.0,23.196325,-0.22763824
2022-02-15T00:00:00Z,0.0,26.0,68.0,NaN,NaN
2022-02-15T00:00:00Z,0.0,26.0,70.0,NaN,NaN
2022-02-15T00:00:00Z,0.0,26.0,72.0,NaN,NaN
2022-02-15T00:00:00Z,0.0,26.0,74.0,NaN,NaN
2022-02-15T00:00:00Z,0.0,26.0,76.0,NaN,NaN
2022-03-15T00:00:00Z,0.0,8.0,56.0,28.0338,0.037549973
2022-03-15T00:00:00Z,0.0,8.0,58.0,28.238756,0.13511086
2022-03-15T00:00:00Z,0.0,8.0,60.0,28.43472,0.19203186
2022-03-15T00:00:00Z,0.0,8.0,62.0,28.637829,0.22522545
2022-03-15T00:00:00Z,0.0,8.0,64.0,28.865068,0.27598763
2022-03-15T00:00:00Z,0.0,8.0,66.0,29.07745,0.31999207
2022-03-15T00:00:00Z,0.0,8.0,68.0,29.265862,0.3524456
2022-03-15T00:00:00Z,0.0,8.0,70.0,29.416235,0.37790298
2022-03-15T00:00:00Z,0.0,8.0,72.0,29.540527,0.41944504
2022-03-15T00:00:00Z,0.0,8.0,74.0,29.654253,0.4852314
2022-03-15T00:00:00Z,0.0,8.0,76.0,29.683193,0.5468178
2022-03-15T00:00:00Z,0.0,10.0,56.0,27.626558,0.04607773
2022-03-15T00:00:00Z,0.0,10.0,58.0,27.809975,0.16282845
2022-03-15T00:00:00Z,0.0,10.0,60.0,27.997042,0.23918915
2022-03-15T00:00:00Z,0.0,10.0,62.0,28.2231,0.28741646
2022-03-15T00:00:00Z,0.0,10.0,64.0,28.50927,0.34310532
2022-03-15T00:00:00Z,0.0,10.0,66.0,28.80071,0.39706612
2022-03-15T00:00:00Z,0.0,10.0,68.0,29.055376,0.43431473
2022-03-15T00:00:00Z,0.0,10.0,70.0,29.267578,0.4526844
2022-03-15T00:00:00Z,0.0,10.0,72.0,29.470268,0.4888115
2022-03-15T00:00:00Z,0.0,10.0,74.0,29.675406,0.55651283
2022-03-15T00:00:00Z,0.0,10.0,76.0,29.80247,0.6209698
2022-03-15T00:00:00Z,0.0,12.0,56.0,27.305428,0.13384247
2022-03-15T00:00:00Z,0.0,12.0,58.0,27.468779,0.25561333
2022-03-15T00:00:00Z,0.0,12.0,60.0,27.64297,0.35645103
2022-03-15T00:00:00Z,0.0,12.0,62.0,27.877634,0.43623924
2022-03-15T00:00:00Z,0.0,12.0,64.0,28.199839,0.5060692
2022-03-15T00:00:00Z,0.0,12.0,66.0,28.560154,0.5804062
2022-03-15T00:00:00Z,0.0,12.0,68.0,28.866404,0.6248226
2022-03-15T00:00:00Z,0.0,12.0,70.0,29.12442,0.6390877
2022-03-15T00:00:00Z,0.0,12.0,72.0,29.373682,0.64930725
2022-03-15T00:00:00Z,0.0,12.0,74.0,29.62029,0.67139053
2022-03-15T00:00:00Z,0.0,12.0,76.0,29.816507,0.7010536
2022-03-15T00:00:00Z,0.0,14.0,56.0,27.00039,0.22972107
2022-03-15T00:00:00Z,0.0,14.0,58.0,27.177322,0.37005234
2022-03-15T00:00:00Z,0.0,14.0,60.0,27.3665,0.49901962
2022-03-15T00:00:00Z,0.0,14.0,62.0,27.618607,0.630167
2022-03-15T00:00:00Z,0.0,14.0,64.0,27.958519,0.73958206
2022-03-15T00:00:00Z,0.0,14.0,66.0,28.359486,0.8377762
2022-03-15T00:00:00Z,0.0,14.0,68.0,28.718271,0.89398
2022-03-15T00:00:00Z,0.0,14.0,70.0,29.004208,0.8963947
2022-03-15T00:00:00Z,0.0,14.0,72.0,29.26472,0.8761139
2022-03-15T00:00:00Z,0.0,14.0,74.0,29.486374,0.8558445
2022-03-15T00:00:00Z,0.0,14.0,76.0,NaN,NaN
2022-03-15T00:00:00Z,0.0,16.0,56.0,26.668718,0.29789734
2022-03-15T00:00:00Z,0.0,16.0,58.0,26.835037,0.45472336
2022-03-15T00:00:00Z,0.0,16.0,60.0,27.086266,0.6242218
2022-03-15T00:00:00Z,0.0,16.0,62.0,27.378216,0.8005276
2022-03-15T00:00:00Z,0.0,16.0,64.0,27.72897,0.960783
2022-03-15T00:00:00Z,0.0,16.0,66.0,28.139355,1.0817509
2022-03-15T00:00:00Z,0.0,16.0,68.0,28.528774,1.1476498
2022-03-15T00:00:00Z,0.0,16.0,70.0,28.780014,1.1301613
2022-03-15T00:00:00Z,0.0,16.0,72.0,28.98631,1.0748291
2022-03-15T00:00:00Z,0.0,16.0,74.0,29.247576,1.0399628
2022-03-15T00:00:00Z,0.0,16.0,76.0,NaN,NaN
2022-03-15T00:00:00Z,0.0,18.0,56.0,26.404127,0.38570976
2022-03-15T00:00:00Z,0.0,18.0,58.0,26.46794,0.533905
2022-03-15T00:00:00Z,0.0,18.0,60.0,26.740223,0.72488976
2022-03-15T00:00:00Z,0.0,18.0,62.0,27.072048,0.92629814
2022-03-15T00:00:00Z,0.0,18.0,64.0,27.424612,1.1096134
2022-03-15T00:00:00Z,0.0,18.0,66.0,27.810555,1.2369518
2022-03-15T00:00:00Z,0.0,18.0,68.0,28.136448,1.2828674
2022-03-15T00:00:00Z,0.0,18.0,70.0,28.230083,1.2313766
2022-03-15T00:00:00Z,0.0,18.0,72.0,28.21947,1.155489
2022-03-15T00:00:00Z,0.0,18.0,74.0,NaN,NaN
2022-03-15T00:00:00Z,0.0,18.0,76.0,NaN,NaN
2022-03-15T00:00:00Z,0.0,20.0,56.0,NaN,NaN
2022-03-15T00:00:00Z,0.0,20.0,58.0,26.249166,0.6696396
2022-03-15T00:00:00Z,0.0,20.0,60.0,26.371214,0.8313103
2022-03-15T00:00:00Z,0.0,20.0,62.0,26.644302,1.0048637
2022-03-15T00:00:00Z,0.0,20.0,64.0,26.980106,1.1804008
2022-03-15T00:00:00Z,0.0,20.0,66.0,27.280117,1.2762642
2022-03-15T00:00:00Z,0.0,20.0,68.0,27.435305,1.2687225
2022-03-15T00:00:00Z,0.0,20.0,70.0,27.381943,1.1825905
2022-03-15T00:00:00Z,0.0,20.0,72.0,27.384752,1.1150303
2022-03-15T00:00:00Z,0.0,20.0,74.0,NaN,NaN
2022-03-15T00:00:00Z,0.0,20.0,76.0,NaN,NaN
2022-03-15T00:00:00Z,0.0,22.0,56.0,NaN,NaN
2022-03-15T00:00:00Z,0.0,22.0,58.0,NaN,NaN
2022-03-15T00:00:00Z,0.0,22.0,60.0,25.92219,0.9320984
2022-03-15T00:00:00Z,0.0,22.0,62.0,26.124594,1.0575733
2022-03-15T00:00:00Z,0.0,22.0,64.0,26.370401,1.1751728
2022-03-15T00:00:00Z,0.0,22.0,66.0,26.536469,1.2092018
2022-03-15T00:00:00Z,0.0,22.0,68.0,26.583252,1.1613083
2022-03-15T00:00:00Z,0.0,22.0,70.0,26.65037,1.0854435
2022-03-15T00:00:00Z,0.0,22.0,72.0,NaN,NaN
2022-03-15T00:00:00Z,0.0,22.0,74.0,NaN,NaN
2022-03-15T00:00:00Z,0.0,22.0,76.0,NaN,NaN
2022-03-15T00:00:00Z,0.0,24.0,56.0,NaN,NaN
2022-03-15T00:00:00Z,0.0,24.0,58.0,NaN,NaN
2022-03-15T00:00:00Z,0.0,24.0,60.0,25.339708,0.8960457
2022-03-15T00:00:00Z,0.0,24.0,62.0,25.588045,1.0216904
2022-03-15T00:00:00Z,0.0,24.0,64.0,25.745008,1.1094189
2022-03-15T00:00:00Z,0.0,24.0,66.0,25.816765,1.1108723
2022-03-15T00:00:00Z,0.0,24.0,68.0,25.956896,1.0758591
2022-03-15T00:00:00Z,0.0,24.0,70.0,NaN,NaN
2022-03-15T00:00:00Z,0.0,24.0,72.0,NaN,NaN
2022-03-15T00:00:00Z,0.0,24.0,74.0,NaN,NaN
2022-03-15T00:00:00Z,0.0,24.0,76.0,NaN,NaN
2022-03-15T00:00:00Z,0.0,26.0,56.0,23.692293,0.65854454
2022-03-15T00:00:00Z,0.0,26.0,58.0,24.512327,0.7324505
2022-03-15T00:00:00Z,0.0,26.0,60.0,24.94353,0.81095314
2022-03-15T00:00:00Z,0.0,26.0,62.0,NaN,NaN
2022-03-15T00:00:00Z,0.0,26.0,64.0,25.388893,1.0575237
2022-03-15T00:00:00Z,0.0,26.0,66.0,25.404394,1.0431728
2022-03-15T00:00:00Z,0.0,26.0,68.0,NaN,NaN
2022-03-15T00:00:00Z,0.0,26.0,70.0,NaN,NaN
2022-03-15T00:00:00Z,0.0,26.0,72.0,NaN,NaN
2022-03-15T00:00:00Z,0.0,26.0,74.0,NaN,NaN
2022-03-15T00:00:00Z,0.0,26.0,76.0,NaN,NaN
2022-04-15T00:00:00Z,0.0,8.0,56.0,29.596571,0.22713661
2022-04-15T00:00:00Z,0.0,8.0,58.0,29.74092,0.3106079
2022-04-15T00:00:00Z,0.0,8.0,60.0,29.841568,0.34965134
2022-04-15T00:00:00Z,0.0,8.0,62.0,29.922436,0.35606003
2022-04-15T00:00:00Z,0.0,8.0,64.0,30.0284,0.3758812
2022-04-15T00:00:00Z,0.0,8.0,66.0,30.142832,0.39375114
2022-04-15T00:00:00Z,0.0,8.0,68.0,30.25071,0.40581512
2022-04-15T00:00:00Z,0.0,8.0,70.0,30.344055,0.42536926
2022-04-15T00:00:00Z,0.0,8.0,72.0,30.433817,0.47306633
2022-04-15T00:00:00Z,0.0,8.0,74.0,30.519747,0.5496845
2022-04-15T00:00:00Z,0.0,8.0,76.0,30.527086,0.6202049
2022-04-15T00:00:00Z,0.0,10.0,56.0,29.424982,0.28925323
2022-04-15T00:00:00Z,0.0,10.0,58.0,29.554684,0.38070488
2022-04-15T00:00:00Z,0.0,10.0,60.0,29.66419,0.44339752
2022-04-15T00:00:00Z,0.0,10.0,62.0,29.777445,0.4779644
2022-04-15T00:00:00Z,0.0,10.0,64.0,29.92114,0.5132046
2022-04-15T00:00:00Z,0.0,10.0,66.0,30.07484,0.54463196
2022-04-15T00:00:00Z,0.0,10.0,68.0,30.218256,0.56565094
2022-04-15T00:00:00Z,0.0,10.0,70.0,30.348284,0.5775547
2022-04-15T00:00:00Z,0.0,10.0,72.0,30.488325,0.6121597
2022-04-15T00:00:00Z,0.0,10.0,74.0,30.63485,0.6731415
2022-04-15T00:00:00Z,0.0,10.0,76.0,30.716085,0.72555923
2022-04-15T00:00:00Z,0.0,12.0,56.0,29.334717,0.42642403
2022-04-15T00:00:00Z,0.0,12.0,58.0,29.439785,0.5141182
2022-04-15T00:00:00Z,0.0,12.0,60.0,29.55068,0.6039715
2022-04-15T00:00:00Z,0.0,12.0,62.0,29.683844,0.6748028
2022-04-15T00:00:00Z,0.0,12.0,64.0,29.853174,0.7334671
2022-04-15T00:00:00Z,0.0,12.0,66.0,30.04504,0.7976246
2022-04-15T00:00:00Z,0.0,12.0,68.0,30.201982,0.8315449
2022-04-15T00:00:00Z,0.0,12.0,70.0,30.339684,0.8323498
2022-04-15T00:00:00Z,0.0,12.0,72.0,30.491823,0.8251362
2022-04-15T00:00:00Z,0.0,12.0,74.0,30.660189,0.82702255
2022-04-15T00:00:00Z,0.0,12.0,76.0,30.798113,0.8357239
2022-04-15T00:00:00Z,0.0,14.0,56.0,29.21444,0.5864811
2022-04-15T00:00:00Z,0.0,14.0,58.0,29.326942,0.6900673
2022-04-15T00:00:00Z,0.0,14.0,60.0,29.45394,0.7995243
2022-04-15T00:00:00Z,0.0,14.0,62.0,29.625404,0.9218216
2022-04-15T00:00:00Z,0.0,14.0,64.0,29.831656,1.0299473
2022-04-15T00:00:00Z,0.0,14.0,66.0,30.053606,1.1287746
2022-04-15T00:00:00Z,0.0,14.0,68.0,30.226448,1.1771355
2022-04-15T00:00:00Z,0.0,14.0,70.0,30.348026,1.1543179
2022-04-15T00:00:00Z,0.0,14.0,72.0,30.474709,1.0971451
2022-04-15T00:00:00Z,0.0,14.0,74.0,30.606853,1.0468102
2022-04-15T00:00:00Z,0.0,14.0,76.0,NaN,NaN
2022-04-15T00:00:00Z,0.0,16.0,56.0,28.954763,0.7175484
2022-04-15T00:00:00Z,0.0,16.0,58.0,29.074406,0.855217
2022-04-15T00:00:00Z,0.0,16.0,60.0,29.279558,1.0043297
2022-04-15T00:00:00Z,0.0,16.0,62.0,29.517284,1.1671181
2022-04-15T00:00:00Z,0.0,16.0,64.0,29.77023,1.3305855
2022-04-15T00:00:00Z,0.0,16.0,66.0,30.013817,1.459568
2022-04-15T00:00:00Z,0.0,16.0,68.0,30.202154,1.5201759
2022-04-15T00:00:00Z,0.0,16.0,70.0,30.275677,1.4708405
2022-04-15T00:00:00Z,0.0,16.0,72.0,30.338108,1.3631821
2022-04-15T00:00:00Z,0.0,16.0,74.0,30.483112,1.2786293
2022-04-15T00:00:00Z,0.0,16.0,76.0,NaN,NaN
2022-04-15T00:00:00Z,0.0,18.0,56.0,28.680578,0.8523636
2022-04-15T00:00:00Z,0.0,18.0,58.0,28.716446,1.0016251
2022-04-15T00:00:00Z,0.0,18.0,60.0,28.97919,1.1814003
2022-04-15T00:00:00Z,0.0,18.0,62.0,29.294926,1.3703861
2022-04-15T00:00:00Z,0.0,18.0,64.0,29.587404,1.5592384
2022-04-15T00:00:00Z,0.0,18.0,66.0,29.838148,1.7045231
2022-04-15T00:00:00Z,0.0,18.0,68.0,29.984976,1.7544537
2022-04-15T00:00:00Z,0.0,18.0,70.0,29.94654,1.6830807
2022-04-15T00:00:00Z,0.0,18.0,72.0,29.86008,1.5674706
2022-04-15T00:00:00Z,0.0,18.0,74.0,NaN,NaN
2022-04-15T00:00:00Z,0.0,18.0,76.0,NaN,NaN
2022-04-15T00:00:00Z,0.0,20.0,56.0,NaN,NaN
2022-04-15T00:00:00Z,0.0,20.0,58.0,28.508743,1.1634083
2022-04-15T00:00:00Z,0.0,20.0,60.0,28.657219,1.3176842
2022-04-15T00:00:00Z,0.0,20.0,62.0,28.941555,1.4829311
2022-04-15T00:00:00Z,0.0,20.0,64.0,29.239185,1.6684151
2022-04-15T00:00:00Z,0.0,20.0,66.0,29.44326,1.7902794
2022-04-15T00:00:00Z,0.0,20.0,68.0,29.488188,1.8089981
2022-04-15T00:00:00Z,0.0,20.0,70.0,29.368847,1.727478
2022-04-15T00:00:00Z,0.0,20.0,72.0,29.320995,1.644392
2022-04-15T00:00:00Z,0.0,20.0,74.0,NaN,NaN
2022-04-15T00:00:00Z,0.0,20.0,76.0,NaN,NaN
2022-04-15T00:00:00Z,0.0,22.0,56.0,NaN,NaN
2022-04-15T00:00:00Z,0.0,22.0,58.0,NaN,NaN
2022-04-15T00:00:00Z,0.0,22.0,60.0,28.327227,1.3878593
2022-04-15T00:00:00Z,0.0,22.0,62.0,28.512444,1.5108795
2022-04-15T00:00:00Z,0.0,22.0,64.0,28.711132,1.64534
2022-04-15T00:00:00Z,0.0,22.0,66.0,28.82321,1.7200031
2022-04-15T00:00:00Z,0.0,22.0,68.0,28.832312,1.7200127
2022-04-15T00:00:00Z,0.0,22.0,70.0,28.852737,1.67243
2022-04-15T00:00:00Z,0.0,22.0,72.0,NaN,NaN
2022-04-15T00:00:00Z,0.0,22.0,74.0,NaN,NaN
2022-04-15T00:00:00Z,0.0,22.0,76.0,NaN,NaN
2022-04-15T00:00:00Z,0.0,24.0,56.0,NaN,NaN
2022-04-15T00:00:00Z,0.0,24.0,58.0,NaN,NaN
2022-04-15T00:00:00Z,0.0,24.0,60.0,27.870344,1.2861652
2022-04-15T00:00:00Z,0.0,24.0,62.0,28.051222,1.4300556
2022-04-15T00:00:00Z,0.0,24.0,64.0,28.132433,1.544239
2022-04-15T00:00:00Z,0.0,24.0,66.0,28.173798,1.5894508
2022-04-15T00:00:00Z,0.0,24.0,68.0,28.306026,1.6114159
2022-04-15T00:00:00Z,0.0,24.0,70.0,NaN,NaN
2022-04-15T00:00:00Z,0.0,24.0,72.0,NaN,NaN
2022-04-15T00:00:00Z,0.0,24.0,74.0,NaN,NaN
2022-04-15T00:00:00Z,0.0,24.0,76.0,NaN,NaN
2022-04-15T00:00:00Z,0.0,26.0,56.0,26.303314,1.0047302
2022-04-15T00:00:00Z,0.0,26.0,58.0,27.108694,1.0699444
2022-04-15T00:00:00Z,0.0,26.0,60.0,27.535692,1.1647301
2022-04-15T00:00:00Z,0.0,26.0,62.0,NaN,NaN
2022-04-15T00:00:00Z,0.0,26.0,64.0,27.772213,1.474596
2022-04-15T00:00:00Z,0.0,26.0,66.0,27.78093,1.4959412
2022-04-15T00:00:00Z,0.0,26.0,68.0,NaN,NaN
2022-04-15T00:00:00Z,0.0,26.0,70.0,NaN,NaN
2022-04-15T00:00:00Z,0.0,26.0,72.0,NaN,NaN
2022-04-15T00:00:00Z,0.0,26.0,74.0,NaN,NaN
2022-04-15T00:00:00Z,0.0,26.0,76.0,NaN,NaN
2022-05-15T00:00:00Z,0.0,8.0,56.0,29.61297,-4.0245056E-4
2022-05-15T00:00:00Z,0.0,8.0,58.0,29.888922,0.0937767
2022-05-15T00:00:00Z,0.0,8.0,60.0,30.03775,0.14606476
2022-05-15T00:00:00Z,0.0,8.0,62.0,30.09323,0.15675163
2022-05-15T00:00:00Z,0.0,8.0,64.0,30.132425,0.1727581
2022-05-15T00:00:00Z,0.0,8.0,66.0,30.164055,0.1868248
2022-05-15T00:00:00Z,0.0,8.0,68.0,30.180899,0.1898365
2022-05-15T00:00:00Z,0.0,8.0,70.0,30.178268,0.18366623
2022-05-15T00:00:00Z,0.0,8.0,72.0,30.157347,0.1865139
2022-05-15T00:00:00Z,0.0,8.0,74.0,30.09095,0.20711517
2022-05-15T00:00:00Z,0.0,8.0,76.0,29.933754,0.23336983
2022-05-15T00:00:00Z,0.0,10.0,56.0,29.578768,0.028162003
2022-05-15T00:00:00Z,0.0,10.0,58.0,29.84955,0.12680054
2022-05-15T00:00:00Z,0.0,10.0,60.0,29.99504,0.18937492
2022-05-15T00:00:00Z,0.0,10.0,62.0,30.065989,0.21284485
2022-05-15T00:00:00Z,0.0,10.0,64.0,30.127731,0.23748398
2022-05-15T00:00:00Z,0.0,10.0,66.0,30.178438,0.25764656
2022-05-15T00:00:00Z,0.0,10.0,68.0,30.219395,0.26902008
2022-05-15T00:00:00Z,0.0,10.0,70.0,30.259735,0.27613258
2022-05-15T00:00:00Z,0.0,10.0,72.0,30.28619,0.28808784
2022-05-15T00:00:00Z,0.0,10.0,74.0,30.272896,0.31358337
2022-05-15T00:00:00Z,0.0,10.0,76.0,30.197123,0.3345089
2022-05-15T00:00:00Z,0.0,12.0,56.0,29.725487,0.12119484
2022-05-15T00:00:00Z,0.0,12.0,58.0,29.892591,0.20650864
2022-05-15T00:00:00Z,0.0,12.0,60.0,30.00182,0.28157043
2022-05-15T00:00:00Z,0.0,12.0,62.0,30.085587,0.32608795
2022-05-15T00:00:00Z,0.0,12.0,64.0,30.171244,0.36318207
2022-05-15T00:00:00Z,0.0,12.0,66.0,30.256926,0.40961456
2022-05-15T00:00:00Z,0.0,12.0,68.0,30.31823,0.43895912
2022-05-15T00:00:00Z,0.0,12.0,70.0,30.37062,0.44743347
2022-05-15T00:00:00Z,0.0,12.0,72.0,30.423725,0.45414352
2022-05-15T00:00:00Z,0.0,12.0,74.0,30.443083,0.45352173
2022-05-15T00:00:00Z,0.0,12.0,76.0,30.426294,0.44893646
2022-05-15T00:00:00Z,0.0,14.0,56.0,29.86884,0.25025558
2022-05-15T00:00:00Z,0.0,14.0,58.0,29.933035,0.33472252
2022-05-15T00:00:00Z,0.0,14.0,60.0,30.019297,0.41446495
2022-05-15T00:00:00Z,0.0,14.0,62.0,30.14965,0.49502563
2022-05-15T00:00:00Z,0.0,14.0,64.0,30.283802,0.56503296
2022-05-15T00:00:00Z,0.0,14.0,66.0,30.398664,0.63624954
2022-05-15T00:00:00Z,0.0,14.0,68.0,30.471714,0.68283844
2022-05-15T00:00:00Z,0.0,14.0,70.0,30.515646,0.687624
2022-05-15T00:00:00Z,0.0,14.0,72.0,30.553936,0.6648102
2022-05-15T00:00:00Z,0.0,14.0,74.0,30.57938,0.6354656
2022-05-15T00:00:00Z,0.0,14.0,76.0,NaN,NaN
2022-05-15T00:00:00Z,0.0,16.0,56.0,29.732988,0.35716057
2022-05-15T00:00:00Z,0.0,16.0,58.0,29.771233,0.4670658
2022-05-15T00:00:00Z,0.0,16.0,60.0,29.94059,0.57577705
2022-05-15T00:00:00Z,0.0,16.0,62.0,30.167053,0.6855335
2022-05-15T00:00:00Z,0.0,16.0,64.0,30.368835,0.79283524
2022-05-15T00:00:00Z,0.0,16.0,66.0,30.505447,0.8815708
2022-05-15T00:00:00Z,0.0,16.0,68.0,30.584492,0.9401779
2022-05-15T00:00:00Z,0.0,16.0,70.0,30.591373,0.92676735
2022-05-15T00:00:00Z,0.0,16.0,72.0,30.592749,0.8665867
2022-05-15T00:00:00Z,0.0,16.0,74.0,30.637499,0.8127594
2022-05-15T00:00:00Z,0.0,16.0,76.0,NaN,NaN
2022-05-15T00:00:00Z,0.0,18.0,56.0,29.437876,0.4654312
2022-05-15T00:00:00Z,0.0,18.0,58.0,29.43292,0.5917263
2022-05-15T00:00:00Z,0.0,18.0,60.0,29.706642,0.727726
2022-05-15T00:00:00Z,0.0,18.0,62.0,30.052841,0.85925674
2022-05-15T00:00:00Z,0.0,18.0,64.0,30.324808,0.9849148
2022-05-15T00:00:00Z,0.0,18.0,66.0,30.488619,1.0843487
2022-05-15T00:00:00Z,0.0,18.0,68.0,30.537334,1.126915
2022-05-15T00:00:00Z,0.0,18.0,70.0,30.460733,1.0800648
2022-05-15T00:00:00Z,0.0,18.0,72.0,30.367832,0.99248314
2022-05-15T00:00:00Z,0.0,18.0,74.0,NaN,NaN
2022-05-15T00:00:00Z,0.0,18.0,76.0,NaN,NaN
2022-05-15T00:00:00Z,0.0,20.0,56.0,NaN,NaN
2022-05-15T00:00:00Z,0.0,20.0,58.0,29.287031,0.72829247
2022-05-15T00:00:00Z,0.0,20.0,60.0,29.527468,0.854002
2022-05-15T00:00:00Z,0.0,20.0,62.0,29.871086,0.9746895
2022-05-15T00:00:00Z,0.0,20.0,64.0,30.159838,1.1079426
2022-05-15T00:00:00Z,0.0,20.0,66.0,30.304707,1.1891212
2022-05-15T00:00:00Z,0.0,20.0,68.0,30.277622,1.1905994
2022-05-15T00:00:00Z,0.0,20.0,70.0,30.125418,1.1042061
2022-05-15T00:00:00Z,0.0,20.0,72.0,30.04268,1.0121231
2022-05-15T00:00:00Z,0.0,20.0,74.0,NaN,NaN
2022-05-15T00:00:00Z,0.0,20.0,76.0,NaN,NaN
2022-05-15T00:00:00Z,0.0,22.0,56.0,NaN,NaN
2022-05-15T00:00:00Z,0.0,22.0,58.0,NaN,NaN
2022-05-15T00:00:00Z,0.0,22.0,60.0,29.653725,0.95311356
2022-05-15T00:00:00Z,0.0,22.0,62.0,29.8104,1.0463352
2022-05-15T00:00:00Z,0.0,22.0,64.0,29.940098,1.1454315
2022-05-15T00:00:00Z,0.0,22.0,66.0,29.983925,1.1945496
2022-05-15T00:00:00Z,0.0,22.0,68.0,29.90715,1.1618061
2022-05-15T00:00:00Z,0.0,22.0,70.0,29.821579,1.0703716
2022-05-15T00:00:00Z,0.0,22.0,72.0,NaN,NaN
2022-05-15T00:00:00Z,0.0,22.0,74.0,NaN,NaN
2022-05-15T00:00:00Z,0.0,22.0,76.0,NaN,NaN
2022-05-15T00:00:00Z,0.0,24.0,56.0,NaN,NaN
2022-05-15T00:00:00Z,0.0,24.0,58.0,NaN,NaN
2022-05-15T00:00:00Z,0.0,24.0,60.0,29.881174,0.9500351
2022-05-15T00:00:00Z,0.0,24.0,62.0,29.798933,1.0331478
2022-05-15T00:00:00Z,0.0,24.0,64.0,29.695034,1.1223869
2022-05-15T00:00:00Z,0.0,24.0,66.0,29.636423,1.153513
2022-05-15T00:00:00Z,0.0,24.0,68.0,29.629478,1.1308956
2022-05-15T00:00:00Z,0.0,24.0,70.0,NaN,NaN
2022-05-15T00:00:00Z,0.0,24.0,72.0,NaN,NaN
2022-05-15T00:00:00Z,0.0,24.0,74.0,NaN,NaN
2022-05-15T00:00:00Z,0.0,24.0,76.0,NaN,NaN
2022-05-15T00:00:00Z,0.0,26.0,56.0,29.213583,0.8274212
2022-05-15T00:00:00Z,0.0,26.0,58.0,29.851479,0.8878975
2022-05-15T00:00:00Z,0.0,26.0,60.0,29.996618,0.91299057
2022-05-15T00:00:00Z,0.0,26.0,62.0,NaN,NaN
2022-05-15T00:00:00Z,0.0,26.0,64.0,29.494196,1.1039162
2022-05-15T00:00:00Z,0.0,26.0,66.0,29.42939,1.1181488
2022-05-15T00:00:00Z,0.0,26.0,68.0,NaN,NaN
2022-05-15T00:00:00Z,0.0,26.0,70.0,NaN,NaN
2022-05-15T00:00:00Z,0.0,26.0,72.0,NaN,NaN
2022-05-15T00:00:00Z,0.0,26.0,74.0,NaN,NaN
2022-05-15T00:00:00Z,0.0,26.0,76.0,NaN,NaN
2022-06-15T00:00:00Z,0.0,8.0,56.0,27.980124,-0.03308487
2022-06-15T00:00:00Z,0.0,8.0,58.0,28.490189,0.021522522
2022-06-15T00:00:00Z,0.0,8.0,60.0,28.83231,0.040706635
2022-06-15T00:00:00Z,0.0,8.0,62.0,29.034033,0.038740158
2022-06-15T00:00:00Z,0.0,8.0,64.0,29.186554,0.06946945
2022-06-15T00:00:00Z,0.0,8.0,66.0,29.299143,0.1215992
2022-06-15T00:00:00Z,0.0,8.0,68.0,29.368624,0.17083168
2022-06-15T00:00:00Z,0.0,8.0,70.0,29.377691,0.18923378
2022-06-15T00:00:00Z,0.0,8.0,72.0,29.301073,0.18276024
2022-06-15T00:00:00Z,0.0,8.0,74.0,29.100565,0.17669106
2022-06-15T00:00:00Z,0.0,8.0,76.0,28.797579,0.19233513
2022-06-15T00:00:00Z,0.0,10.0,56.0,27.850296,0.018630981
2022-06-15T00:00:00Z,0.0,10.0,58.0,28.357925,0.06711388
2022-06-15T00:00:00Z,0.0,10.0,60.0,28.685186,0.08166695
2022-06-15T00:00:00Z,0.0,10.0,62.0,28.905985,0.077631
2022-06-15T00:00:00Z,0.0,10.0,64.0,29.10633,0.10591507
2022-06-15T00:00:00Z,0.0,10.0,66.0,29.265339,0.1543808
2022-06-15T00:00:00Z,0.0,10.0,68.0,29.369843,0.1998825
2022-06-15T00:00:00Z,0.0,10.0,70.0,29.404577,0.2206173
2022-06-15T00:00:00Z,0.0,10.0,72.0,29.319548,0.20429802
2022-06-15T00:00:00Z,0.0,10.0,74.0,29.113941,0.19017029
2022-06-15T00:00:00Z,0.0,10.0,76.0,28.881765,0.20189857
2022-06-15T00:00:00Z,0.0,12.0,56.0,28.098837,0.14004326
2022-06-15T00:00:00Z,0.0,12.0,58.0,28.421762,0.17930412
2022-06-15T00:00:00Z,0.0,12.0,60.0,28.68158,0.20251656
2022-06-15T00:00:00Z,0.0,12.0,62.0,28.927664,0.211977
2022-06-15T00:00:00Z,0.0,12.0,64.0,29.168056,0.23051453
2022-06-15T00:00:00Z,0.0,12.0,66.0,29.370514,0.276783
2022-06-15T00:00:00Z,0.0,12.0,68.0,29.491882,0.31046486
2022-06-15T00:00:00Z,0.0,12.0,70.0,29.518497,0.30589294
2022-06-15T00:00:00Z,0.0,12.0,72.0,29.451462,0.2821083
2022-06-15T00:00:00Z,0.0,12.0,74.0,29.273554,0.24639511
2022-06-15T00:00:00Z,0.0,12.0,76.0,29.08995,0.23345947
2022-06-15T00:00:00Z,0.0,14.0,56.0,28.438364,0.24421883
2022-06-15T00:00:00Z,0.0,14.0,58.0,28.56371,0.3006878
2022-06-15T00:00:00Z,0.0,14.0,60.0,28.797411,0.35432625
2022-06-15T00:00:00Z,0.0,14.0,62.0,29.10618,0.39275932
2022-06-15T00:00:00Z,0.0,14.0,64.0,29.388018,0.41153908
2022-06-15T00:00:00Z,0.0,14.0,66.0,29.587519,0.43912315
2022-06-15T00:00:00Z,0.0,14.0,68.0,29.69323,0.46058273
2022-06-15T00:00:00Z,0.0,14.0,70.0,29.716753,0.4502735
2022-06-15T00:00:00Z,0.0,14.0,72.0,29.673424,0.41202927
2022-06-15T00:00:00Z,0.0,14.0,74.0,29.583668,0.37707138
2022-06-15T00:00:00Z,0.0,14.0,76.0,NaN,NaN
2022-06-15T00:00:00Z,0.0,16.0,56.0,28.417652,0.27053452
2022-06-15T00:00:00Z,0.0,16.0,58.0,28.520895,0.3632679
2022-06-15T00:00:00Z,0.0,16.0,60.0,28.889502,0.47122955
2022-06-15T00:00:00Z,0.0,16.0,62.0,29.333698,0.54273796
2022-06-15T00:00:00Z,0.0,16.0,64.0,29.66532,0.56711006
2022-06-15T00:00:00Z,0.0,16.0,66.0,29.837357,0.57331467
2022-06-15T00:00:00Z,0.0,16.0,68.0,29.914557,0.5893707
2022-06-15T00:00:00Z,0.0,16.0,70.0,29.931393,0.5807266
2022-06-15T00:00:00Z,0.0,16.0,72.0,29.918728,0.5489788
2022-06-15T00:00:00Z,0.0,16.0,74.0,29.87783,0.52277565
2022-06-15T00:00:00Z,0.0,16.0,76.0,NaN,NaN
2022-06-15T00:00:00Z,0.0,18.0,56.0,28.151735,0.27492905
2022-06-15T00:00:00Z,0.0,18.0,58.0,28.294203,0.39819527
2022-06-15T00:00:00Z,0.0,18.0,60.0,28.837763,0.5411587
2022-06-15T00:00:00Z,0.0,18.0,62.0,29.447678,0.6392822
2022-06-15T00:00:00Z,0.0,18.0,64.0,29.856468,0.667511
2022-06-15T00:00:00Z,0.0,18.0,66.0,30.041048,0.66034126
2022-06-15T00:00:00Z,0.0,18.0,68.0,30.087086,0.65525246
2022-06-15T00:00:00Z,0.0,18.0,70.0,30.070246,0.6321831
2022-06-15T00:00:00Z,0.0,18.0,72.0,30.04985,0.5973301
2022-06-15T00:00:00Z,0.0,18.0,74.0,NaN,NaN
2022-06-15T00:00:00Z,0.0,18.0,76.0,NaN,NaN
2022-06-15T00:00:00Z,0.0,20.0,56.0,NaN,NaN
2022-06-15T00:00:00Z,0.0,20.0,58.0,28.332533,0.45363617
2022-06-15T00:00:00Z,0.0,20.0,60.0,28.90969,0.6041908
2022-06-15T00:00:00Z,0.0,20.0,62.0,29.525782,0.70334435
2022-06-15T00:00:00Z,0.0,20.0,64.0,29.947298,0.7306328
2022-06-15T00:00:00Z,0.0,20.0,66.0,30.141956,0.6987686
2022-06-15T00:00:00Z,0.0,20.0,68.0,30.138906,0.6501541
2022-06-15T00:00:00Z,0.0,20.0,70.0,30.05888,0.59023285
2022-06-15T00:00:00Z,0.0,20.0,72.0,30.022842,0.55111885
2022-06-15T00:00:00Z,0.0,20.0,74.0,NaN,NaN
2022-06-15T00:00:00Z,0.0,20.0,76.0,NaN,NaN
2022-06-15T00:00:00Z,0.0,22.0,56.0,NaN,NaN
2022-06-15T00:00:00Z,0.0,22.0,58.0,NaN,NaN
2022-06-15T00:00:00Z,0.0,22.0,60.0,29.64864,0.70018005
2022-06-15T00:00:00Z,0.0,22.0,62.0,29.888521,0.7593136
2022-06-15T00:00:00Z,0.0,22.0,64.0,30.059698,0.75115776
2022-06-15T00:00:00Z,0.0,22.0,66.0,30.141352,0.6904545
2022-06-15T00:00:00Z,0.0,22.0,68.0,30.072662,0.6048565
2022-06-15T00:00:00Z,0.0,22.0,70.0,29.972427,0.5235462
2022-06-15T00:00:00Z,0.0,22.0,72.0,NaN,NaN
2022-06-15T00:00:00Z,0.0,22.0,74.0,NaN,NaN
2022-06-15T00:00:00Z,0.0,22.0,76.0,NaN,NaN
2022-06-15T00:00:00Z,0.0,24.0,56.0,NaN,NaN
2022-06-15T00:00:00Z,0.0,24.0,58.0,NaN,NaN
2022-06-15T00:00:00Z,0.0,24.0,60.0,30.792637,0.780056
2022-06-15T00:00:00Z,0.0,24.0,62.0,30.41584,0.7678337
2022-06-15T00:00:00Z,0.0,24.0,64.0,30.150362,0.7197933
2022-06-15T00:00:00Z,0.0,24.0,66.0,30.074736,0.65956306
2022-06-15T00:00:00Z,0.0,24.0,68.0,29.998713,0.5838795
2022-06-15T00:00:00Z,0.0,24.0,70.0,NaN,NaN
2022-06-15T00:00:00Z,0.0,24.0,72.0,NaN,NaN
2022-06-15T00:00:00Z,0.0,24.0,74.0,NaN,NaN
2022-06-15T00:00:00Z,0.0,24.0,76.0,NaN,NaN
2022-06-15T00:00:00Z,0.0,26.0,56.0,31.620556,0.7899704
2022-06-15T00:00:00Z,0.0,26.0,58.0,31.864887,0.84363556
2022-06-15T00:00:00Z,0.0,26.0,60.0,31.545174,0.82717705
2022-06-15T00:00:00Z,0.0,26.0,62.0,NaN,NaN
2022-06-15T00:00:00Z,0.0,26.0,64.0,30.130367,0.69241524
2022-06-15T00:00:00Z,0.0,26.0,66.0,30.022184,0.640007
2022-06-15T00:00:00Z,0.0,26.0,68.0,NaN,NaN
2022-06-15T00:00:00Z,0.0,26.0,70.0,NaN,NaN
2022-06-15T00:00:00Z,0.0,26.0,72.0,NaN,NaN
2022-06-15T00:00:00Z,0.0,26.0,74.0,NaN,NaN
2022-06-15T00:00:00Z,0.0,26.0,76.0,NaN,NaN
2022-07-15T00:00:00Z,0.0,8.0,56.0,25.390404,-1.0625553
2022-07-15T00:00:00Z,0.0,8.0,58.0,26.249817,-0.838768
2022-07-15T00:00:00Z,0.0,8.0,60.0,27.031446,-0.6278057
2022-07-15T00:00:00Z,0.0,8.0,62.0,27.623476,-0.46889877
2022-07-15T00:00:00Z,0.0,8.0,64.0,28.05948,-0.32412338
2022-07-15T00:00:00Z,0.0,8.0,66.0,28.34009,-0.20020103
2022-07-15T00:00:00Z,0.0,8.0,68.0,28.483986,-0.10692978
2022-07-15T00:00:00Z,0.0,8.0,70.0,28.51472,-0.057590485
2022-07-15T00:00:00Z,0.0,8.0,72.0,28.405088,-0.055431366
2022-07-15T00:00:00Z,0.0,8.0,74.0,28.112902,-0.07976341
2022-07-15T00:00:00Z,0.0,8.0,76.0,27.734398,-0.08060837
2022-07-15T00:00:00Z,0.0,10.0,56.0,24.796974,-1.2679405
2022-07-15T00:00:00Z,0.0,10.0,58.0,25.646898,-1.0494137
2022-07-15T00:00:00Z,0.0,10.0,60.0,26.382595,-0.83846855
2022-07-15T00:00:00Z,0.0,10.0,62.0,26.996931,-0.66096497
2022-07-15T00:00:00Z,0.0,10.0,64.0,27.53359,-0.48197365
2022-07-15T00:00:00Z,0.0,10.0,66.0,27.930634,-0.32134628
2022-07-15T00:00:00Z,0.0,10.0,68.0,28.181425,-0.19238853
2022-07-15T00:00:00Z,0.0,10.0,70.0,28.297869,-0.100214005
2022-07-15T00:00:00Z,0.0,10.0,72.0,28.215036,-0.0697155
2022-07-15T00:00:00Z,0.0,10.0,74.0,27.937233,-0.07199669
2022-07-15T00:00:00Z,0.0,10.0,76.0,27.640667,-0.06619263
2022-07-15T00:00:00Z,0.0,12.0,56.0,24.621761,-1.3111343
2022-07-15T00:00:00Z,0.0,12.0,58.0,25.235298,-1.139576
2022-07-15T00:00:00Z,0.0,12.0,60.0,25.864555,-0.9397774
2022-07-15T00:00:00Z,0.0,12.0,62.0,26.505465,-0.7474518
2022-07-15T00:00:00Z,0.0,12.0,64.0,27.14311,-0.5377445
2022-07-15T00:00:00Z,0.0,12.0,66.0,27.66665,-0.32959938
2022-07-15T00:00:00Z,0.0,12.0,68.0,28.025778,-0.16367912
2022-07-15T00:00:00Z,0.0,12.0,70.0,28.203938,-0.066539764
2022-07-15T00:00:00Z,0.0,12.0,72.0,28.195929,-0.02050972
2022-07-15T00:00:00Z,0.0,12.0,74.0,27.998419,-0.019407272
2022-07-15T00:00:00Z,0.0,12.0,76.0,27.778608,-0.024049759
2022-07-15T00:00:00Z,0.0,14.0,56.0,24.786129,-1.1510563
2022-07-15T00:00:00Z,0.0,14.0,58.0,25.129944,-1.0216599
2022-07-15T00:00:00Z,0.0,14.0,60.0,25.661327,-0.8541298
2022-07-15T00:00:00Z,0.0,14.0,62.0,26.344402,-0.65943146
2022-07-15T00:00:00Z,0.0,14.0,64.0,27.056372,-0.4360237
2022-07-15T00:00:00Z,0.0,14.0,66.0,27.647387,-0.21052933
2022-07-15T00:00:00Z,0.0,14.0,68.0,28.058496,-0.03010559
2022-07-15T00:00:00Z,0.0,14.0,70.0,28.282698,0.06844711
2022-07-15T00:00:00Z,0.0,14.0,72.0,28.342445,0.09788513
2022-07-15T00:00:00Z,0.0,14.0,74.0,28.276667,0.09713364
2022-07-15T00:00:00Z,0.0,14.0,76.0,NaN,NaN
2022-07-15T00:00:00Z,0.0,16.0,56.0,24.887497,-0.88776016
2022-07-15T00:00:00Z,0.0,16.0,58.0,25.200575,-0.74038315
2022-07-15T00:00:00Z,0.0,16.0,60.0,25.794298,-0.58966064
2022-07-15T00:00:00Z,0.0,16.0,62.0,26.559576,-0.41444588
2022-07-15T00:00:00Z,0.0,16.0,64.0,27.309124,-0.21079254
2022-07-15T00:00:00Z,0.0,16.0,66.0,27.904232,-0.0027694702
2022-07-15T00:00:00Z,0.0,16.0,68.0,28.311075,0.17128372
2022-07-15T00:00:00Z,0.0,16.0,70.0,28.54393,0.26103592
2022-07-15T00:00:00Z,0.0,16.0,72.0,28.631079,0.2705307
2022-07-15T00:00:00Z,0.0,16.0,74.0,28.598425,0.2504425
2022-07-15T00:00:00Z,0.0,16.0,76.0,NaN,NaN
2022-07-15T00:00:00Z,0.0,18.0,56.0,24.92721,-0.6148071
2022-07-15T00:00:00Z,0.0,18.0,58.0,25.28876,-0.42245674
2022-07-15T00:00:00Z,0.0,18.0,60.0,26.02871,-0.26849747
2022-07-15T00:00:00Z,0.0,18.0,62.0,26.906149,-0.12520409
2022-07-15T00:00:00Z,0.0,18.0,64.0,27.718616,0.04840851
2022-07-15T00:00:00Z,0.0,18.0,66.0,28.343155,0.23379898
2022-07-15T00:00:00Z,0.0,18.0,68.0,28.737318,0.39548302
2022-07-15T00:00:00Z,0.0,18.0,70.0,28.943832,0.47037506
2022-07-15T00:00:00Z,0.0,18.0,72.0,29.0205,0.45803452
2022-07-15T00:00:00Z,0.0,18.0,74.0,NaN,NaN
2022-07-15T00:00:00Z,0.0,18.0,76.0,NaN,NaN
2022-07-15T00:00:00Z,0.0,20.0,56.0,NaN,NaN
2022-07-15T00:00:00Z,0.0,20.0,58.0,25.678862,-0.1621399
2022-07-15T00:00:00Z,0.0,20.0,60.0,26.45555,-0.007713318
2022-07-15T00:00:00Z,0.0,20.0,62.0,27.306444,0.11298561
2022-07-15T00:00:00Z,0.0,20.0,64.0,28.11321,0.25562477
2022-07-15T00:00:00Z,0.0,20.0,66.0,28.78804,0.423666
2022-07-15T00:00:00Z,0.0,20.0,68.0,29.165527,0.5691109
2022-07-15T00:00:00Z,0.0,20.0,70.0,29.286257,0.6076622
2022-07-15T00:00:00Z,0.0,20.0,72.0,29.297243,0.5817814
2022-07-15T00:00:00Z,0.0,20.0,74.0,NaN,NaN
2022-07-15T00:00:00Z,0.0,20.0,76.0,NaN,NaN
2022-07-15T00:00:00Z,0.0,22.0,56.0,NaN,NaN
2022-07-15T00:00:00Z,0.0,22.0,58.0,NaN,NaN
2022-07-15T00:00:00Z,0.0,22.0,60.0,27.784412,0.24000359
2022-07-15T00:00:00Z,0.0,22.0,62.0,28.116169,0.31348228
2022-07-15T00:00:00Z,0.0,22.0,64.0,28.590038,0.39997673
2022-07-15T00:00:00Z,0.0,22.0,66.0,29.149433,0.5401001
2022-07-15T00:00:00Z,0.0,22.0,68.0,29.429789,0.6404705
2022-07-15T00:00:00Z,0.0,22.0,70.0,29.448875,0.6505718
2022-07-15T00:00:00Z,0.0,22.0,72.0,NaN,NaN
2022-07-15T00:00:00Z,0.0,22.0,74.0,NaN,NaN
2022-07-15T00:00:00Z,0.0,22.0,76.0,NaN,NaN
2022-07-15T00:00:00Z,0.0,24.0,56.0,NaN,NaN
2022-07-15T00:00:00Z,0.0,24.0,58.0,NaN,NaN
2022-07-15T00:00:00Z,0.0,24.0,60.0,29.822422,0.52331734
2022-07-15T00:00:00Z,0.0,24.0,62.0,29.200928,0.4582405
2022-07-15T00:00:00Z,0.0,24.0,64.0,29.086685,0.48729706
2022-07-15T00:00:00Z,0.0,24.0,66.0,29.383924,0.5845852
2022-07-15T00:00:00Z,0.0,24.0,68.0,29.527452,0.65023994
2022-07-15T00:00:00Z,0.0,24.0,70.0,NaN,NaN
2022-07-15T00:00:00Z,0.0,24.0,72.0,NaN,NaN
2022-07-15T00:00:00Z,0.0,24.0,74.0,NaN,NaN
2022-07-15T00:00:00Z,0.0,24.0,76.0,NaN,NaN
2022-07-15T00:00:00Z,0.0,26.0,56.0,33.013004,1.2088394
2022-07-15T00:00:00Z,0.0,26.0,58.0,32.339043,0.9645729
2022-07-15T00:00:00Z,0.0,26.0,60.0,31.27791,0.7484665
2022-07-15T00:00:00Z,0.0,26.0,62.0,NaN,NaN
2022-07-15T00:00:00Z,0.0,26.0,64.0,29.391691,0.5690899
2022-07-15T00:00:00Z,0.0,26.0,66.0,29.49089,0.60788155
2022-07-15T00:00:00Z,0.0,26.0,68.0,NaN,NaN
2022-07-15T00:00:00Z,0.0,26.0,70.0,NaN,NaN
2022-07-15T00:00:00Z,0.0,26.0,72.0,NaN,NaN
2022-07-15T00:00:00Z,0.0,26.0,74.0,NaN,NaN
2022-07-15T00:00:00Z,0.0,26.0,76.0,NaN,NaN
2022-08-15T00:00:00Z,0.0,8.0,56.0,25.283943,-0.5199108
2022-08-15T00:00:00Z,0.0,8.0,58.0,26.0126,-0.43898392
2022-08-15T00:00:00Z,0.0,8.0,60.0,26.738623,-0.3788166
2022-08-15T00:00:00Z,0.0,8.0,62.0,27.336637,-0.3332386
2022-08-15T00:00:00Z,0.0,8.0,64.0,27.795866,-0.26090622
2022-08-15T00:00:00Z,0.0,8.0,66.0,28.078566,-0.19185257
2022-08-15T00:00:00Z,0.0,8.0,68.0,28.198004,-0.1383934
2022-08-15T00:00:00Z,0.0,8.0,70.0,28.201712,-0.10399628
2022-08-15T00:00:00Z,0.0,8.0,72.0,28.07408,-0.0940876
2022-08-15T00:00:00Z,0.0,8.0,74.0,27.767685,-0.103357315
2022-08-15T00:00:00Z,0.0,8.0,76.0,27.393208,-0.097486496
2022-08-15T00:00:00Z,0.0,10.0,56.0,24.67024,-0.6899681
2022-08-15T00:00:00Z,0.0,10.0,58.0,25.391016,-0.5900898
2022-08-15T00:00:00Z,0.0,10.0,60.0,26.060688,-0.500082
2022-08-15T00:00:00Z,0.0,10.0,62.0,26.677713,-0.4107647
2022-08-15T00:00:00Z,0.0,10.0,64.0,27.236229,-0.30441666
2022-08-15T00:00:00Z,0.0,10.0,66.0,27.641958,-0.20572853
2022-08-15T00:00:00Z,0.0,10.0,68.0,27.881098,-0.12681961
2022-08-15T00:00:00Z,0.0,10.0,70.0,27.9726,-0.072919846
2022-08-15T00:00:00Z,0.0,10.0,72.0,27.864368,-0.05829811
2022-08-15T00:00:00Z,0.0,10.0,74.0,27.551498,-0.069919586
2022-08-15T00:00:00Z,0.0,10.0,76.0,27.236229,-0.07186127
2022-08-15T00:00:00Z,0.0,12.0,56.0,24.336786,-0.7388382
2022-08-15T00:00:00Z,0.0,12.0,58.0,24.861849,-0.6719837
2022-08-15T00:00:00Z,0.0,12.0,60.0,25.433651,-0.57359886
2022-08-15T00:00:00Z,0.0,12.0,62.0,26.065084,-0.45887375
2022-08-15T00:00:00Z,0.0,12.0,64.0,26.714779,-0.3235321
2022-08-15T00:00:00Z,0.0,12.0,66.0,27.258848,-0.17879677
2022-08-15T00:00:00Z,0.0,12.0,68.0,27.626524,-0.07455826
2022-08-15T00:00:00Z,0.0,12.0,70.0,27.803093,-0.02450943
2022-08-15T00:00:00Z,0.0,12.0,72.0,27.772154,-0.008823395
2022-08-15T00:00:00Z,0.0,12.0,74.0,27.545597,-0.018957138
2022-08-15T00:00:00Z,0.0,12.0,76.0,27.316114,-0.028207779
2022-08-15T00:00:00Z,0.0,14.0,56.0,24.27148,-0.62537384
2022-08-15T00:00:00Z,0.0,14.0,58.0,24.57951,-0.5968666
2022-08-15T00:00:00Z,0.0,14.0,60.0,25.047632,-0.5351181
2022-08-15T00:00:00Z,0.0,14.0,62.0,25.693876,-0.4237709
2022-08-15T00:00:00Z,0.0,14.0,64.0,26.41139,-0.27129745
2022-08-15T00:00:00Z,0.0,14.0,66.0,27.041094,-0.10875893
2022-08-15T00:00:00Z,0.0,14.0,68.0,27.495667,0.009250641
2022-08-15T00:00:00Z,0.0,14.0,70.0,27.748697,0.059843063
2022-08-15T00:00:00Z,0.0,14.0,72.0,27.810106,0.0671711
2022-08-15T00:00:00Z,0.0,14.0,74.0,27.732548,0.06397247
2022-08-15T00:00:00Z,0.0,14.0,76.0,NaN,NaN
2022-08-15T00:00:00Z,0.0,16.0,56.0,24.22519,-0.42207527
2022-08-15T00:00:00Z,0.0,16.0,58.0,24.50831,-0.39112854
2022-08-15T00:00:00Z,0.0,16.0,60.0,25.002407,-0.3645954
2022-08-15T00:00:00Z,0.0,16.0,62.0,25.680292,-0.2929592
2022-08-15T00:00:00Z,0.0,16.0,64.0,26.42597,-0.15688515
2022-08-15T00:00:00Z,0.0,16.0,66.0,27.081642,-0.0032958984
2022-08-15T00:00:00Z,0.0,16.0,68.0,27.567122,0.12164116
2022-08-15T00:00:00Z,0.0,16.0,70.0,27.86526,0.18200874
2022-08-15T00:00:00Z,0.0,16.0,72.0,27.98688,0.18813705
2022-08-15T00:00:00Z,0.0,16.0,74.0,27.968794,0.17488861
2022-08-15T00:00:00Z,0.0,16.0,76.0,NaN,NaN
2022-08-15T00:00:00Z,0.0,18.0,56.0,24.24167,-0.20801544
2022-08-15T00:00:00Z,0.0,18.0,58.0,24.539621,-0.1460247
2022-08-15T00:00:00Z,0.0,18.0,60.0,25.152395,-0.124897
2022-08-15T00:00:00Z,0.0,18.0,62.0,25.908405,-0.099803925
2022-08-15T00:00:00Z,0.0,18.0,64.0,26.700584,8.125305E-4
2022-08-15T00:00:00Z,0.0,18.0,66.0,27.390343,0.14131927
2022-08-15T00:00:00Z,0.0,18.0,68.0,27.874708,0.27547836
2022-08-15T00:00:00Z,0.0,18.0,70.0,28.175049,0.35590363
2022-08-15T00:00:00Z,0.0,18.0,72.0,28.315311,0.36444283
2022-08-15T00:00:00Z,0.0,18.0,74.0,NaN,NaN
2022-08-15T00:00:00Z,0.0,18.0,76.0,NaN,NaN
2022-08-15T00:00:00Z,0.0,20.0,56.0,NaN,NaN
2022-08-15T00:00:00Z,0.0,20.0,58.0,24.916441,0.06232071
2022-08-15T00:00:00Z,0.0,20.0,60.0,25.58665,0.104766846
2022-08-15T00:00:00Z,0.0,20.0,62.0,26.329803,0.12169838
2022-08-15T00:00:00Z,0.0,20.0,64.0,27.10723,0.1865406
2022-08-15T00:00:00Z,0.0,20.0,66.0,27.83368,0.3109703
2022-08-15T00:00:00Z,0.0,20.0,68.0,28.290384,0.44752884
2022-08-15T00:00:00Z,0.0,20.0,70.0,28.507828,0.5168266
2022-08-15T00:00:00Z,0.0,20.0,72.0,28.600971,0.53260994
2022-08-15T00:00:00Z,0.0,20.0,74.0,NaN,NaN
2022-08-15T00:00:00Z,0.0,20.0,76.0,NaN,NaN
2022-08-15T00:00:00Z,0.0,22.0,56.0,NaN,NaN
2022-08-15T00:00:00Z,0.0,22.0,58.0,NaN,NaN
2022-08-15T00:00:00Z,0.0,22.0,60.0,26.944542,0.3506565
2022-08-15T00:00:00Z,0.0,22.0,62.0,27.199186,0.36730957
2022-08-15T00:00:00Z,0.0,22.0,64.0,27.653471,0.3900547
2022-08-15T00:00:00Z,0.0,22.0,66.0,28.252016,0.47937012
2022-08-15T00:00:00Z,0.0,22.0,68.0,28.592382,0.5727577
2022-08-15T00:00:00Z,0.0,22.0,70.0,28.685753,0.6098633
2022-08-15T00:00:00Z,0.0,22.0,72.0,NaN,NaN
2022-08-15T00:00:00Z,0.0,22.0,74.0,NaN,NaN
2022-08-15T00:00:00Z,0.0,22.0,76.0,NaN,NaN
2022-08-15T00:00:00Z,0.0,24.0,56.0,NaN,NaN
2022-08-15T00:00:00Z,0.0,24.0,58.0,NaN,NaN
2022-08-15T00:00:00Z,0.0,24.0,60.0,29.03219,0.6276741
2022-08-15T00:00:00Z,0.0,24.0,62.0,28.321384,0.5546131
2022-08-15T00:00:00Z,0.0,24.0,64.0,28.197954,0.5454292
2022-08-15T00:00:00Z,0.0,24.0,66.0,28.544823,0.6035328
2022-08-15T00:00:00Z,0.0,24.0,68.0,28.73038,0.6532974
2022-08-15T00:00:00Z,0.0,24.0,70.0,NaN,NaN
2022-08-15T00:00:00Z,0.0,24.0,72.0,NaN,NaN
2022-08-15T00:00:00Z,0.0,24.0,74.0,NaN,NaN
2022-08-15T00:00:00Z,0.0,24.0,76.0,NaN,NaN
2022-08-15T00:00:00Z,0.0,26.0,56.0,33.302357,1.3356075
2022-08-15T00:00:00Z,0.0,26.0,58.0,31.970402,1.0311928
2022-08-15T00:00:00Z,0.0,26.0,60.0,30.565895,0.83143044
2022-08-15T00:00:00Z,0.0,26.0,62.0,NaN,NaN
2022-08-15T00:00:00Z,0.0,26.0,64.0,28.532082,0.6512432
2022-08-15T00:00:00Z,0.0,26.0,66.0,28.6764,0.6778183
2022-08-15T00:00:00Z,0.0,26.0,68.0,NaN,NaN
2022-08-15T00:00:00Z,0.0,26.0,70.0,NaN,NaN
2022-08-15T00:00:00Z,0.0,26.0,72.0,NaN,NaN
2022-08-15T00:00:00Z,0.0,26.0,74.0,NaN,NaN
2022-08-15T00:00:00Z,0.0,26.0,76.0,NaN,NaN
2022-09-15T00:00:00Z,0.0,8.0,56.0,26.072752,-0.21129036
2022-09-15T00:00:00Z,0.0,8.0,58.0,26.737432,-0.119485855
2022-09-15T00:00:00Z,0.0,8.0,60.0,27.394527,-0.043014526
2022-09-15T00:00:00Z,0.0,8.0,62.0,27.915174,0.0134887695
2022-09-15T00:00:00Z,0.0,8.0,64.0,28.300428,0.090013504
2022-09-15T00:00:00Z,0.0,8.0,66.0,28.53977,0.16400337
2022-09-15T00:00:00Z,0.0,8.0,68.0,28.647465,0.22373962
2022-09-15T00:00:00Z,0.0,8.0,70.0,28.661917,0.26166725
2022-09-15T00:00:00Z,0.0,8.0,72.0,28.551361,0.2496109
2022-09-15T00:00:00Z,0.0,8.0,74.0,28.278496,0.20147705
2022-09-15T00:00:00Z,0.0,8.0,76.0,27.937618,0.1540699
2022-09-15T00:00:00Z,0.0,10.0,56.0,25.674782,-0.2639885
2022-09-15T00:00:00Z,0.0,10.0,58.0,26.298748,-0.17056656
2022-09-15T00:00:00Z,0.0,10.0,60.0,26.88608,-0.08302307
2022-09-15T00:00:00Z,0.0,10.0,62.0,27.411682,-1.9264221E-4
2022-09-15T00:00:00Z,0.0,10.0,64.0,27.888597,0.11109924
2022-09-15T00:00:00Z,0.0,10.0,66.0,28.245289,0.2220211
2022-09-15T00:00:00Z,0.0,10.0,68.0,28.474495,0.31980896
2022-09-15T00:00:00Z,0.0,10.0,70.0,28.582676,0.38638306
2022-09-15T00:00:00Z,0.0,10.0,72.0,28.504759,0.38650894
2022-09-15T00:00:00Z,0.0,10.0,74.0,28.231163,0.34018517
2022-09-15T00:00:00Z,0.0,10.0,76.0,27.93336,0.2907486
2022-09-15T00:00:00Z,0.0,12.0,56.0,25.468914,-0.26635933
2022-09-15T00:00:00Z,0.0,12.0,58.0,25.916414,-0.20817184
2022-09-15T00:00:00Z,0.0,12.0,60.0,26.403147,-0.12862206
2022-09-15T00:00:00Z,0.0,12.0,62.0,26.93363,-0.027179718
2022-09-15T00:00:00Z,0.0,12.0,64.0,27.483286,0.110723495
2022-09-15T00:00:00Z,0.0,12.0,66.0,27.96866,0.2763481
2022-09-15T00:00:00Z,0.0,12.0,68.0,28.331888,0.41526413
2022-09-15T00:00:00Z,0.0,12.0,70.0,28.529198,0.4914055
2022-09-15T00:00:00Z,0.0,12.0,72.0,28.5214,0.5098572
2022-09-15T00:00:00Z,0.0,12.0,74.0,28.314274,0.47584915
2022-09-15T00:00:00Z,0.0,12.0,76.0,28.096338,0.4327469
2022-09-15T00:00:00Z,0.0,14.0,56.0,25.472782,-0.16055298
2022-09-15T00:00:00Z,0.0,14.0,58.0,25.739069,-0.13570213
2022-09-15T00:00:00Z,0.0,14.0,60.0,26.126415,-0.09402084
2022-09-15T00:00:00Z,0.0,14.0,62.0,26.653751,-2.4604797E-4
2022-09-15T00:00:00Z,0.0,14.0,64.0,27.244596,0.1486187
2022-09-15T00:00:00Z,0.0,14.0,66.0,27.797955,0.33051682
2022-09-15T00:00:00Z,0.0,14.0,68.0,28.249361,0.48798752
2022-09-15T00:00:00Z,0.0,14.0,70.0,28.528074,0.573679
2022-09-15T00:00:00Z,0.0,14.0,72.0,28.601702,0.60113907
2022-09-15T00:00:00Z,0.0,14.0,74.0,28.523588,0.59882927
2022-09-15T00:00:00Z,0.0,14.0,76.0,NaN,NaN
2022-09-15T00:00:00Z,0.0,16.0,56.0,25.484528,0.0034370422
2022-09-15T00:00:00Z,0.0,16.0,58.0,25.738863,0.03650856
2022-09-15T00:00:00Z,0.0,16.0,60.0,26.145226,0.051372528
2022-09-15T00:00:00Z,0.0,16.0,62.0,26.682966,0.108903885
2022-09-15T00:00:00Z,0.0,16.0,64.0,27.2738,0.23609161
2022-09-15T00:00:00Z,0.0,16.0,66.0,27.828007,0.39717484
2022-09-15T00:00:00Z,0.0,16.0,68.0,28.295197,0.5446758
2022-09-15T00:00:00Z,0.0,16.0,70.0,28.613577,0.62776375
2022-09-15T00:00:00Z,0.0,16.0,72.0,28.751898,0.6648216
2022-09-15T00:00:00Z,0.0,16.0,74.0,28.744143,0.6873188
2022-09-15T00:00:00Z,0.0,16.0,76.0,NaN,NaN
2022-09-15T00:00:00Z,0.0,18.0,56.0,25.51718,0.1677475
2022-09-15T00:00:00Z,0.0,18.0,58.0,25.787397,0.22491264
2022-09-15T00:00:00Z,0.0,18.0,60.0,26.30678,0.23944664
2022-09-15T00:00:00Z,0.0,18.0,62.0,26.91542,0.26081467
2022-09-15T00:00:00Z,0.0,18.0,64.0,27.52649,0.35198975
2022-09-15T00:00:00Z,0.0,18.0,66.0,28.076937,0.48781204
2022-09-15T00:00:00Z,0.0,18.0,68.0,28.502863,0.61348915
2022-09-15T00:00:00Z,0.0,18.0,70.0,28.795286,0.68099403
2022-09-15T00:00:00Z,0.0,18.0,72.0,28.94471,0.7001953
2022-09-15T00:00:00Z,0.0,18.0,74.0,NaN,NaN
2022-09-15T00:00:00Z,0.0,18.0,76.0,NaN,NaN
2022-09-15T00:00:00Z,0.0,20.0,56.0,NaN,NaN
2022-09-15T00:00:00Z,0.0,20.0,58.0,26.077763,0.36838722
2022-09-15T00:00:00Z,0.0,20.0,60.0,26.636395,0.39026642
2022-09-15T00:00:00Z,0.0,20.0,62.0,27.238628,0.39787865
2022-09-15T00:00:00Z,0.0,20.0,64.0,27.834055,0.4612217
2022-09-15T00:00:00Z,0.0,20.0,66.0,28.381485,0.57788086
2022-09-15T00:00:00Z,0.0,20.0,68.0,28.734472,0.68569946
2022-09-15T00:00:00Z,0.0,20.0,70.0,28.930185,0.72234535
2022-09-15T00:00:00Z,0.0,20.0,72.0,29.041534,0.72252655
2022-09-15T00:00:00Z,0.0,20.0,74.0,NaN,NaN
2022-09-15T00:00:00Z,0.0,20.0,76.0,NaN,NaN
2022-09-15T00:00:00Z,0.0,22.0,56.0,NaN,NaN
2022-09-15T00:00:00Z,0.0,22.0,58.0,NaN,NaN
2022-09-15T00:00:00Z,0.0,22.0,60.0,27.581156,0.52264977
2022-09-15T00:00:00Z,0.0,22.0,62.0,27.7849,0.52877617
2022-09-15T00:00:00Z,0.0,22.0,64.0,28.114876,0.5512104
2022-09-15T00:00:00Z,0.0,22.0,66.0,28.549538,0.64085007
2022-09-15T00:00:00Z,0.0,22.0,68.0,28.79972,0.7198181
2022-09-15T00:00:00Z,0.0,22.0,70.0,28.910215,0.73597527
2022-09-15T00:00:00Z,0.0,22.0,72.0,NaN,NaN
2022-09-15T00:00:00Z,0.0,22.0,74.0,NaN,NaN
2022-09-15T00:00:00Z,0.0,22.0,76.0,NaN,NaN
2022-09-15T00:00:00Z,0.0,24.0,56.0,NaN,NaN
2022-09-15T00:00:00Z,0.0,24.0,58.0,NaN,NaN
2022-09-15T00:00:00Z,0.0,24.0,60.0,29.012732,0.6758499
2022-09-15T00:00:00Z,0.0,24.0,62.0,28.438423,0.6149788
2022-09-15T00:00:00Z,0.0,24.0,64.0,28.295784,0.59934807
2022-09-15T00:00:00Z,0.0,24.0,66.0,28.546291,0.6639023
2022-09-15T00:00:00Z,0.0,24.0,68.0,28.730566,0.7257309
2022-09-15T00:00:00Z,0.0,24.0,70.0,NaN,NaN
2022-09-15T00:00:00Z,0.0,24.0,72.0,NaN,NaN
2022-09-15T00:00:00Z,0.0,24.0,74.0,NaN,NaN
2022-09-15T00:00:00Z,0.0,24.0,76.0,NaN,NaN
2022-09-15T00:00:00Z,0.0,26.0,56.0,32.816177,1.2152634
2022-09-15T00:00:00Z,0.0,26.0,58.0,31.385496,0.96891403
2022-09-15T00:00:00Z,0.0,26.0,60.0,30.104025,0.8090973
2022-09-15T00:00:00Z,0.0,26.0,62.0,NaN,NaN
2022-09-15T00:00:00Z,0.0,26.0,64.0,28.3682,0.6308956
2022-09-15T00:00:00Z,0.0,26.0,66.0,28.479622,0.6685772
2022-09-15T00:00:00Z,0.0,26.0,68.0,NaN,NaN
2022-09-15T00:00:00Z,0.0,26.0,70.0,NaN,NaN
2022-09-15T00:00:00Z,0.0,26.0,72.0,NaN,NaN
2022-09-15T00:00:00Z,0.0,26.0,74.0,NaN,NaN
2022-09-15T00:00:00Z,0.0,26.0,76.0,NaN,NaN
2022-10-15T00:00:00Z,0.0,8.0,56.0,27.35288,-0.06172371
2022-10-15T00:00:00Z,0.0,8.0,58.0,27.73635,-0.023527145
2022-10-15T00:00:00Z,0.0,8.0,60.0,28.084583,-0.017940521
2022-10-15T00:00:00Z,0.0,8.0,62.0,28.303888,-0.0348835
2022-10-15T00:00:00Z,0.0,8.0,64.0,28.439749,-0.028104782
2022-10-15T00:00:00Z,0.0,8.0,66.0,28.541681,-0.008840561
2022-10-15T00:00:00Z,0.0,8.0,68.0,28.630043,0.019582748
2022-10-15T00:00:00Z,0.0,8.0,70.0,28.699265,0.053554535
2022-10-15T00:00:00Z,0.0,8.0,72.0,28.701687,0.074518204
2022-10-15T00:00:00Z,0.0,8.0,74.0,28.592022,0.08177185
2022-10-15T00:00:00Z,0.0,8.0,76.0,28.395002,0.07561302
2022-10-15T00:00:00Z,0.0,10.0,56.0,27.264711,-0.01962471
2022-10-15T00:00:00Z,0.0,10.0,58.0,27.594835,0.011499405
2022-10-15T00:00:00Z,0.0,10.0,60.0,27.87655,0.027215958
2022-10-15T00:00:00Z,0.0,10.0,62.0,28.090752,0.029708862
2022-10-15T00:00:00Z,0.0,10.0,64.0,28.28632,0.056798935
2022-10-15T00:00:00Z,0.0,10.0,66.0,28.471397,0.095939636
2022-10-15T00:00:00Z,0.0,10.0,68.0,28.647903,0.14258957
2022-10-15T00:00:00Z,0.0,10.0,70.0,28.791248,0.18608093
2022-10-15T00:00:00Z,0.0,10.0,72.0,28.833105,0.20633316
2022-10-15T00:00:00Z,0.0,10.0,74.0,28.722012,0.19800949
2022-10-15T00:00:00Z,0.0,10.0,76.0,28.54098,0.17694473
2022-10-15T00:00:00Z,0.0,12.0,56.0,27.31343,0.017410278
2022-10-15T00:00:00Z,0.0,12.0,58.0,27.530478,0.027706146
2022-10-15T00:00:00Z,0.0,12.0,60.0,27.72654,0.052330017
2022-10-15T00:00:00Z,0.0,12.0,62.0,27.93653,0.08759117
2022-10-15T00:00:00Z,0.0,12.0,64.0,28.177664,0.1393528
2022-10-15T00:00:00Z,0.0,12.0,66.0,28.451834,0.21702194
2022-10-15T00:00:00Z,0.0,12.0,68.0,28.718813,0.28416634
2022-10-15T00:00:00Z,0.0,12.0,70.0,28.920305,0.32176208
2022-10-15T00:00:00Z,0.0,12.0,72.0,28.987005,0.32944298
2022-10-15T00:00:00Z,0.0,12.0,74.0,28.892294,0.3079319
2022-10-15T00:00:00Z,0.0,12.0,76.0,28.749836,0.27993584
2022-10-15T00:00:00Z,0.0,14.0,56.0,27.492447,0.08867645
2022-10-15T00:00:00Z,0.0,14.0,58.0,27.60412,0.09295273
2022-10-15T00:00:00Z,0.0,14.0,60.0,27.73579,0.11172485
2022-10-15T00:00:00Z,0.0,14.0,62.0,27.945723,0.16447067
2022-10-15T00:00:00Z,0.0,14.0,64.0,28.209312,0.2375412
2022-10-15T00:00:00Z,0.0,14.0,66.0,28.51507,0.32909203
2022-10-15T00:00:00Z,0.0,14.0,68.0,28.831112,0.40750885
2022-10-15T00:00:00Z,0.0,14.0,70.0,29.066639,0.43911743
2022-10-15T00:00:00Z,0.0,14.0,72.0,29.146553,0.4328022
2022-10-15T00:00:00Z,0.0,14.0,74.0,29.09905,0.41700172
2022-10-15T00:00:00Z,0.0,14.0,76.0,NaN,NaN
2022-10-15T00:00:00Z,0.0,16.0,56.0,27.615755,0.17286682
2022-10-15T00:00:00Z,0.0,16.0,58.0,27.71558,0.19891357
2022-10-15T00:00:00Z,0.0,16.0,60.0,27.876707,0.21812248
2022-10-15T00:00:00Z,0.0,16.0,62.0,28.104645,0.26004028
2022-10-15T00:00:00Z,0.0,16.0,64.0,28.36541,0.3331604
2022-10-15T00:00:00Z,0.0,16.0,66.0,28.653582,0.41485405
2022-10-15T00:00:00Z,0.0,16.0,68.0,28.971207,0.49116516
2022-10-15T00:00:00Z,0.0,16.0,70.0,29.21061,0.51581764
2022-10-15T00:00:00Z,0.0,16.0,72.0,29.299393,0.5074177
2022-10-15T00:00:00Z,0.0,16.0,74.0,29.278465,0.5022793
2022-10-15T00:00:00Z,0.0,16.0,76.0,NaN,NaN
2022-10-15T00:00:00Z,0.0,18.0,56.0,27.618872,0.25536346
2022-10-15T00:00:00Z,0.0,18.0,58.0,27.721241,0.3030815
2022-10-15T00:00:00Z,0.0,18.0,60.0,27.98317,0.32998276
2022-10-15T00:00:00Z,0.0,18.0,62.0,28.287642,0.35489082
2022-10-15T00:00:00Z,0.0,18.0,64.0,28.56076,0.40613556
2022-10-15T00:00:00Z,0.0,18.0,66.0,28.832663,0.47387123
2022-10-15T00:00:00Z,0.0,18.0,68.0,29.106007,0.5316715
2022-10-15T00:00:00Z,0.0,18.0,70.0,29.302502,0.5408554
2022-10-15T00:00:00Z,0.0,18.0,72.0,29.374254,0.5216961
2022-10-15T00:00:00Z,0.0,18.0,74.0,NaN,NaN
2022-10-15T00:00:00Z,0.0,18.0,76.0,NaN,NaN
2022-10-15T00:00:00Z,0.0,20.0,56.0,NaN,NaN
2022-10-15T00:00:00Z,0.0,20.0,58.0,27.795708,0.38049316
2022-10-15T00:00:00Z,0.0,20.0,60.0,28.095442,0.40514946
2022-10-15T00:00:00Z,0.0,20.0,62.0,28.431349,0.41443253
2022-10-15T00:00:00Z,0.0,20.0,64.0,28.705015,0.4444523
2022-10-15T00:00:00Z,0.0,20.0,66.0,28.943304,0.49184608
2022-10-15T00:00:00Z,0.0,20.0,68.0,29.121334,0.52422905
2022-10-15T00:00:00Z,0.0,20.0,70.0,29.23177,0.5094223
2022-10-15T00:00:00Z,0.0,20.0,72.0,29.307652,0.48921585
2022-10-15T00:00:00Z,0.0,20.0,74.0,NaN,NaN
2022-10-15T00:00:00Z,0.0,20.0,76.0,NaN,NaN
2022-10-15T00:00:00Z,0.0,22.0,56.0,NaN,NaN
2022-10-15T00:00:00Z,0.0,22.0,58.0,NaN,NaN
2022-10-15T00:00:00Z,0.0,22.0,60.0,28.481882,0.46048737
2022-10-15T00:00:00Z,0.0,22.0,62.0,28.62059,0.45984077
2022-10-15T00:00:00Z,0.0,22.0,64.0,28.74391,0.4513874
2022-10-15T00:00:00Z,0.0,22.0,66.0,28.874321,0.46923828
2022-10-15T00:00:00Z,0.0,22.0,68.0,28.947546,0.47857285
2022-10-15T00:00:00Z,0.0,22.0,70.0,29.025745,0.45798683
2022-10-15T00:00:00Z,0.0,22.0,72.0,NaN,NaN
2022-10-15T00:00:00Z,0.0,22.0,74.0,NaN,NaN
2022-10-15T00:00:00Z,0.0,22.0,76.0,NaN,NaN
2022-10-15T00:00:00Z,0.0,24.0,56.0,NaN,NaN
2022-10-15T00:00:00Z,0.0,24.0,58.0,NaN,NaN
2022-10-15T00:00:00Z,0.0,24.0,60.0,29.036636,0.52233315
2022-10-15T00:00:00Z,0.0,24.0,62.0,28.779524,0.47285652
2022-10-15T00:00:00Z,0.0,24.0,64.0,28.6403,0.42709923
2022-10-15T00:00:00Z,0.0,24.0,66.0,28.664307,0.4341545
2022-10-15T00:00:00Z,0.0,24.0,68.0,28.733755,0.4433937
2022-10-15T00:00:00Z,0.0,24.0,70.0,NaN,NaN
2022-10-15T00:00:00Z,0.0,24.0,72.0,NaN,NaN
2022-10-15T00:00:00Z,0.0,24.0,74.0,NaN,NaN
2022-10-15T00:00:00Z,0.0,24.0,76.0,NaN,NaN
2022-10-15T00:00:00Z,0.0,26.0,56.0,31.03765,0.85956764
2022-10-15T00:00:00Z,0.0,26.0,58.0,30.160118,0.7137604
2022-10-15T00:00:00Z,0.0,26.0,60.0,29.47105,0.60842514
2022-10-15T00:00:00Z,0.0,26.0,62.0,NaN,NaN
2022-10-15T00:00:00Z,0.0,26.0,64.0,28.51074,0.4161911
2022-10-15T00:00:00Z,0.0,26.0,66.0,28.499464,0.41706657
2022-10-15T00:00:00Z,0.0,26.0,68.0,NaN,NaN
2022-10-15T00:00:00Z,0.0,26.0,70.0,NaN,NaN
2022-10-15T00:00:00Z,0.0,26.0,72.0,NaN,NaN
2022-10-15T00:00:00Z,0.0,26.0,74.0,NaN,NaN
2022-10-15T00:00:00Z,0.0,26.0,76.0,NaN,NaN
2022-11-15T00:00:00Z,0.0,8.0,56.0,27.722166,-0.1091671
2022-11-15T00:00:00Z,0.0,8.0,58.0,28.018726,-0.020067215
2022-11-15T00:00:00Z,0.0,8.0,60.0,28.266788,0.022180557
2022-11-15T00:00:00Z,0.0,8.0,62.0,28.421286,0.029888153
2022-11-15T00:00:00Z,0.0,8.0,64.0,28.542543,0.05195999
2022-11-15T00:00:00Z,0.0,8.0,66.0,28.667454,0.076725006
2022-11-15T00:00:00Z,0.0,8.0,68.0,28.793331,0.10451889
2022-11-15T00:00:00Z,0.0,8.0,70.0,28.885166,0.13554001
2022-11-15T00:00:00Z,0.0,8.0,72.0,28.911678,0.169281
2022-11-15T00:00:00Z,0.0,8.0,74.0,28.858032,0.20078278
2022-11-15T00:00:00Z,0.0,8.0,76.0,28.724216,0.21180534
2022-11-15T00:00:00Z,0.0,10.0,56.0,27.545652,-0.08588982
2022-11-15T00:00:00Z,0.0,10.0,58.0,27.8027,0.0059070587
2022-11-15T00:00:00Z,0.0,10.0,60.0,28.01489,0.057661057
2022-11-15T00:00:00Z,0.0,10.0,62.0,28.177834,0.08331299
2022-11-15T00:00:00Z,0.0,10.0,64.0,28.348635,0.12248802
2022-11-15T00:00:00Z,0.0,10.0,66.0,28.549242,0.16544914
2022-11-15T00:00:00Z,0.0,10.0,68.0,28.760666,0.20635223
2022-11-15T00:00:00Z,0.0,10.0,70.0,28.95042,0.25177574
2022-11-15T00:00:00Z,0.0,10.0,72.0,29.062193,0.29250526
2022-11-15T00:00:00Z,0.0,10.0,74.0,29.05585,0.3229332
2022-11-15T00:00:00Z,0.0,10.0,76.0,28.961306,0.33485413
2022-11-15T00:00:00Z,0.0,12.0,56.0,27.433155,-0.04459572
2022-11-15T00:00:00Z,0.0,12.0,58.0,27.615656,0.018695831
2022-11-15T00:00:00Z,0.0,12.0,60.0,27.76709,0.0683403
2022-11-15T00:00:00Z,0.0,12.0,62.0,27.922459,0.11439514
2022-11-15T00:00:00Z,0.0,12.0,64.0,28.124975,0.17239189
2022-11-15T00:00:00Z,0.0,12.0,66.0,28.403557,0.2508278
2022-11-15T00:00:00Z,0.0,12.0,68.0,28.709402,0.3182354
2022-11-15T00:00:00Z,0.0,12.0,70.0,28.982645,0.36685562
2022-11-15T00:00:00Z,0.0,12.0,72.0,29.165827,0.40741158
2022-11-15T00:00:00Z,0.0,12.0,74.0,29.209839,0.4297104
2022-11-15T00:00:00Z,0.0,12.0,76.0,29.17418,0.44050598
2022-11-15T00:00:00Z,0.0,14.0,56.0,27.409367,0.029367447
2022-11-15T00:00:00Z,0.0,14.0,58.0,27.530245,0.07126427
2022-11-15T00:00:00Z,0.0,14.0,60.0,27.638079,0.10578728
2022-11-15T00:00:00Z,0.0,14.0,62.0,27.782438,0.15725136
2022-11-15T00:00:00Z,0.0,14.0,64.0,27.99003,0.2279892
2022-11-15T00:00:00Z,0.0,14.0,66.0,28.297258,0.32338333
2022-11-15T00:00:00Z,0.0,14.0,68.0,28.664179,0.41155434
2022-11-15T00:00:00Z,0.0,14.0,70.0,28.992233,0.4668808
2022-11-15T00:00:00Z,0.0,14.0,72.0,29.197094,0.4949684
2022-11-15T00:00:00Z,0.0,14.0,74.0,29.271599,0.5128212
2022-11-15T00:00:00Z,0.0,14.0,76.0,NaN,NaN
2022-11-15T00:00:00Z,0.0,16.0,56.0,27.41476,0.11614227
2022-11-15T00:00:00Z,0.0,16.0,58.0,27.50135,0.15516281
2022-11-15T00:00:00Z,0.0,16.0,60.0,27.609894,0.1798706
2022-11-15T00:00:00Z,0.0,16.0,62.0,27.750137,0.22142792
2022-11-15T00:00:00Z,0.0,16.0,64.0,27.941948,0.29367828
2022-11-15T00:00:00Z,0.0,16.0,66.0,28.234272,0.3833542
2022-11-15T00:00:00Z,0.0,16.0,68.0,28.617786,0.47559738
2022-11-15T00:00:00Z,0.0,16.0,70.0,28.942091,0.5259037
2022-11-15T00:00:00Z,0.0,16.0,72.0,29.132494,0.5471592
2022-11-15T00:00:00Z,0.0,16.0,74.0,29.239458,0.566597
2022-11-15T00:00:00Z,0.0,16.0,76.0,NaN,NaN
2022-11-15T00:00:00Z,0.0,18.0,56.0,27.405136,0.20811653
2022-11-15T00:00:00Z,0.0,18.0,58.0,27.452042,0.25185204
2022-11-15T00:00:00Z,0.0,18.0,60.0,27.587854,0.2787285
2022-11-15T00:00:00Z,0.0,18.0,62.0,27.748203,0.30799294
2022-11-15T00:00:00Z,0.0,18.0,64.0,27.928553,0.36915398
2022-11-15T00:00:00Z,0.0,18.0,66.0,28.191198,0.4457798
2022-11-15T00:00:00Z,0.0,18.0,68.0,28.52231,0.5156002
2022-11-15T00:00:00Z,0.0,18.0,70.0,28.759886,0.5400505
2022-11-15T00:00:00Z,0.0,18.0,72.0,28.85118,0.5338459
2022-11-15T00:00:00Z,0.0,18.0,74.0,NaN,NaN
2022-11-15T00:00:00Z,0.0,18.0,76.0,NaN,NaN
2022-11-15T00:00:00Z,0.0,20.0,56.0,NaN,NaN
2022-11-15T00:00:00Z,0.0,20.0,58.0,27.459894,0.35837555
2022-11-15T00:00:00Z,0.0,20.0,60.0,27.5845,0.39073563
2022-11-15T00:00:00Z,0.0,20.0,62.0,27.750862,0.4097557
2022-11-15T00:00:00Z,0.0,20.0,64.0,27.918125,0.45402145
2022-11-15T00:00:00Z,0.0,20.0,66.0,28.111374,0.50510406
2022-11-15T00:00:00Z,0.0,20.0,68.0,28.301088,0.53637886
2022-11-15T00:00:00Z,0.0,20.0,70.0,28.40393,0.5156536
2022-11-15T00:00:00Z,0.0,20.0,72.0,28.484682,0.48745155
2022-11-15T00:00:00Z,0.0,20.0,74.0,NaN,NaN
2022-11-15T00:00:00Z,0.0,20.0,76.0,NaN,NaN
2022-11-15T00:00:00Z,0.0,22.0,56.0,NaN,NaN
2022-11-15T00:00:00Z,0.0,22.0,58.0,NaN,NaN
2022-11-15T00:00:00Z,0.0,22.0,60.0,27.674438,0.52528
2022-11-15T00:00:00Z,0.0,22.0,62.0,27.77869,0.5383148
2022-11-15T00:00:00Z,0.0,22.0,64.0,27.860376,0.54114723
2022-11-15T00:00:00Z,0.0,22.0,66.0,27.929487,0.551548
2022-11-15T00:00:00Z,0.0,22.0,68.0,27.966434,0.5388222
2022-11-15T00:00:00Z,0.0,22.0,70.0,28.040009,0.49240685
2022-11-15T00:00:00Z,0.0,22.0,72.0,NaN,NaN
2022-11-15T00:00:00Z,0.0,22.0,74.0,NaN,NaN
2022-11-15T00:00:00Z,0.0,22.0,76.0,NaN,NaN
2022-11-15T00:00:00Z,0.0,24.0,56.0,NaN,NaN
2022-11-15T00:00:00Z,0.0,24.0,58.0,NaN,NaN
2022-11-15T00:00:00Z,0.0,24.0,60.0,27.7733,0.6505871
2022-11-15T00:00:00Z,0.0,24.0,62.0,27.729464,0.612175
2022-11-15T00:00:00Z,0.0,24.0,64.0,27.696396,0.58670235
2022-11-15T00:00:00Z,0.0,24.0,66.0,27.679007,0.5802498
2022-11-15T00:00:00Z,0.0,24.0,68.0,27.710264,0.5554657
2022-11-15T00:00:00Z,0.0,24.0,70.0,NaN,NaN
2022-11-15T00:00:00Z,0.0,24.0,72.0,NaN,NaN
2022-11-15T00:00:00Z,0.0,24.0,74.0,NaN,NaN
2022-11-15T00:00:00Z,0.0,24.0,76.0,NaN,NaN
2022-11-15T00:00:00Z,0.0,26.0,56.0,28.776451,1.0769482
2022-11-15T00:00:00Z,0.0,26.0,58.0,28.222782,0.8741417
2022-11-15T00:00:00Z,0.0,26.0,60.0,27.862322,0.74573135
2022-11-15T00:00:00Z,0.0,26.0,62.0,NaN,NaN
2022-11-15T00:00:00Z,0.0,26.0,64.0,27.55235,0.61211777
2022-11-15T00:00:00Z,0.0,26.0,66.0,27.514912,0.5956783
2022-11-15T00:00:00Z,0.0,26.0,68.0,NaN,NaN
2022-11-15T00:00:00Z,0.0,26.0,70.0,NaN,NaN
2022-11-15T00:00:00Z,0.0,26.0,72.0,NaN,NaN
2022-11-15T00:00:00Z,0.0,26.0,74.0,NaN,NaN
2022-11-15T00:00:00Z,0.0,26.0,76.0,NaN,NaN
2022-12-15T00:00:00Z,0.0,8.0,56.0,27.371546,0.055233
2022-12-15T00:00:00Z,0.0,8.0,58.0,27.604385,0.0821991
2022-12-15T00:00:00Z,0.0,8.0,60.0,27.82323,0.09218788
2022-12-15T00:00:00Z,0.0,8.0,62.0,28.019554,0.10305405
2022-12-15T00:00:00Z,0.0,8.0,64.0,28.234104,0.14770699
2022-12-15T00:00:00Z,0.0,8.0,66.0,28.452936,0.19664192
2022-12-15T00:00:00Z,0.0,8.0,68.0,28.638266,0.23630714
2022-12-15T00:00:00Z,0.0,8.0,70.0,28.748411,0.26574516
2022-12-15T00:00:00Z,0.0,8.0,72.0,28.779413,0.30558014
2022-12-15T00:00:00Z,0.0,8.0,74.0,28.742287,0.36012077
2022-12-15T00:00:00Z,0.0,8.0,76.0,28.611288,0.3926487
2022-12-15T00:00:00Z,0.0,10.0,56.0,27.09902,0.1109581
2022-12-15T00:00:00Z,0.0,10.0,58.0,27.280506,0.1426506
2022-12-15T00:00:00Z,0.0,10.0,60.0,27.463394,0.15878868
2022-12-15T00:00:00Z,0.0,10.0,62.0,27.655928,0.1783657
2022-12-15T00:00:00Z,0.0,10.0,64.0,27.906124,0.22789383
2022-12-15T00:00:00Z,0.0,10.0,66.0,28.208887,0.2897625
2022-12-15T00:00:00Z,0.0,10.0,68.0,28.50238,0.3420887
2022-12-15T00:00:00Z,0.0,10.0,70.0,28.741508,0.38827896
2022-12-15T00:00:00Z,0.0,10.0,72.0,28.89815,0.44098282
2022-12-15T00:00:00Z,0.0,10.0,74.0,28.949944,0.5023804
2022-12-15T00:00:00Z,0.0,10.0,76.0,28.893902,0.54234695
2022-12-15T00:00:00Z,0.0,12.0,56.0,26.853321,0.21607208
2022-12-15T00:00:00Z,0.0,12.0,58.0,26.987104,0.2429161
2022-12-15T00:00:00Z,0.0,12.0,60.0,27.12412,0.26118279
2022-12-15T00:00:00Z,0.0,12.0,62.0,27.28929,0.28422737
2022-12-15T00:00:00Z,0.0,12.0,64.0,27.545528,0.33040428
2022-12-15T00:00:00Z,0.0,12.0,66.0,27.91922,0.40817833
2022-12-15T00:00:00Z,0.0,12.0,68.0,28.322899,0.4775238
2022-12-15T00:00:00Z,0.0,12.0,70.0,28.682348,0.52915955
2022-12-15T00:00:00Z,0.0,12.0,72.0,28.948648,0.579607
2022-12-15T00:00:00Z,0.0,12.0,74.0,29.07734,0.62345695
2022-12-15T00:00:00Z,0.0,12.0,76.0,29.113258,0.6634731
2022-12-15T00:00:00Z,0.0,14.0,56.0,26.629978,0.32572746
2022-12-15T00:00:00Z,0.0,14.0,58.0,26.760216,0.36038208
2022-12-15T00:00:00Z,0.0,14.0,60.0,26.891825,0.37919998
2022-12-15T00:00:00Z,0.0,14.0,62.0,27.041044,0.4017105
2022-12-15T00:00:00Z,0.0,14.0,64.0,27.277777,0.44527626
2022-12-15T00:00:00Z,0.0,14.0,66.0,27.670712,0.52889824
2022-12-15T00:00:00Z,0.0,14.0,68.0,28.149338,0.6113987
2022-12-15T00:00:00Z,0.0,14.0,70.0,28.589258,0.6628208
2022-12-15T00:00:00Z,0.0,14.0,72.0,28.902882,0.6914654
2022-12-15T00:00:00Z,0.0,14.0,74.0,29.06795,0.7154865
2022-12-15T00:00:00Z,0.0,14.0,76.0,NaN,NaN
2022-12-15T00:00:00Z,0.0,16.0,56.0,26.437017,0.40729523
2022-12-15T00:00:00Z,0.0,16.0,58.0,26.55812,0.4514122
2022-12-15T00:00:00Z,0.0,16.0,60.0,26.716953,0.4777012
2022-12-15T00:00:00Z,0.0,16.0,62.0,26.872469,0.50105095
2022-12-15T00:00:00Z,0.0,16.0,64.0,27.085123,0.5477257
2022-12-15T00:00:00Z,0.0,16.0,66.0,27.460854,0.62724876
2022-12-15T00:00:00Z,0.0,16.0,68.0,27.96576,0.71196747
2022-12-15T00:00:00Z,0.0,16.0,70.0,28.394867,0.7464695
2022-12-15T00:00:00Z,0.0,16.0,72.0,28.686161,0.75440407
2022-12-15T00:00:00Z,0.0,16.0,74.0,28.907116,0.7721081
2022-12-15T00:00:00Z,0.0,16.0,76.0,NaN,NaN
2022-12-15T00:00:00Z,0.0,18.0,56.0,26.330818,0.4793377
2022-12-15T00:00:00Z,0.0,18.0,58.0,26.398964,0.5333042
2022-12-15T00:00:00Z,0.0,18.0,60.0,26.561474,0.57086945
2022-12-15T00:00:00Z,0.0,18.0,62.0,26.728535,0.5993271
2022-12-15T00:00:00Z,0.0,18.0,64.0,26.925854,0.64679146
2022-12-15T00:00:00Z,0.0,18.0,66.0,27.25357,0.7081547
2022-12-15T00:00:00Z,0.0,18.0,68.0,27.677662,0.7605591
2022-12-15T00:00:00Z,0.0,18.0,70.0,27.959536,0.7561798
2022-12-15T00:00:00Z,0.0,18.0,72.0,28.073984,0.7317257
2022-12-15T00:00:00Z,0.0,18.0,74.0,NaN,NaN
2022-12-15T00:00:00Z,0.0,18.0,76.0,NaN,NaN
2022-12-15T00:00:00Z,0.0,20.0,56.0,NaN,NaN
2022-12-15T00:00:00Z,0.0,20.0,58.0,26.332485,0.61955833
2022-12-15T00:00:00Z,0.0,20.0,60.0,26.446474,0.68081474
2022-12-15T00:00:00Z,0.0,20.0,62.0,26.616596,0.7224922
2022-12-15T00:00:00Z,0.0,20.0,64.0,26.798794,0.76000404
2022-12-15T00:00:00Z,0.0,20.0,66.0,27.007315,0.7791271
2022-12-15T00:00:00Z,0.0,20.0,68.0,27.1991,0.7675972
2022-12-15T00:00:00Z,0.0,20.0,70.0,27.278109,0.7126274
2022-12-15T00:00:00Z,0.0,20.0,72.0,27.379158,0.6695461
2022-12-15T00:00:00Z,0.0,20.0,74.0,NaN,NaN
2022-12-15T00:00:00Z,0.0,20.0,76.0,NaN,NaN
2022-12-15T00:00:00Z,0.0,22.0,56.0,NaN,NaN
2022-12-15T00:00:00Z,0.0,22.0,58.0,NaN,NaN
2022-12-15T00:00:00Z,0.0,22.0,60.0,26.32769,0.7962189
2022-12-15T00:00:00Z,0.0,22.0,62.0,26.497534,0.8435116
2022-12-15T00:00:00Z,0.0,22.0,64.0,26.635439,0.8584595
2022-12-15T00:00:00Z,0.0,22.0,66.0,26.671587,0.82468987
2022-12-15T00:00:00Z,0.0,22.0,68.0,26.6326,0.755003
2022-12-15T00:00:00Z,0.0,22.0,70.0,26.687832,0.6782284
2022-12-15T00:00:00Z,0.0,22.0,72.0,NaN,NaN
2022-12-15T00:00:00Z,0.0,22.0,74.0,NaN,NaN
2022-12-15T00:00:00Z,0.0,22.0,76.0,NaN,NaN
2022-12-15T00:00:00Z,0.0,24.0,56.0,NaN,NaN
2022-12-15T00:00:00Z,0.0,24.0,58.0,NaN,NaN
2022-12-15T00:00:00Z,0.0,24.0,60.0,26.106127,0.83181953
2022-12-15T00:00:00Z,0.0,24.0,62.0,26.289886,0.8734417
2022-12-15T00:00:00Z,0.0,24.0,64.0,26.390762,0.88679504
2022-12-15T00:00:00Z,0.0,24.0,66.0,26.329506,0.8457203
2022-12-15T00:00:00Z,0.0,24.0,68.0,26.284655,0.77150726
2022-12-15T00:00:00Z,0.0,24.0,70.0,NaN,NaN
2022-12-15T00:00:00Z,0.0,24.0,72.0,NaN,NaN
2022-12-15T00:00:00Z,0.0,24.0,74.0,NaN,NaN
2022-12-15T00:00:00Z,0.0,24.0,76.0,NaN,NaN
2022-12-15T00:00:00Z,0.0,26.0,56.0,26.049128,0.9743786
2022-12-15T00:00:00Z,0.0,26.0,58.0,25.954664,0.85573196
2022-12-15T00:00:00Z,0.0,26.0,60.0,25.93446,0.82155037
2022-12-15T00:00:00Z,0.0,26.0,62.0,NaN,NaN
2022-12-15T00:00:00Z,0.0,26.0,64.0,26.216898,0.88946915
2022-12-15T00:00:00Z,0.0,26.0,66.0,26.15171,0.85569
2022-12-15T00:00:00Z,0.0,26.0,68.0,NaN,NaN
2022-12-15T00:00:00Z,0.0,26.0,70.0,NaN,NaN
2022-12-15T00:00:00Z,0.0,26.0,72.0,NaN,NaN
2022-12-15T00:00:00Z,0.0,26.0,74.0,NaN,NaN
2022-12-15T00:00:00Z,0.0,26.0,76.0,NaN,NaN
2023-01-15T00:00:00Z,0.0,8.0,56.0,27.108572,0.2854061
2023-01-15T00:00:00Z,0.0,8.0,58.0,27.233732,0.18644333
2023-01-15T00:00:00Z,0.0,8.0,60.0,27.346048,0.08438492
2023-01-15T00:00:00Z,0.0,8.0,62.0,27.481705,0.006788254
2023-01-15T00:00:00Z,0.0,8.0,64.0,27.650957,-0.03985405
2023-01-15T00:00:00Z,0.0,8.0,66.0,27.837845,-0.053741455
2023-01-15T00:00:00Z,0.0,8.0,68.0,27.995548,-0.053764343
2023-01-15T00:00:00Z,0.0,8.0,70.0,28.085247,-0.05779457
2023-01-15T00:00:00Z,0.0,8.0,72.0,28.154398,-0.0054569244
2023-01-15T00:00:00Z,0.0,8.0,74.0,28.166533,0.06261635
2023-01-15T00:00:00Z,0.0,8.0,76.0,28.06436,0.10654068
2023-01-15T00:00:00Z,0.0,10.0,56.0,26.751953,0.35158157
2023-01-15T00:00:00Z,0.0,10.0,58.0,26.855005,0.28686333
2023-01-15T00:00:00Z,0.0,10.0,60.0,26.961767,0.22039604
2023-01-15T00:00:00Z,0.0,10.0,62.0,27.104826,0.16384697
2023-01-15T00:00:00Z,0.0,10.0,64.0,27.304762,0.11274147
2023-01-15T00:00:00Z,0.0,10.0,66.0,27.554693,0.07936096
2023-01-15T00:00:00Z,0.0,10.0,68.0,27.79913,0.058692932
2023-01-15T00:00:00Z,0.0,10.0,70.0,28.003088,0.048295975
2023-01-15T00:00:00Z,0.0,10.0,72.0,28.180784,0.08838844
2023-01-15T00:00:00Z,0.0,10.0,74.0,28.283249,0.14999962
2023-01-15T00:00:00Z,0.0,10.0,76.0,28.270815,0.1932888
2023-01-15T00:00:00Z,0.0,12.0,56.0,26.358767,0.44503784
2023-01-15T00:00:00Z,0.0,12.0,58.0,26.455585,0.4269619
2023-01-15T00:00:00Z,0.0,12.0,60.0,26.549625,0.3894806
2023-01-15T00:00:00Z,0.0,12.0,62.0,26.662836,0.32800484
2023-01-15T00:00:00Z,0.0,12.0,64.0,26.86088,0.25586128
2023-01-15T00:00:00Z,0.0,12.0,66.0,27.158201,0.19522476
2023-01-15T00:00:00Z,0.0,12.0,68.0,27.49435,0.1537075
2023-01-15T00:00:00Z,0.0,12.0,70.0,27.80911,0.127985
2023-01-15T00:00:00Z,0.0,12.0,72.0,28.088547,0.1518364
2023-01-15T00:00:00Z,0.0,12.0,74.0,28.272926,0.19342422
2023-01-15T00:00:00Z,0.0,12.0,76.0,28.374931,0.24090385
2023-01-15T00:00:00Z,0.0,14.0,56.0,25.943262,0.48765945
2023-01-15T00:00:00Z,0.0,14.0,58.0,26.056934,0.5120392
2023-01-15T00:00:00Z,0.0,14.0,60.0,26.157005,0.4932766
2023-01-15T00:00:00Z,0.0,14.0,62.0,26.242165,0.4278946
2023-01-15T00:00:00Z,0.0,14.0,64.0,26.397903,0.3312168
2023-01-15T00:00:00Z,0.0,14.0,66.0,26.707138,0.25078583
2023-01-15T00:00:00Z,0.0,14.0,68.0,27.126673,0.20275688
2023-01-15T00:00:00Z,0.0,14.0,70.0,27.545063,0.17723083
2023-01-15T00:00:00Z,0.0,14.0,72.0,27.885904,0.17865372
2023-01-15T00:00:00Z,0.0,14.0,74.0,28.109324,0.20498848
2023-01-15T00:00:00Z,0.0,14.0,76.0,NaN,NaN
2023-01-15T00:00:00Z,0.0,16.0,56.0,25.540245,0.45100975
2023-01-15T00:00:00Z,0.0,16.0,58.0,25.620308,0.47376633
2023-01-15T00:00:00Z,0.0,16.0,60.0,25.742733,0.4724846
2023-01-15T00:00:00Z,0.0,16.0,62.0,25.820927,0.41319847
2023-01-15T00:00:00Z,0.0,16.0,64.0,25.924389,0.30520248
2023-01-15T00:00:00Z,0.0,16.0,66.0,26.220642,0.21801758
2023-01-15T00:00:00Z,0.0,16.0,68.0,26.692781,0.17519951
2023-01-15T00:00:00Z,0.0,16.0,70.0,27.131966,0.14934158
2023-01-15T00:00:00Z,0.0,16.0,72.0,27.47229,0.14305496
2023-01-15T00:00:00Z,0.0,16.0,74.0,27.784369,0.18347168
2023-01-15T00:00:00Z,0.0,16.0,76.0,NaN,NaN
2023-01-15T00:00:00Z,0.0,18.0,56.0,25.252378,0.40328598
2023-01-15T00:00:00Z,0.0,18.0,58.0,25.237823,0.40974045
2023-01-15T00:00:00Z,0.0,18.0,60.0,25.331915,0.40985298
2023-01-15T00:00:00Z,0.0,18.0,62.0,25.396849,0.35399437
2023-01-15T00:00:00Z,0.0,18.0,64.0,25.46171,0.24137688
2023-01-15T00:00:00Z,0.0,18.0,66.0,25.701885,0.13463593
2023-01-15T00:00:00Z,0.0,18.0,68.0,26.099638,0.067575455
2023-01-15T00:00:00Z,0.0,18.0,70.0,26.37991,0.0107421875
2023-01-15T00:00:00Z,0.0,18.0,72.0,26.509705,-0.019842148
2023-01-15T00:00:00Z,0.0,18.0,74.0,NaN,NaN
2023-01-15T00:00:00Z,0.0,18.0,76.0,NaN,NaN
2023-01-15T00:00:00Z,0.0,20.0,56.0,NaN,NaN
2023-01-15T00:00:00Z,0.0,20.0,58.0,24.99408,0.39188576
2023-01-15T00:00:00Z,0.0,20.0,60.0,24.991009,0.39969635
2023-01-15T00:00:00Z,0.0,20.0,62.0,25.023726,0.34506035
2023-01-15T00:00:00Z,0.0,20.0,64.0,25.047892,0.21183014
2023-01-15T00:00:00Z,0.0,20.0,66.0,25.138023,0.053504944
2023-01-15T00:00:00Z,0.0,20.0,68.0,25.262377,-0.08489227
2023-01-15T00:00:00Z,0.0,20.0,70.0,25.319956,-0.18337631
2023-01-15T00:00:00Z,0.0,20.0,72.0,25.44475,-0.23227692
2023-01-15T00:00:00Z,0.0,20.0,74.0,NaN,NaN
2023-01-15T00:00:00Z,0.0,20.0,76.0,NaN,NaN
2023-01-15T00:00:00Z,0.0,22.0,56.0,NaN,NaN
2023-01-15T00:00:00Z,0.0,22.0,58.0,NaN,NaN
2023-01-15T00:00:00Z,0.0,22.0,60.0,24.619635,0.40067482
2023-01-15T00:00:00Z,0.0,22.0,62.0,24.661732,0.3526497
2023-01-15T00:00:00Z,0.0,22.0,64.0,24.644077,0.20870209
2023-01-15T00:00:00Z,0.0,22.0,66.0,24.52319,-0.014955521
2023-01-15T00:00:00Z,0.0,22.0,68.0,24.378057,-0.21921921
2023-01-15T00:00:00Z,0.0,22.0,70.0,24.435913,-0.33264923
2023-01-15T00:00:00Z,0.0,22.0,72.0,NaN,NaN
2023-01-15T00:00:00Z,0.0,22.0,74.0,NaN,NaN
2023-01-15T00:00:00Z,0.0,22.0,76.0,NaN,NaN
2023-01-15T00:00:00Z,0.0,24.0,56.0,NaN,NaN
2023-01-15T00:00:00Z,0.0,24.0,58.0,NaN,NaN
2023-01-15T00:00:00Z,0.0,24.0,60.0,24.157648,0.2993889
2023-01-15T00:00:00Z,0.0,24.0,62.0,24.286846,0.29341316
2023-01-15T00:00:00Z,0.0,24.0,64.0,24.227455,0.15062714
2023-01-15T00:00:00Z,0.0,24.0,66.0,24.000433,-0.07000923
2023-01-15T00:00:00Z,0.0,24.0,68.0,23.853027,-0.27282143
2023-01-15T00:00:00Z,0.0,24.0,70.0,NaN,NaN
2023-01-15T00:00:00Z,0.0,24.0,72.0,NaN,NaN
2023-01-15T00:00:00Z,0.0,24.0,74.0,NaN,NaN
2023-01-15T00:00:00Z,0.0,24.0,76.0,NaN,NaN
2023-01-15T00:00:00Z,0.0,26.0,56.0,23.523323,0.346241
2023-01-15T00:00:00Z,0.0,26.0,58.0,23.740967,0.21181488
2023-01-15T00:00:00Z,0.0,26.0,60.0,23.84708,0.18120766
2023-01-15T00:00:00Z,0.0,26.0,62.0,NaN,NaN
2023-01-15T00:00:00Z,0.0,26.0,64.0,23.943867,0.06565285
2023-01-15T00:00:00Z,0.0,26.0,66.0,23.76249,-0.08868599
2023-01-15T00:00:00Z,0.0,26.0,68.0,NaN,NaN
2023-01-15T00:00:00Z,0.0,26.0,70.0,NaN,NaN
2023-01-15T00:00:00Z,0.0,26.0,72.0,NaN,NaN
2023-01-15T00:00:00Z,0.0,26.0,74.0,NaN,NaN
2023-01-15T00:00:00Z,0.0,26.0,76.0,NaN,NaN
2023-02-15T00:00:00Z,0.0,8.0,56.0,27.010391,-0.019506454
2023-02-15T00:00:00Z,0.0,8.0,58.0,27.18671,-0.013414383
2023-02-15T00:00:00Z,0.0,8.0,60.0,27.369375,-0.014913559
2023-02-15T00:00:00Z,0.0,8.0,62.0,27.589386,-0.0054244995
2023-02-15T00:00:00Z,0.0,8.0,64.0,27.834661,0.018037796
2023-02-15T00:00:00Z,0.0,8.0,66.0,28.06469,0.04304695
2023-02-15T00:00:00Z,0.0,8.0,68.0,28.253962,0.060232162
2023-02-15T00:00:00Z,0.0,8.0,70.0,28.394045,0.07600403
2023-02-15T00:00:00Z,0.0,8.0,72.0,28.524385,0.1436367
2023-02-15T00:00:00Z,0.0,8.0,74.0,28.603893,0.21949577
2023-02-15T00:00:00Z,0.0,8.0,76.0,28.558355,0.26704025
2023-02-15T00:00:00Z,0.0,10.0,56.0,26.521973,-0.022338867
2023-02-15T00:00:00Z,0.0,10.0,58.0,26.657713,-0.009933472
2023-02-15T00:00:00Z,0.0,10.0,60.0,26.81407,-0.0020961761
2023-02-15T00:00:00Z,0.0,10.0,62.0,27.045147,0.019918442
2023-02-15T00:00:00Z,0.0,10.0,64.0,27.349682,0.04797554
2023-02-15T00:00:00Z,0.0,10.0,66.0,27.675219,0.07636452
2023-02-15T00:00:00Z,0.0,10.0,68.0,27.969454,0.099349976
2023-02-15T00:00:00Z,0.0,10.0,70.0,28.22446,0.12708664
2023-02-15T00:00:00Z,0.0,10.0,72.0,28.472582,0.20764542
2023-02-15T00:00:00Z,0.0,10.0,74.0,28.661322,0.29925728
2023-02-15T00:00:00Z,0.0,10.0,76.0,28.719389,0.35365677
2023-02-15T00:00:00Z,0.0,12.0,56.0,26.045553,0.009805679
2023-02-15T00:00:00Z,0.0,12.0,58.0,26.149323,0.031635284
2023-02-15T00:00:00Z,0.0,12.0,60.0,26.268461,0.043190002
2023-02-15T00:00:00Z,0.0,12.0,62.0,26.47118,0.06153488
2023-02-15T00:00:00Z,0.0,12.0,64.0,26.800936,0.087623596
2023-02-15T00:00:00Z,0.0,12.0,66.0,27.204197,0.1158638
2023-02-15T00:00:00Z,0.0,12.0,68.0,27.604925,0.14907265
2023-02-15T00:00:00Z,0.0,12.0,70.0,27.968615,0.1870327
2023-02-15T00:00:00Z,0.0,12.0,72.0,28.309137,0.26193047
2023-02-15T00:00:00Z,0.0,12.0,74.0,28.582945,0.34393883
2023-02-15T00:00:00Z,0.0,12.0,76.0,28.761267,0.40684128
2023-02-15T00:00:00Z,0.0,14.0,56.0,25.629604,0.054603577
2023-02-15T00:00:00Z,0.0,14.0,58.0,25.72721,0.09391785
2023-02-15T00:00:00Z,0.0,14.0,60.0,25.821316,0.10141945
2023-02-15T00:00:00Z,0.0,14.0,62.0,25.976799,0.110466
2023-02-15T00:00:00Z,0.0,14.0,64.0,26.272354,0.12527084
2023-02-15T00:00:00Z,0.0,14.0,66.0,26.712738,0.15644646
2023-02-15T00:00:00Z,0.0,14.0,68.0,27.205568,0.19883919
2023-02-15T00:00:00Z,0.0,14.0,70.0,27.655691,0.23781776
2023-02-15T00:00:00Z,0.0,14.0,72.0,28.045065,0.2920227
2023-02-15T00:00:00Z,0.0,14.0,74.0,28.330788,0.34774017
2023-02-15T00:00:00Z,0.0,14.0,76.0,NaN,NaN
2023-02-15T00:00:00Z,0.0,16.0,56.0,25.29025,0.09913063
2023-02-15T00:00:00Z,0.0,16.0,58.0,25.355232,0.14219093
2023-02-15T00:00:00Z,0.0,16.0,60.0,25.453608,0.15060616
2023-02-15T00:00:00Z,0.0,16.0,62.0,25.569574,0.14340591
2023-02-15T00:00:00Z,0.0,16.0,64.0,25.794405,0.14092636
2023-02-15T00:00:00Z,0.0,16.0,66.0,26.222815,0.16962624
2023-02-15T00:00:00Z,0.0,16.0,68.0,26.759699,0.21017647
2023-02-15T00:00:00Z,0.0,16.0,70.0,27.204151,0.23204803
2023-02-15T00:00:00Z,0.0,16.0,72.0,27.55971,0.25559235
2023-02-15T00:00:00Z,0.0,16.0,74.0,27.91811,0.31373024
2023-02-15T00:00:00Z,0.0,16.0,76.0,NaN,NaN
2023-02-15T00:00:00Z,0.0,18.0,56.0,25.063967,0.1634388
2023-02-15T00:00:00Z,0.0,18.0,58.0,25.03966,0.20121384
2023-02-15T00:00:00Z,0.0,18.0,60.0,25.120646,0.21383095
2023-02-15T00:00:00Z,0.0,18.0,62.0,25.206982,0.19291878
2023-02-15T00:00:00Z,0.0,18.0,64.0,25.362204,0.16576576
2023-02-15T00:00:00Z,0.0,18.0,66.0,25.714293,0.16075134
2023-02-15T00:00:00Z,0.0,18.0,68.0,26.165293,0.16391754
2023-02-15T00:00:00Z,0.0,18.0,70.0,26.427187,0.13654137
2023-02-15T00:00:00Z,0.0,18.0,72.0,26.529829,0.11325264
2023-02-15T00:00:00Z,0.0,18.0,74.0,NaN,NaN
2023-02-15T00:00:00Z,0.0,18.0,76.0,NaN,NaN
2023-02-15T00:00:00Z,0.0,20.0,56.0,NaN,NaN
2023-02-15T00:00:00Z,0.0,20.0,58.0,24.84036,0.2924633
2023-02-15T00:00:00Z,0.0,20.0,60.0,24.815435,0.31549644
2023-02-15T00:00:00Z,0.0,20.0,62.0,24.857094,0.2936344
2023-02-15T00:00:00Z,0.0,20.0,64.0,24.95321,0.23741913
2023-02-15T00:00:00Z,0.0,20.0,66.0,25.147446,0.16992378
2023-02-15T00:00:00Z,0.0,20.0,68.0,25.335419,0.09258652
2023-02-15T00:00:00Z,0.0,20.0,70.0,25.376904,0.007534027
2023-02-15T00:00:00Z,0.0,20.0,72.0,25.460464,-0.0518322
2023-02-15T00:00:00Z,0.0,20.0,74.0,NaN,NaN
2023-02-15T00:00:00Z,0.0,20.0,76.0,NaN,NaN
2023-02-15T00:00:00Z,0.0,22.0,56.0,NaN,NaN
2023-02-15T00:00:00Z,0.0,22.0,58.0,NaN,NaN
2023-02-15T00:00:00Z,0.0,22.0,60.0,24.44144,0.43196106
2023-02-15T00:00:00Z,0.0,22.0,62.0,24.476152,0.41086006
2023-02-15T00:00:00Z,0.0,22.0,64.0,24.502127,0.32333565
2023-02-15T00:00:00Z,0.0,22.0,66.0,24.500387,0.19047165
2023-02-15T00:00:00Z,0.0,22.0,68.0,24.451963,0.042081833
2023-02-15T00:00:00Z,0.0,22.0,70.0,24.527353,-0.071035385
2023-02-15T00:00:00Z,0.0,22.0,72.0,NaN,NaN
2023-02-15T00:00:00Z,0.0,22.0,74.0,NaN,NaN
2023-02-15T00:00:00Z,0.0,22.0,76.0,NaN,NaN
2023-02-15T00:00:00Z,0.0,24.0,56.0,NaN,NaN
2023-02-15T00:00:00Z,0.0,24.0,58.0,NaN,NaN
2023-02-15T00:00:00Z,0.0,24.0,60.0,23.995514,0.4729519
2023-02-15T00:00:00Z,0.0,24.0,62.0,24.075218,0.44505882
2023-02-15T00:00:00Z,0.0,24.0,64.0,24.033947,0.34337616
2023-02-15T00:00:00Z,0.0,24.0,66.0,23.92111,0.19743156
2023-02-15T00:00:00Z,0.0,24.0,68.0,23.895597,0.04393387
2023-02-15T00:00:00Z,0.0,24.0,70.0,NaN,NaN
2023-02-15T00:00:00Z,0.0,24.0,72.0,NaN,NaN
2023-02-15T00:00:00Z,0.0,24.0,74.0,NaN,NaN
2023-02-15T00:00:00Z,0.0,24.0,76.0,NaN,NaN
2023-02-15T00:00:00Z,0.0,26.0,56.0,23.160624,0.7161236
2023-02-15T00:00:00Z,0.0,26.0,58.0,23.573534,0.5489788
2023-02-15T00:00:00Z,0.0,26.0,60.0,23.717049,0.4546051
2023-02-15T00:00:00Z,0.0,26.0,62.0,NaN,NaN
2023-02-15T00:00:00Z,0.0,26.0,64.0,23.727722,0.3040161
2023-02-15T00:00:00Z,0.0,26.0,66.0,23.627571,0.20360756
2023-02-15T00:00:00Z,0.0,26.0,68.0,NaN,NaN
2023-02-15T00:00:00Z,0.0,26.0,70.0,NaN,NaN
2023-02-15T00:00:00Z,0.0,26.0,72.0,NaN,NaN
2023-02-15T00:00:00Z,0.0,26.0,74.0,NaN,NaN
2023-02-15T00:00:00Z,0.0,26.0,76.0,NaN,NaN
2023-03-15T00:00:00Z,0.0,8.0,56.0,28.196735,0.20048523
2023-03-15T00:00:00Z,0.0,8.0,58.0,28.381449,0.27780342
2023-03-15T00:00:00Z,0.0,8.0,60.0,28.57799,0.33530235
2023-03-15T00:00:00Z,0.0,8.0,62.0,28.784737,0.37213326
2023-03-15T00:00:00Z,0.0,8.0,64.0,28.98463,0.39554977
2023-03-15T00:00:00Z,0.0,8.0,66.0,29.15887,0.40141296
2023-03-15T00:00:00Z,0.0,8.0,68.0,29.295424,0.3820076
2023-03-15T00:00:00Z,0.0,8.0,70.0,29.387033,0.34870148
2023-03-15T00:00:00Z,0.0,8.0,72.0,29.47713,0.35604858
2023-03-15T00:00:00Z,0.0,8.0,74.0,29.542412,0.3733902
2023-03-15T00:00:00Z,0.0,8.0,76.0,29.510702,0.3743267
2023-03-15T00:00:00Z,0.0,10.0,56.0,27.822762,0.24228096
2023-03-15T00:00:00Z,0.0,10.0,58.0,27.95517,0.30802345
2023-03-15T00:00:00Z,0.0,10.0,60.0,28.110939,0.35308647
2023-03-15T00:00:00Z,0.0,10.0,62.0,28.326109,0.39042473
2023-03-15T00:00:00Z,0.0,10.0,64.0,28.59993,0.4337654
2023-03-15T00:00:00Z,0.0,10.0,66.0,28.870872,0.46722794
2023-03-15T00:00:00Z,0.0,10.0,68.0,29.092596,0.47153473
2023-03-15T00:00:00Z,0.0,10.0,70.0,29.269371,0.4544773
2023-03-15T00:00:00Z,0.0,10.0,72.0,29.454514,0.4730568
2023-03-15T00:00:00Z,0.0,10.0,74.0,29.6137,0.4948082
2023-03-15T00:00:00Z,0.0,10.0,76.0,29.673626,0.49212646
2023-03-15T00:00:00Z,0.0,12.0,56.0,27.515247,0.34366226
2023-03-15T00:00:00Z,0.0,12.0,58.0,27.597742,0.3845768
2023-03-15T00:00:00Z,0.0,12.0,60.0,27.702194,0.41567612
2023-03-15T00:00:00Z,0.0,12.0,62.0,27.902817,0.46142197
2023-03-15T00:00:00Z,0.0,12.0,64.0,28.226671,0.53290176
2023-03-15T00:00:00Z,0.0,12.0,66.0,28.582441,0.60269356
2023-03-15T00:00:00Z,0.0,12.0,68.0,28.883915,0.642334
2023-03-15T00:00:00Z,0.0,12.0,70.0,29.123888,0.6385555
2023-03-15T00:00:00Z,0.0,12.0,72.0,29.359974,0.63559914
2023-03-15T00:00:00Z,0.0,12.0,74.0,29.578135,0.6292343
2023-03-15T00:00:00Z,0.0,12.0,76.0,29.729898,0.61444473
2023-03-15T00:00:00Z,0.0,14.0,56.0,27.248583,0.4779148
2023-03-15T00:00:00Z,0.0,14.0,58.0,27.313005,0.5057354
2023-03-15T00:00:00Z,0.0,14.0,60.0,27.3929,0.52541924
2023-03-15T00:00:00Z,0.0,14.0,62.0,27.573364,0.5849247
2023-03-15T00:00:00Z,0.0,14.0,64.0,27.903742,0.6848049
2023-03-15T00:00:00Z,0.0,14.0,66.0,28.316074,0.7943649
2023-03-15T00:00:00Z,0.0,14.0,68.0,28.686596,0.8623047
2023-03-15T00:00:00Z,0.0,14.0,70.0,28.962688,0.85487556
2023-03-15T00:00:00Z,0.0,14.0,72.0,29.200348,0.8117409
2023-03-15T00:00:00Z,0.0,14.0,74.0,29.404484,0.7739544
2023-03-15T00:00:00Z,0.0,14.0,76.0,NaN,NaN
2023-03-15T00:00:00Z,0.0,16.0,56.0,26.97805,0.60722923
2023-03-15T00:00:00Z,0.0,16.0,58.0,27.023573,0.64325905
2023-03-15T00:00:00Z,0.0,16.0,60.0,27.128767,0.66672325
2023-03-15T00:00:00Z,0.0,16.0,62.0,27.310583,0.7328949
2023-03-15T00:00:00Z,0.0,16.0,64.0,27.626024,0.8578377
2023-03-15T00:00:00Z,0.0,16.0,66.0,28.052979,0.9953747
2023-03-15T00:00:00Z,0.0,16.0,68.0,28.454529,1.0734043
2023-03-15T00:00:00Z,0.0,16.0,70.0,28.692768,1.0429153
2023-03-15T00:00:00Z,0.0,16.0,72.0,28.8618,0.9503193
2023-03-15T00:00:00Z,0.0,16.0,74.0,29.104591,0.8969784
2023-03-15T00:00:00Z,0.0,16.0,76.0,NaN,NaN
2023-03-15T00:00:00Z,0.0,18.0,56.0,26.749212,0.7307949
2023-03-15T00:00:00Z,0.0,18.0,58.0,26.719933,0.7858982
2023-03-15T00:00:00Z,0.0,18.0,60.0,26.846445,0.8311119
2023-03-15T00:00:00Z,0.0,18.0,62.0,27.053774,0.90802383
2023-03-15T00:00:00Z,0.0,18.0,64.0,27.353495,1.038496
2023-03-15T00:00:00Z,0.0,18.0,66.0,27.74682,1.1732178
2023-03-15T00:00:00Z,0.0,18.0,68.0,28.079618,1.226038
2023-03-15T00:00:00Z,0.0,18.0,70.0,28.15618,1.1574726
2023-03-15T00:00:00Z,0.0,18.0,72.0,28.105295,1.0413151
2023-03-15T00:00:00Z,0.0,18.0,74.0,NaN,NaN
2023-03-15T00:00:00Z,0.0,18.0,76.0,NaN,NaN
2023-03-15T00:00:00Z,0.0,20.0,56.0,NaN,NaN
2023-03-15T00:00:00Z,0.0,20.0,58.0,26.52678,0.9472523
2023-03-15T00:00:00Z,0.0,20.0,60.0,26.564837,1.0249329
2023-03-15T00:00:00Z,0.0,20.0,62.0,26.75396,1.114521
2023-03-15T00:00:00Z,0.0,20.0,64.0,27.028362,1.2286568
2023-03-15T00:00:00Z,0.0,20.0,66.0,27.31948,1.315628
2023-03-15T00:00:00Z,0.0,20.0,68.0,27.477318,1.3107357
2023-03-15T00:00:00Z,0.0,20.0,70.0,27.404512,1.2051601
2023-03-15T00:00:00Z,0.0,20.0,72.0,27.354784,1.085062
2023-03-15T00:00:00Z,0.0,20.0,74.0,NaN,NaN
2023-03-15T00:00:00Z,0.0,20.0,76.0,NaN,NaN
2023-03-15T00:00:00Z,0.0,22.0,56.0,NaN,NaN
2023-03-15T00:00:00Z,0.0,22.0,58.0,NaN,NaN
2023-03-15T00:00:00Z,0.0,22.0,60.0,26.237017,1.2469254
2023-03-15T00:00:00Z,0.0,22.0,62.0,26.38517,1.3181496
2023-03-15T00:00:00Z,0.0,22.0,64.0,26.5727,1.3774719
2023-03-15T00:00:00Z,0.0,22.0,66.0,26.721325,1.3940582
2023-03-15T00:00:00Z,0.0,22.0,68.0,26.756481,1.3345375
2023-03-15T00:00:00Z,0.0,22.0,70.0,26.792656,1.2277298
2023-03-15T00:00:00Z,0.0,22.0,72.0,NaN,NaN
2023-03-15T00:00:00Z,0.0,22.0,74.0,NaN,NaN
2023-03-15T00:00:00Z,0.0,22.0,76.0,NaN,NaN
2023-03-15T00:00:00Z,0.0,24.0,56.0,NaN,NaN
2023-03-15T00:00:00Z,0.0,24.0,58.0,NaN,NaN
2023-03-15T00:00:00Z,0.0,24.0,60.0,25.822865,1.3792019
2023-03-15T00:00:00Z,0.0,24.0,62.0,25.976736,1.4103813
2023-03-15T00:00:00Z,0.0,24.0,64.0,26.069714,1.434124
2023-03-15T00:00:00Z,0.0,24.0,66.0,26.111383,1.4054909
2023-03-15T00:00:00Z,0.0,24.0,68.0,26.22244,1.341404
2023-03-15T00:00:00Z,0.0,24.0,70.0,NaN,NaN
2023-03-15T00:00:00Z,0.0,24.0,72.0,NaN,NaN
2023-03-15T00:00:00Z,0.0,24.0,74.0,NaN,NaN
2023-03-15T00:00:00Z,0.0,24.0,76.0,NaN,NaN
2023-03-15T00:00:00Z,0.0,26.0,56.0,24.529709,1.4959602
2023-03-15T00:00:00Z,0.0,26.0,58.0,25.208214,1.4283371
2023-03-15T00:00:00Z,0.0,26.0,60.0,25.51867,1.3860931
2023-03-15T00:00:00Z,0.0,26.0,62.0,NaN,NaN
2023-03-15T00:00:00Z,0.0,26.0,64.0,25.754618,1.4232483
2023-03-15T00:00:00Z,0.0,26.0,66.0,25.759138,1.3979168
2023-03-15T00:00:00Z,0.0,26.0,68.0,NaN,NaN
2023-03-15T00:00:00Z,0.0,26.0,70.0,NaN,NaN
2023-03-15T00:00:00Z,0.0,26.0,72.0,NaN,NaN
2023-03-15T00:00:00Z,0.0,26.0,74.0,NaN,NaN
2023-03-15T00:00:00Z,0.0,26.0,76.0,NaN,NaN
2023-04-15T00:00:00Z,0.0,8.0,56.0,30.10586,0.7364254
2023-04-15T00:00:00Z,0.0,8.0,58.0,30.138363,0.7080517
2023-04-15T00:00:00Z,0.0,8.0,60.0,30.193079,0.70116234
2023-04-15T00:00:00Z,0.0,8.0,62.0,30.275074,0.7086983
2023-04-15T00:00:00Z,0.0,8.0,64.0,30.373178,0.72065926
2023-04-15T00:00:00Z,0.0,8.0,66.0,30.48253,0.73344994
2023-04-15T00:00:00Z,0.0,8.0,68.0,30.5767,0.7318058
2023-04-15T00:00:00Z,0.0,8.0,70.0,30.62271,0.70402336
2023-04-15T00:00:00Z,0.0,8.0,72.0,30.649881,0.6891308
2023-04-15T00:00:00Z,0.0,8.0,74.0,30.63859,0.6685276
2023-04-15T00:00:00Z,0.0,8.0,76.0,30.564236,0.65735435
2023-04-15T00:00:00Z,0.0,10.0,56.0,29.944715,0.80898666
2023-04-15T00:00:00Z,0.0,10.0,58.0,29.955763,0.78178406
2023-04-15T00:00:00Z,0.0,10.0,60.0,29.985651,0.76485825
2023-04-15T00:00:00Z,0.0,10.0,62.0,30.056227,0.7567463
2023-04-15T00:00:00Z,0.0,10.0,64.0,30.172338,0.7644024
2023-04-15T00:00:00Z,0.0,10.0,66.0,30.307497,0.77728844
2023-04-15T00:00:00Z,0.0,10.0,68.0,30.42951,0.77690506
2023-04-15T00:00:00Z,0.0,10.0,70.0,30.516243,0.7455139
2023-04-15T00:00:00Z,0.0,10.0,72.0,30.597406,0.721241
2023-04-15T00:00:00Z,0.0,10.0,74.0,30.669334,0.70762634
2023-04-15T00:00:00Z,0.0,10.0,76.0,30.696192,0.7056656
2023-04-15T00:00:00Z,0.0,12.0,56.0,29.833261,0.9249687
2023-04-15T00:00:00Z,0.0,12.0,58.0,29.84004,0.9143734
2023-04-15T00:00:00Z,0.0,12.0,60.0,29.843063,0.8963547
2023-04-15T00:00:00Z,0.0,12.0,62.0,29.885025,0.8759842
2023-04-15T00:00:00Z,0.0,12.0,64.0,29.991682,0.87197495
2023-04-15T00:00:00Z,0.0,12.0,66.0,30.12518,0.87776375
2023-04-15T00:00:00Z,0.0,12.0,68.0,30.242962,0.87252426
2023-04-15T00:00:00Z,0.0,12.0,70.0,30.340342,0.8330078
2023-04-15T00:00:00Z,0.0,12.0,72.0,30.469486,0.8027992
2023-04-15T00:00:00Z,0.0,12.0,74.0,30.616604,0.7834377
2023-04-15T00:00:00Z,0.0,12.0,76.0,30.738379,0.77598953
2023-04-15T00:00:00Z,0.0,14.0,56.0,29.640701,1.012743
2023-04-15T00:00:00Z,0.0,14.0,58.0,29.672121,1.0352459
2023-04-15T00:00:00Z,0.0,14.0,60.0,29.687113,1.0326977
2023-04-15T00:00:00Z,0.0,14.0,62.0,29.727606,1.024023
2023-04-15T00:00:00Z,0.0,14.0,64.0,29.816574,1.0148659
2023-04-15T00:00:00Z,0.0,14.0,66.0,29.935068,1.0102367
2023-04-15T00:00:00Z,0.0,14.0,68.0,30.041918,0.9926052
2023-04-15T00:00:00Z,0.0,14.0,70.0,30.13931,0.9456024
2023-04-15T00:00:00Z,0.0,14.0,72.0,30.286566,0.9090023
2023-04-15T00:00:00Z,0.0,14.0,74.0,30.451925,0.89188194
2023-04-15T00:00:00Z,0.0,14.0,76.0,NaN,NaN
2023-04-15T00:00:00Z,0.0,16.0,56.0,29.26659,1.0293751
2023-04-15T00:00:00Z,0.0,16.0,58.0,29.300148,1.0809593
2023-04-15T00:00:00Z,0.0,16.0,60.0,29.392467,1.117239
2023-04-15T00:00:00Z,0.0,16.0,62.0,29.485704,1.1355381
2023-04-15T00:00:00Z,0.0,16.0,64.0,29.576445,1.1368008
2023-04-15T00:00:00Z,0.0,16.0,66.0,29.677095,1.1228466
2023-04-15T00:00:00Z,0.0,16.0,68.0,29.772957,1.0909786
2023-04-15T00:00:00Z,0.0,16.0,70.0,29.842072,1.0372353
2023-04-15T00:00:00Z,0.0,16.0,72.0,29.964003,0.9890766
2023-04-15T00:00:00Z,0.0,16.0,74.0,30.191847,0.9873638
2023-04-15T00:00:00Z,0.0,16.0,76.0,NaN,NaN
2023-04-15T00:00:00Z,0.0,18.0,56.0,28.852488,1.0242729
2023-04-15T00:00:00Z,0.0,18.0,58.0,28.798367,1.0835457
2023-04-15T00:00:00Z,0.0,18.0,60.0,28.943604,1.145813
2023-04-15T00:00:00Z,0.0,18.0,62.0,29.1143,1.1897602
2023-04-15T00:00:00Z,0.0,18.0,64.0,29.230711,1.2025452
2023-04-15T00:00:00Z,0.0,18.0,66.0,29.322065,1.1884403
2023-04-15T00:00:00Z,0.0,18.0,68.0,29.372883,1.1423607
2023-04-15T00:00:00Z,0.0,18.0,70.0,29.335821,1.072361
2023-04-15T00:00:00Z,0.0,18.0,72.0,29.302982,1.0103722
2023-04-15T00:00:00Z,0.0,18.0,74.0,NaN,NaN
2023-04-15T00:00:00Z,0.0,18.0,76.0,NaN,NaN
2023-04-15T00:00:00Z,0.0,20.0,56.0,NaN,NaN
2023-04-15T00:00:00Z,0.0,20.0,58.0,28.443789,1.0984535
2023-04-15T00:00:00Z,0.0,20.0,60.0,28.493256,1.1537209
2023-04-15T00:00:00Z,0.0,20.0,62.0,28.650848,1.1922245
2023-04-15T00:00:00Z,0.0,20.0,64.0,28.779682,1.2089119
2023-04-15T00:00:00Z,0.0,20.0,66.0,28.84924,1.1962585
2023-04-15T00:00:00Z,0.0,20.0,68.0,28.820728,1.1415386
2023-04-15T00:00:00Z,0.0,20.0,70.0,28.700254,1.0588856
2023-04-15T00:00:00Z,0.0,20.0,72.0,28.666004,0.98940086
2023-04-15T00:00:00Z,0.0,20.0,74.0,NaN,NaN
2023-04-15T00:00:00Z,0.0,20.0,76.0,NaN,NaN
2023-04-15T00:00:00Z,0.0,22.0,56.0,NaN,NaN
2023-04-15T00:00:00Z,0.0,22.0,58.0,NaN,NaN
2023-04-15T00:00:00Z,0.0,22.0,60.0,28.079893,1.1405258
2023-04-15T00:00:00Z,0.0,22.0,62.0,28.161062,1.1594982
2023-04-15T00:00:00Z,0.0,22.0,64.0,28.227495,1.1617031
2023-04-15T00:00:00Z,0.0,22.0,66.0,28.240139,1.1369324
2023-04-15T00:00:00Z,0.0,22.0,68.0,28.195436,1.0831375
2023-04-15T00:00:00Z,0.0,22.0,70.0,28.204172,1.0238647
2023-04-15T00:00:00Z,0.0,22.0,72.0,NaN,NaN
2023-04-15T00:00:00Z,0.0,22.0,74.0,NaN,NaN
2023-04-15T00:00:00Z,0.0,22.0,76.0,NaN,NaN
2023-04-15T00:00:00Z,0.0,24.0,56.0,NaN,NaN
2023-04-15T00:00:00Z,0.0,24.0,58.0,NaN,NaN
2023-04-15T00:00:00Z,0.0,24.0,60.0,27.636675,1.052496
2023-04-15T00:00:00Z,0.0,24.0,62.0,27.706474,1.0853081
2023-04-15T00:00:00Z,0.0,24.0,64.0,27.653461,1.0652676
2023-04-15T00:00:00Z,0.0,24.0,66.0,27.617168,1.0328217
2023-04-15T00:00:00Z,0.0,24.0,68.0,27.706093,1.0114822
2023-04-15T00:00:00Z,0.0,24.0,70.0,NaN,NaN
2023-04-15T00:00:00Z,0.0,24.0,72.0,NaN,NaN
2023-04-15T00:00:00Z,0.0,24.0,74.0,NaN,NaN
2023-04-15T00:00:00Z,0.0,24.0,76.0,NaN,NaN
2023-04-15T00:00:00Z,0.0,26.0,56.0,26.102207,0.8036232
2023-04-15T00:00:00Z,0.0,26.0,58.0,26.935926,0.89717674
2023-04-15T00:00:00Z,0.0,26.0,60.0,27.327719,0.9567566
2023-04-15T00:00:00Z,0.0,26.0,62.0,NaN,NaN
2023-04-15T00:00:00Z,0.0,26.0,64.0,27.275791,0.9781742
2023-04-15T00:00:00Z,0.0,26.0,66.0,27.24482,0.95983124
2023-04-15T00:00:00Z,0.0,26.0,68.0,NaN,NaN
2023-04-15T00:00:00Z,0.0,26.0,70.0,NaN,NaN
2023-04-15T00:00:00Z,0.0,26.0,72.0,NaN,NaN
2023-04-15T00:00:00Z,0.0,26.0,74.0,NaN,NaN
2023-04-15T00:00:00Z,0.0,26.0,76.0,NaN,NaN
2023-05-15T00:00:00Z,0.0,8.0,56.0,30.218815,0.60544205
2023-05-15T00:00:00Z,0.0,8.0,58.0,30.405235,0.61009026
2023-05-15T00:00:00Z,0.0,8.0,60.0,30.486948,0.5952625
2023-05-15T00:00:00Z,0.0,8.0,62.0,30.505987,0.5695095
2023-05-15T00:00:00Z,0.0,8.0,64.0,30.502956,0.5432892
2023-05-15T00:00:00Z,0.0,8.0,66.0,30.50556,0.52832985
2023-05-15T00:00:00Z,0.0,8.0,68.0,30.505777,0.5147152
2023-05-15T00:00:00Z,0.0,8.0,70.0,30.484964,0.49036217
2023-05-15T00:00:00Z,0.0,8.0,72.0,30.450064,0.47923088
2023-05-15T00:00:00Z,0.0,8.0,74.0,30.334112,0.45027733
2023-05-15T00:00:00Z,0.0,8.0,76.0,30.117437,0.41705322
2023-05-15T00:00:00Z,0.0,10.0,56.0,30.253729,0.7031231
2023-05-15T00:00:00Z,0.0,10.0,58.0,30.449495,0.7267456
2023-05-15T00:00:00Z,0.0,10.0,60.0,30.536253,0.730587
2023-05-15T00:00:00Z,0.0,10.0,62.0,30.557272,0.70412827
2023-05-15T00:00:00Z,0.0,10.0,64.0,30.56517,0.67492294
2023-05-15T00:00:00Z,0.0,10.0,66.0,30.574982,0.65419006
2023-05-15T00:00:00Z,0.0,10.0,68.0,30.593111,0.64273643
2023-05-15T00:00:00Z,0.0,10.0,70.0,30.605227,0.621624
2023-05-15T00:00:00Z,0.0,10.0,72.0,30.60074,0.60263824
2023-05-15T00:00:00Z,0.0,10.0,74.0,30.533762,0.57444954
2023-05-15T00:00:00Z,0.0,10.0,76.0,30.407787,0.54517365
2023-05-15T00:00:00Z,0.0,12.0,56.0,30.44901,0.84471893
2023-05-15T00:00:00Z,0.0,12.0,58.0,30.559902,0.87381935
2023-05-15T00:00:00Z,0.0,12.0,60.0,30.600279,0.8800297
2023-05-15T00:00:00Z,0.0,12.0,62.0,30.610779,0.8512802
2023-05-15T00:00:00Z,0.0,12.0,64.0,30.623913,0.8158512
2023-05-15T00:00:00Z,0.0,12.0,66.0,30.642782,0.7954712
2023-05-15T00:00:00Z,0.0,12.0,68.0,30.667688,0.7884178
2023-05-15T00:00:00Z,0.0,12.0,70.0,30.689535,0.7663479
2023-05-15T00:00:00Z,0.0,12.0,72.0,30.720001,0.7504196
2023-05-15T00:00:00Z,0.0,12.0,74.0,30.70826,0.7186985
2023-05-15T00:00:00Z,0.0,12.0,76.0,30.66207,0.68471146
2023-05-15T00:00:00Z,0.0,14.0,56.0,30.58243,0.9638462
2023-05-15T00:00:00Z,0.0,14.0,58.0,30.602127,1.0038147
2023-05-15T00:00:00Z,0.0,14.0,60.0,30.612833,1.0080013
2023-05-15T00:00:00Z,0.0,14.0,62.0,30.64586,0.99123573
2023-05-15T00:00:00Z,0.0,14.0,64.0,30.680546,0.96177673
2023-05-15T00:00:00Z,0.0,14.0,66.0,30.704348,0.9419327
2023-05-15T00:00:00Z,0.0,14.0,68.0,30.717703,0.9288273
2023-05-15T00:00:00Z,0.0,14.0,70.0,30.730188,0.90216637
2023-05-15T00:00:00Z,0.0,14.0,72.0,30.770384,0.881258
2023-05-15T00:00:00Z,0.0,14.0,74.0,30.808594,0.86467934
2023-05-15T00:00:00Z,0.0,14.0,76.0,NaN,NaN
2023-05-15T00:00:00Z,0.0,16.0,56.0,30.381132,1.0053043
2023-05-15T00:00:00Z,0.0,16.0,58.0,30.363659,1.0594921
2023-05-15T00:00:00Z,0.0,16.0,60.0,30.44703,1.0822163
2023-05-15T00:00:00Z,0.0,16.0,62.0,30.569042,1.0875225
2023-05-15T00:00:00Z,0.0,16.0,64.0,30.656597,1.0805969
2023-05-15T00:00:00Z,0.0,16.0,66.0,30.680935,1.0570583
2023-05-15T00:00:00Z,0.0,16.0,68.0,30.668129,1.0238152
2023-05-15T00:00:00Z,0.0,16.0,70.0,30.64058,0.9759731
2023-05-15T00:00:00Z,0.0,16.0,72.0,30.66686,0.9406986
2023-05-15T00:00:00Z,0.0,16.0,74.0,30.777851,0.95311165
2023-05-15T00:00:00Z,0.0,16.0,76.0,NaN,NaN
2023-05-15T00:00:00Z,0.0,18.0,56.0,29.98099,1.0085449
2023-05-15T00:00:00Z,0.0,18.0,58.0,29.901634,1.0604401
2023-05-15T00:00:00Z,0.0,18.0,60.0,30.077772,1.098856
2023-05-15T00:00:00Z,0.0,18.0,62.0,30.319557,1.1259727
2023-05-15T00:00:00Z,0.0,18.0,64.0,30.472305,1.132412
2023-05-15T00:00:00Z,0.0,18.0,66.0,30.515324,1.1110535
2023-05-15T00:00:00Z,0.0,18.0,68.0,30.454641,1.0442219
2023-05-15T00:00:00Z,0.0,18.0,70.0,30.33623,0.9555607
2023-05-15T00:00:00Z,0.0,18.0,72.0,30.268158,0.8928089
2023-05-15T00:00:00Z,0.0,18.0,74.0,NaN,NaN
2023-05-15T00:00:00Z,0.0,18.0,76.0,NaN,NaN
2023-05-15T00:00:00Z,0.0,20.0,56.0,NaN,NaN
2023-05-15T00:00:00Z,0.0,20.0,58.0,29.61815,1.059412
2023-05-15T00:00:00Z,0.0,20.0,60.0,29.760178,1.0867119
2023-05-15T00:00:00Z,0.0,20.0,62.0,30.000948,1.1045513
2023-05-15T00:00:00Z,0.0,20.0,64.0,30.167566,1.1156712
2023-05-15T00:00:00Z,0.0,20.0,66.0,30.20294,1.0873547
2023-05-15T00:00:00Z,0.0,20.0,68.0,30.084888,0.9978657
2023-05-15T00:00:00Z,0.0,20.0,70.0,29.906528,0.88531685
2023-05-15T00:00:00Z,0.0,20.0,72.0,29.832035,0.80147743
2023-05-15T00:00:00Z,0.0,20.0,74.0,NaN,NaN
2023-05-15T00:00:00Z,0.0,20.0,76.0,NaN,NaN
2023-05-15T00:00:00Z,0.0,22.0,56.0,NaN,NaN
2023-05-15T00:00:00Z,0.0,22.0,58.0,NaN,NaN
2023-05-15T00:00:00Z,0.0,22.0,60.0,29.754612,1.0540009
2023-05-15T00:00:00Z,0.0,22.0,62.0,29.817019,1.0529537
2023-05-15T00:00:00Z,0.0,22.0,64.0,29.833302,1.0386353
2023-05-15T00:00:00Z,0.0,22.0,66.0,29.78288,0.9935055
2023-05-15T00:00:00Z,0.0,22.0,68.0,29.655376,0.9100323
2023-05-15T00:00:00Z,0.0,22.0,70.0,29.571918,0.82071114
2023-05-15T00:00:00Z,0.0,22.0,72.0,NaN,NaN
2023-05-15T00:00:00Z,0.0,22.0,74.0,NaN,NaN
2023-05-15T00:00:00Z,0.0,22.0,76.0,NaN,NaN
2023-05-15T00:00:00Z,0.0,24.0,56.0,NaN,NaN
2023-05-15T00:00:00Z,0.0,24.0,58.0,NaN,NaN
2023-05-15T00:00:00Z,0.0,24.0,60.0,29.91448,0.9833412
2023-05-15T00:00:00Z,0.0,24.0,62.0,29.740225,0.9744396
2023-05-15T00:00:00Z,0.0,24.0,64.0,29.494427,0.92177963
2023-05-15T00:00:00Z,0.0,24.0,66.0,29.354925,0.872015
2023-05-15T00:00:00Z,0.0,24.0,68.0,29.331608,0.833025
2023-05-15T00:00:00Z,0.0,24.0,70.0,NaN,NaN
2023-05-15T00:00:00Z,0.0,24.0,72.0,NaN,NaN
2023-05-15T00:00:00Z,0.0,24.0,74.0,NaN,NaN
2023-05-15T00:00:00Z,0.0,24.0,76.0,NaN,NaN
2023-05-15T00:00:00Z,0.0,26.0,56.0,29.275864,0.88970184
2023-05-15T00:00:00Z,0.0,26.0,58.0,29.900795,0.9372139
2023-05-15T00:00:00Z,0.0,26.0,60.0,30.009356,0.92572784
2023-05-15T00:00:00Z,0.0,26.0,62.0,NaN,NaN
2023-05-15T00:00:00Z,0.0,26.0,64.0,29.215744,0.82546425
2023-05-15T00:00:00Z,0.0,26.0,66.0,29.105282,0.7940407
2023-05-15T00:00:00Z,0.0,26.0,68.0,NaN,NaN
2023-05-15T00:00:00Z,0.0,26.0,70.0,NaN,NaN
2023-05-15T00:00:00Z,0.0,26.0,72.0,NaN,NaN
2023-05-15T00:00:00Z,0.0,26.0,74.0,NaN,NaN
2023-05-15T00:00:00Z,0.0,26.0,76.0,NaN,NaN
2023-06-15T00:00:00Z,0.0,8.0,56.0,28.550123,0.5369148
2023-06-15T00:00:00Z,0.0,8.0,58.0,29.079922,0.61125565
2023-06-15T00:00:00Z,0.0,8.0,60.0,29.44264,0.6510372
2023-06-15T00:00:00Z,0.0,8.0,62.0,29.64933,0.6540375
2023-06-15T00:00:00Z,0.0,8.0,64.0,29.755264,0.6381798
2023-06-15T00:00:00Z,0.0,8.0,66.0,29.80764,0.63009644
2023-06-15T00:00:00Z,0.0,8.0,68.0,29.821136,0.6233444
2023-06-15T00:00:00Z,0.0,8.0,70.0,29.79224,0.60378265
2023-06-15T00:00:00Z,0.0,8.0,72.0,29.699007,0.5806942
2023-06-15T00:00:00Z,0.0,8.0,74.0,29.448606,0.5247326
2023-06-15T00:00:00Z,0.0,8.0,76.0,29.074411,0.4691677
2023-06-15T00:00:00Z,0.0,10.0,56.0,28.442297,0.61063194
2023-06-15T00:00:00Z,0.0,10.0,58.0,28.966297,0.6754856
2023-06-15T00:00:00Z,0.0,10.0,60.0,29.323885,0.7203655
2023-06-15T00:00:00Z,0.0,10.0,62.0,29.550257,0.72190285
2023-06-15T00:00:00Z,0.0,10.0,64.0,29.718145,0.71772957
2023-06-15T00:00:00Z,0.0,10.0,66.0,29.832167,0.7212086
2023-06-15T00:00:00Z,0.0,10.0,68.0,29.903456,0.7334957
2023-06-15T00:00:00Z,0.0,10.0,70.0,29.916075,0.7321148
2023-06-15T00:00:00Z,0.0,10.0,72.0,29.817719,0.7024689
2023-06-15T00:00:00Z,0.0,10.0,74.0,29.56023,0.63645935
2023-06-15T00:00:00Z,0.0,10.0,76.0,29.255432,0.57556534
2023-06-15T00:00:00Z,0.0,12.0,56.0,28.672197,0.7134037
2023-06-15T00:00:00Z,0.0,12.0,58.0,28.990677,0.74821854
2023-06-15T00:00:00Z,0.0,12.0,60.0,29.255713,0.7766495
2023-06-15T00:00:00Z,0.0,12.0,62.0,29.48547,0.769783
2023-06-15T00:00:00Z,0.0,12.0,64.0,29.710737,0.77319527
2023-06-15T00:00:00Z,0.0,12.0,66.0,29.891733,0.79800224
2023-06-15T00:00:00Z,0.0,12.0,68.0,30.01814,0.8367233
2023-06-15T00:00:00Z,0.0,12.0,70.0,30.053394,0.8407898
2023-06-15T00:00:00Z,0.0,12.0,72.0,29.98972,0.8203659
2023-06-15T00:00:00Z,0.0,12.0,74.0,29.78879,0.761631
2023-06-15T00:00:00Z,0.0,12.0,76.0,29.555712,0.69922066
2023-06-15T00:00:00Z,0.0,14.0,56.0,29.033224,0.8390789
2023-06-15T00:00:00Z,0.0,14.0,58.0,29.115452,0.85243034
2023-06-15T00:00:00Z,0.0,14.0,60.0,29.29119,0.8481045
2023-06-15T00:00:00Z,0.0,14.0,62.0,29.548746,0.83532524
2023-06-15T00:00:00Z,0.0,14.0,64.0,29.817265,0.840786
2023-06-15T00:00:00Z,0.0,14.0,66.0,30.020945,0.87254906
2023-06-15T00:00:00Z,0.0,14.0,68.0,30.147934,0.915287
2023-06-15T00:00:00Z,0.0,14.0,70.0,30.190117,0.9236374
2023-06-15T00:00:00Z,0.0,14.0,72.0,30.165152,0.9037571
2023-06-15T00:00:00Z,0.0,14.0,74.0,30.085323,0.87872696
2023-06-15T00:00:00Z,0.0,14.0,76.0,NaN,NaN
2023-06-15T00:00:00Z,0.0,16.0,56.0,29.077396,0.9302788
2023-06-15T00:00:00Z,0.0,16.0,58.0,29.105341,0.94771385
2023-06-15T00:00:00Z,0.0,16.0,60.0,29.349405,0.9311333
2023-06-15T00:00:00Z,0.0,16.0,62.0,29.709793,0.9188328
2023-06-15T00:00:00Z,0.0,16.0,64.0,30.023844,0.9256344
2023-06-15T00:00:00Z,0.0,16.0,66.0,30.207628,0.94358635
2023-06-15T00:00:00Z,0.0,16.0,68.0,30.286354,0.9611683
2023-06-15T00:00:00Z,0.0,16.0,70.0,30.302406,0.95174026
2023-06-15T00:00:00Z,0.0,16.0,72.0,30.298857,0.92910767
2023-06-15T00:00:00Z,0.0,16.0,74.0,30.29625,0.94119453
2023-06-15T00:00:00Z,0.0,16.0,76.0,NaN,NaN
2023-06-15T00:00:00Z,0.0,18.0,56.0,28.853853,0.97704697
2023-06-15T00:00:00Z,0.0,18.0,58.0,28.891735,0.99572754
2023-06-15T00:00:00Z,0.0,18.0,60.0,29.282412,0.9858074
2023-06-15T00:00:00Z,0.0,18.0,62.0,29.789772,0.98137665
2023-06-15T00:00:00Z,0.0,18.0,64.0,30.177711,0.9887543
2023-06-15T00:00:00Z,0.0,18.0,66.0,30.376812,0.9961052
2023-06-15T00:00:00Z,0.0,18.0,68.0,30.404823,0.97299004
2023-06-15T00:00:00Z,0.0,18.0,70.0,30.35874,0.9206772
2023-06-15T00:00:00Z,0.0,18.0,72.0,30.324923,0.8724022
2023-06-15T00:00:00Z,0.0,18.0,74.0,NaN,NaN
2023-06-15T00:00:00Z,0.0,18.0,76.0,NaN,NaN
2023-06-15T00:00:00Z,0.0,20.0,56.0,NaN,NaN
2023-06-15T00:00:00Z,0.0,20.0,58.0,28.897818,1.0189209
2023-06-15T00:00:00Z,0.0,20.0,60.0,29.309715,1.0042152
2023-06-15T00:00:00Z,0.0,20.0,62.0,29.810371,0.9879341
2023-06-15T00:00:00Z,0.0,20.0,64.0,30.210705,0.99403954
2023-06-15T00:00:00Z,0.0,20.0,66.0,30.4353,0.9921131
2023-06-15T00:00:00Z,0.0,20.0,68.0,30.436207,0.94745445
2023-06-15T00:00:00Z,0.0,20.0,70.0,30.333086,0.864439
2023-06-15T00:00:00Z,0.0,20.0,72.0,30.259533,0.7878094
2023-06-15T00:00:00Z,0.0,20.0,74.0,NaN,NaN
2023-06-15T00:00:00Z,0.0,20.0,76.0,NaN,NaN
2023-06-15T00:00:00Z,0.0,22.0,56.0,NaN,NaN
2023-06-15T00:00:00Z,0.0,22.0,58.0,NaN,NaN
2023-06-15T00:00:00Z,0.0,22.0,60.0,29.964855,1.0163956
2023-06-15T00:00:00Z,0.0,22.0,62.0,30.111906,0.98269844
2023-06-15T00:00:00Z,0.0,22.0,64.0,30.255259,0.9467182
2023-06-15T00:00:00Z,0.0,22.0,66.0,30.380928,0.9300308
2023-06-15T00:00:00Z,0.0,22.0,68.0,30.354492,0.8866863
2023-06-15T00:00:00Z,0.0,22.0,70.0,30.264013,0.81513214
2023-06-15T00:00:00Z,0.0,22.0,72.0,NaN,NaN
2023-06-15T00:00:00Z,0.0,22.0,74.0,NaN,NaN
2023-06-15T00:00:00Z,0.0,22.0,76.0,NaN,NaN
2023-06-15T00:00:00Z,0.0,24.0,56.0,NaN,NaN
2023-06-15T00:00:00Z,0.0,24.0,58.0,NaN,NaN
2023-06-15T00:00:00Z,0.0,24.0,60.0,31.063442,1.0508614
2023-06-15T00:00:00Z,0.0,24.0,62.0,30.61347,0.96546364
2023-06-15T00:00:00Z,0.0,24.0,64.0,30.29828,0.867712
2023-06-15T00:00:00Z,0.0,24.0,66.0,30.25055,0.83537674
2023-06-15T00:00:00Z,0.0,24.0,68.0,30.23831,0.8234768
2023-06-15T00:00:00Z,0.0,24.0,70.0,NaN,NaN
2023-06-15T00:00:00Z,0.0,24.0,72.0,NaN,NaN
2023-06-15T00:00:00Z,0.0,24.0,74.0,NaN,NaN
2023-06-15T00:00:00Z,0.0,24.0,76.0,NaN,NaN
2023-06-15T00:00:00Z,0.0,26.0,56.0,32.01217,1.1815834
2023-06-15T00:00:00Z,0.0,26.0,58.0,32.184834,1.1635818
2023-06-15T00:00:00Z,0.0,26.0,60.0,31.796614,1.0786171
2023-06-15T00:00:00Z,0.0,26.0,62.0,NaN,NaN
2023-06-15T00:00:00Z,0.0,26.0,64.0,30.235275,0.7973232
2023-06-15T00:00:00Z,0.0,26.0,66.0,30.159332,0.7771549
2023-06-15T00:00:00Z,0.0,26.0,68.0,NaN,NaN
2023-06-15T00:00:00Z,0.0,26.0,70.0,NaN,NaN
2023-06-15T00:00:00Z,0.0,26.0,72.0,NaN,NaN
2023-06-15T00:00:00Z,0.0,26.0,74.0,NaN,NaN
2023-06-15T00:00:00Z,0.0,26.0,76.0,NaN,NaN
2023-07-15T00:00:00Z,0.0,8.0,56.0,26.571434,0.11847496
2023-07-15T00:00:00Z,0.0,8.0,58.0,27.360327,0.27174187
2023-07-15T00:00:00Z,0.0,8.0,60.0,28.063728,0.40447617
2023-07-15T00:00:00Z,0.0,8.0,62.0,28.594744,0.5023689
2023-07-15T00:00:00Z,0.0,8.0,64.0,28.962742,0.5791378
2023-07-15T00:00:00Z,0.0,8.0,66.0,29.184343,0.6440525
2023-07-15T00:00:00Z,0.0,8.0,68.0,29.26717,0.6762543
2023-07-15T00:00:00Z,0.0,8.0,70.0,29.233301,0.66098976
2023-07-15T00:00:00Z,0.0,8.0,72.0,29.086449,0.6259289
2023-07-15T00:00:00Z,0.0,8.0,74.0,28.751432,0.5587673
2023-07-15T00:00:00Z,0.0,8.0,76.0,28.325922,0.51091576
2023-07-15T00:00:00Z,0.0,10.0,56.0,26.109108,0.044193268
2023-07-15T00:00:00Z,0.0,10.0,58.0,26.887169,0.19085693
2023-07-15T00:00:00Z,0.0,10.0,60.0,27.541454,0.3203907
2023-07-15T00:00:00Z,0.0,10.0,62.0,28.07311,0.41521454
2023-07-15T00:00:00Z,0.0,10.0,64.0,28.522348,0.50678444
2023-07-15T00:00:00Z,0.0,10.0,66.0,28.8374,0.5854206
2023-07-15T00:00:00Z,0.0,10.0,68.0,29.011372,0.637558
2023-07-15T00:00:00Z,0.0,10.0,70.0,29.039959,0.6418762
2023-07-15T00:00:00Z,0.0,10.0,72.0,28.8853,0.6005478
2023-07-15T00:00:00Z,0.0,10.0,74.0,28.539267,0.5300369
2023-07-15T00:00:00Z,0.0,10.0,76.0,28.18751,0.48064995
2023-07-15T00:00:00Z,0.0,12.0,56.0,25.981142,0.048246384
2023-07-15T00:00:00Z,0.0,12.0,58.0,26.522987,0.14811325
2023-07-15T00:00:00Z,0.0,12.0,60.0,27.058628,0.25429535
2023-07-15T00:00:00Z,0.0,12.0,62.0,27.593775,0.34085846
2023-07-15T00:00:00Z,0.0,12.0,64.0,28.11821,0.43735504
2023-07-15T00:00:00Z,0.0,12.0,66.0,28.529968,0.5337181
2023-07-15T00:00:00Z,0.0,12.0,68.0,28.795868,0.606411
2023-07-15T00:00:00Z,0.0,12.0,70.0,28.88531,0.6148319
2023-07-15T00:00:00Z,0.0,12.0,72.0,28.809092,0.5926533
2023-07-15T00:00:00Z,0.0,12.0,74.0,28.557926,0.5401001
2023-07-15T00:00:00Z,0.0,12.0,76.0,28.295767,0.49310875
2023-07-15T00:00:00Z,0.0,14.0,56.0,26.078241,0.14105606
2023-07-15T00:00:00Z,0.0,14.0,58.0,26.339981,0.18837738
2023-07-15T00:00:00Z,0.0,14.0,60.0,26.763935,0.24847794
2023-07-15T00:00:00Z,0.0,14.0,62.0,27.32811,0.32427597
2023-07-15T00:00:00Z,0.0,14.0,64.0,27.907114,0.41471863
2023-07-15T00:00:00Z,0.0,14.0,66.0,28.363127,0.5052109
2023-07-15T00:00:00Z,0.0,14.0,68.0,28.666573,0.5779705
2023-07-15T00:00:00Z,0.0,14.0,70.0,28.814348,0.60009766
2023-07-15T00:00:00Z,0.0,14.0,72.0,28.837019,0.5924587
2023-07-15T00:00:00Z,0.0,14.0,74.0,28.757912,0.5783787
2023-07-15T00:00:00Z,0.0,14.0,76.0,NaN,NaN
2023-07-15T00:00:00Z,0.0,16.0,56.0,26.031153,0.2558956
2023-07-15T00:00:00Z,0.0,16.0,58.0,26.23404,0.29308128
2023-07-15T00:00:00Z,0.0,16.0,60.0,26.713066,0.32910728
2023-07-15T00:00:00Z,0.0,16.0,62.0,27.355516,0.38149452
2023-07-15T00:00:00Z,0.0,16.0,64.0,27.97109,0.45117378
2023-07-15T00:00:00Z,0.0,16.0,66.0,28.419777,0.5127754
2023-07-15T00:00:00Z,0.0,16.0,68.0,28.707745,0.5679531
2023-07-15T00:00:00Z,0.0,16.0,70.0,28.881765,0.59887123
2023-07-15T00:00:00Z,0.0,16.0,72.0,28.96365,0.60310173
2023-07-15T00:00:00Z,0.0,16.0,74.0,28.96576,0.6177769
2023-07-15T00:00:00Z,0.0,16.0,76.0,NaN,NaN
2023-07-15T00:00:00Z,0.0,18.0,56.0,25.899464,0.35744667
2023-07-15T00:00:00Z,0.0,18.0,58.0,26.140627,0.42941093
2023-07-15T00:00:00Z,0.0,18.0,60.0,26.766272,0.4690647
2023-07-15T00:00:00Z,0.0,18.0,62.0,27.530008,0.49865532
2023-07-15T00:00:00Z,0.0,18.0,64.0,28.204073,0.533865
2023-07-15T00:00:00Z,0.0,18.0,66.0,28.685167,0.5758114
2023-07-15T00:00:00Z,0.0,18.0,68.0,28.954596,0.61276054
2023-07-15T00:00:00Z,0.0,18.0,70.0,29.111769,0.6383114
2023-07-15T00:00:00Z,0.0,18.0,72.0,29.192225,0.62975883
2023-07-15T00:00:00Z,0.0,18.0,74.0,NaN,NaN
2023-07-15T00:00:00Z,0.0,18.0,76.0,NaN,NaN
2023-07-15T00:00:00Z,0.0,20.0,56.0,NaN,NaN
2023-07-15T00:00:00Z,0.0,20.0,58.0,26.398449,0.55744743
2023-07-15T00:00:00Z,0.0,20.0,60.0,27.090958,0.6276951
2023-07-15T00:00:00Z,0.0,20.0,62.0,27.842463,0.649004
2023-07-15T00:00:00Z,0.0,20.0,64.0,28.504953,0.6473675
2023-07-15T00:00:00Z,0.0,20.0,66.0,29.03763,0.6732559
2023-07-15T00:00:00Z,0.0,20.0,68.0,29.301308,0.7048912
2023-07-15T00:00:00Z,0.0,20.0,70.0,29.382385,0.70379066
2023-07-15T00:00:00Z,0.0,20.0,72.0,29.38376,0.6682987
2023-07-15T00:00:00Z,0.0,20.0,74.0,NaN,NaN
2023-07-15T00:00:00Z,0.0,20.0,76.0,NaN,NaN
2023-07-15T00:00:00Z,0.0,22.0,56.0,NaN,NaN
2023-07-15T00:00:00Z,0.0,22.0,58.0,NaN,NaN
2023-07-15T00:00:00Z,0.0,22.0,60.0,28.380033,0.8356247
2023-07-15T00:00:00Z,0.0,22.0,62.0,28.617697,0.8150101
2023-07-15T00:00:00Z,0.0,22.0,64.0,28.949036,0.7589741
2023-07-15T00:00:00Z,0.0,22.0,66.0,29.371199,0.7618656
2023-07-15T00:00:00Z,0.0,22.0,68.0,29.565002,0.77568436
2023-07-15T00:00:00Z,0.0,22.0,70.0,29.550137,0.75183296
2023-07-15T00:00:00Z,0.0,22.0,72.0,NaN,NaN
2023-07-15T00:00:00Z,0.0,22.0,74.0,NaN,NaN
2023-07-15T00:00:00Z,0.0,22.0,76.0,NaN,NaN
2023-07-15T00:00:00Z,0.0,24.0,56.0,NaN,NaN
2023-07-15T00:00:00Z,0.0,24.0,58.0,NaN,NaN
2023-07-15T00:00:00Z,0.0,24.0,60.0,30.433426,1.1343212
2023-07-15T00:00:00Z,0.0,24.0,62.0,29.69267,0.9499836
2023-07-15T00:00:00Z,0.0,24.0,64.0,29.406614,0.8072262
2023-07-15T00:00:00Z,0.0,24.0,66.0,29.586891,0.7875519
2023-07-15T00:00:00Z,0.0,24.0,68.0,29.672228,0.79501534
2023-07-15T00:00:00Z,0.0,24.0,70.0,NaN,NaN
2023-07-15T00:00:00Z,0.0,24.0,72.0,NaN,NaN
2023-07-15T00:00:00Z,0.0,24.0,74.0,NaN,NaN
2023-07-15T00:00:00Z,0.0,24.0,76.0,NaN,NaN
2023-07-15T00:00:00Z,0.0,26.0,56.0,33.714924,1.910759
2023-07-15T00:00:00Z,0.0,26.0,58.0,32.99532,1.6208496
2023-07-15T00:00:00Z,0.0,26.0,60.0,31.874811,1.3453674
2023-07-15T00:00:00Z,0.0,26.0,62.0,NaN,NaN
2023-07-15T00:00:00Z,0.0,26.0,64.0,29.62305,0.8004494
2023-07-15T00:00:00Z,0.0,26.0,66.0,29.671534,0.7885246
2023-07-15T00:00:00Z,0.0,26.0,68.0,NaN,NaN
2023-07-15T00:00:00Z,0.0,26.0,70.0,NaN,NaN
2023-07-15T00:00:00Z,0.0,26.0,72.0,NaN,NaN
2023-07-15T00:00:00Z,0.0,26.0,74.0,NaN,NaN
2023-07-15T00:00:00Z,0.0,26.0,76.0,NaN,NaN
2023-08-15T00:00:00Z,0.0,8.0,56.0,26.465881,0.66202736
2023-08-15T00:00:00Z,0.0,8.0,58.0,27.190624,0.7390404
2023-08-15T00:00:00Z,0.0,8.0,60.0,27.942236,0.8247967
2023-08-15T00:00:00Z,0.0,8.0,62.0,28.573685,0.9038086
2023-08-15T00:00:00Z,0.0,8.0,64.0,29.028517,0.97174454
2023-08-15T00:00:00Z,0.0,8.0,66.0,29.291454,1.0210361
2023-08-15T00:00:00Z,0.0,8.0,68.0,29.372524,1.0361271
2023-08-15T00:00:00Z,0.0,8.0,70.0,29.324005,1.0182972
2023-08-15T00:00:00Z,0.0,8.0,72.0,29.153002,0.9848347
2023-08-15T00:00:00Z,0.0,8.0,74.0,28.785824,0.9147816
2023-08-15T00:00:00Z,0.0,8.0,76.0,28.34464,0.8539467
2023-08-15T00:00:00Z,0.0,10.0,56.0,25.924854,0.56464577
2023-08-15T00:00:00Z,0.0,10.0,58.0,26.59345,0.61234474
2023-08-15T00:00:00Z,0.0,10.0,60.0,27.234167,0.67339706
2023-08-15T00:00:00Z,0.0,10.0,62.0,27.817947,0.7294693
2023-08-15T00:00:00Z,0.0,10.0,64.0,28.336363,0.79571724
2023-08-15T00:00:00Z,0.0,10.0,66.0,28.70265,0.8549633
2023-08-15T00:00:00Z,0.0,10.0,68.0,28.907549,0.8996315
2023-08-15T00:00:00Z,0.0,10.0,70.0,28.9561,0.9105797
2023-08-15T00:00:00Z,0.0,10.0,72.0,28.814291,0.89162445
2023-08-15T00:00:00Z,0.0,10.0,74.0,28.462645,0.8412266
2023-08-15T00:00:00Z,0.0,10.0,76.0,28.10778,0.79969025
2023-08-15T00:00:00Z,0.0,12.0,56.0,25.614304,0.5386791
2023-08-15T00:00:00Z,0.0,12.0,58.0,26.075773,0.5419407
2023-08-15T00:00:00Z,0.0,12.0,60.0,26.564816,0.5575657
2023-08-15T00:00:00Z,0.0,12.0,62.0,27.094418,0.57045937
2023-08-15T00:00:00Z,0.0,12.0,64.0,27.643991,0.60568047
2023-08-15T00:00:00Z,0.0,12.0,66.0,28.093786,0.6561413
2023-08-15T00:00:00Z,0.0,12.0,68.0,28.417564,0.71648216
2023-08-15T00:00:00Z,0.0,12.0,70.0,28.58164,0.75403786
2023-08-15T00:00:00Z,0.0,12.0,72.0,28.558487,0.7775097
2023-08-15T00:00:00Z,0.0,12.0,74.0,28.33783,0.7732754
2023-08-15T00:00:00Z,0.0,12.0,76.0,28.101473,0.75715065
2023-08-15T00:00:00Z,0.0,14.0,56.0,25.483757,0.5869026
2023-08-15T00:00:00Z,0.0,14.0,58.0,25.728638,0.55226135
2023-08-15T00:00:00Z,0.0,14.0,60.0,26.088476,0.50572586
2023-08-15T00:00:00Z,0.0,14.0,62.0,26.586536,0.46888924
2023-08-15T00:00:00Z,0.0,14.0,64.0,27.137947,0.45525932
2023-08-15T00:00:00Z,0.0,14.0,66.0,27.61862,0.46876717
2023-08-15T00:00:00Z,0.0,14.0,68.0,28.00123,0.5148144
2023-08-15T00:00:00Z,0.0,14.0,70.0,28.260221,0.57136726
2023-08-15T00:00:00Z,0.0,14.0,72.0,28.382092,0.63915634
2023-08-15T00:00:00Z,0.0,14.0,74.0,28.35402,0.6854439
2023-08-15T00:00:00Z,0.0,14.0,76.0,NaN,NaN
2023-08-15T00:00:00Z,0.0,16.0,56.0,25.292088,0.6448231
2023-08-15T00:00:00Z,0.0,16.0,58.0,25.502773,0.6033344
2023-08-15T00:00:00Z,0.0,16.0,60.0,25.88872,0.5217171
2023-08-15T00:00:00Z,0.0,16.0,62.0,26.407484,0.4342327
2023-08-15T00:00:00Z,0.0,16.0,64.0,26.946028,0.36317253
2023-08-15T00:00:00Z,0.0,16.0,66.0,27.406372,0.32143402
2023-08-15T00:00:00Z,0.0,16.0,68.0,27.78016,0.33468056
2023-08-15T00:00:00Z,0.0,16.0,70.0,28.081886,0.39863586
2023-08-15T00:00:00Z,0.0,16.0,72.0,28.287252,0.48851013
2023-08-15T00:00:00Z,0.0,16.0,74.0,28.375662,0.5817566
2023-08-15T00:00:00Z,0.0,16.0,76.0,NaN,NaN
2023-08-15T00:00:00Z,0.0,18.0,56.0,25.127748,0.67806244
2023-08-15T00:00:00Z,0.0,18.0,58.0,25.350836,0.66518974
2023-08-15T00:00:00Z,0.0,18.0,60.0,25.861227,0.5839348
2023-08-15T00:00:00Z,0.0,18.0,62.0,26.470741,0.46253204
2023-08-15T00:00:00Z,0.0,18.0,64.0,27.037233,0.33746147
2023-08-15T00:00:00Z,0.0,18.0,66.0,27.501804,0.2527809
2023-08-15T00:00:00Z,0.0,18.0,68.0,27.83653,0.23730087
2023-08-15T00:00:00Z,0.0,18.0,70.0,28.105064,0.2859192
2023-08-15T00:00:00Z,0.0,18.0,72.0,28.291367,0.34049797
2023-08-15T00:00:00Z,0.0,18.0,74.0,NaN,NaN
2023-08-15T00:00:00Z,0.0,18.0,76.0,NaN,NaN
2023-08-15T00:00:00Z,0.0,20.0,56.0,NaN,NaN
2023-08-15T00:00:00Z,0.0,20.0,58.0,25.548883,0.6947632
2023-08-15T00:00:00Z,0.0,20.0,60.0,26.140482,0.65859795
2023-08-15T00:00:00Z,0.0,20.0,62.0,26.75343,0.5453243
2023-08-15T00:00:00Z,0.0,20.0,64.0,27.304747,0.384058
2023-08-15T00:00:00Z,0.0,20.0,66.0,27.800327,0.2776184
2023-08-15T00:00:00Z,0.0,20.0,68.0,28.08834,0.2454853
2023-08-15T00:00:00Z,0.0,20.0,70.0,28.243406,0.25240517
2023-08-15T00:00:00Z,0.0,20.0,72.0,28.320173,0.25181198
2023-08-15T00:00:00Z,0.0,20.0,74.0,NaN,NaN
2023-08-15T00:00:00Z,0.0,20.0,76.0,NaN,NaN
2023-08-15T00:00:00Z,0.0,22.0,56.0,NaN,NaN
2023-08-15T00:00:00Z,0.0,22.0,58.0,NaN,NaN
2023-08-15T00:00:00Z,0.0,22.0,60.0,27.36338,0.769495
2023-08-15T00:00:00Z,0.0,22.0,62.0,27.48584,0.6539631
2023-08-15T00:00:00Z,0.0,22.0,64.0,27.727608,0.46419144
2023-08-15T00:00:00Z,0.0,22.0,66.0,28.122465,0.34981918
2023-08-15T00:00:00Z,0.0,22.0,68.0,28.319914,0.30028915
2023-08-15T00:00:00Z,0.0,22.0,70.0,28.34285,0.26696014
2023-08-15T00:00:00Z,0.0,22.0,72.0,NaN,NaN
2023-08-15T00:00:00Z,0.0,22.0,74.0,NaN,NaN
2023-08-15T00:00:00Z,0.0,22.0,76.0,NaN,NaN
2023-08-15T00:00:00Z,0.0,24.0,56.0,NaN,NaN
2023-08-15T00:00:00Z,0.0,24.0,58.0,NaN,NaN
2023-08-15T00:00:00Z,0.0,24.0,60.0,29.413946,1.0094299
2023-08-15T00:00:00Z,0.0,24.0,62.0,28.51903,0.7522583
2023-08-15T00:00:00Z,0.0,24.0,64.0,28.139313,0.4867878
2023-08-15T00:00:00Z,0.0,24.0,66.0,28.329044,0.38775444
2023-08-15T00:00:00Z,0.0,24.0,68.0,28.424229,0.347147
2023-08-15T00:00:00Z,0.0,24.0,70.0,NaN,NaN
2023-08-15T00:00:00Z,0.0,24.0,72.0,NaN,NaN
2023-08-15T00:00:00Z,0.0,24.0,74.0,NaN,NaN
2023-08-15T00:00:00Z,0.0,24.0,76.0,NaN,NaN
2023-08-15T00:00:00Z,0.0,26.0,56.0,33.764317,1.7975674
2023-08-15T00:00:00Z,0.0,26.0,58.0,32.44565,1.5064392
2023-08-15T00:00:00Z,0.0,26.0,60.0,30.95732,1.2228546
2023-08-15T00:00:00Z,0.0,26.0,62.0,NaN,NaN
2023-08-15T00:00:00Z,0.0,26.0,64.0,28.337818,0.45697975
2023-08-15T00:00:00Z,0.0,26.0,66.0,28.404665,0.40608406
2023-08-15T00:00:00Z,0.0,26.0,68.0,NaN,NaN
2023-08-15T00:00:00Z,0.0,26.0,70.0,NaN,NaN
2023-08-15T00:00:00Z,0.0,26.0,72.0,NaN,NaN
2023-08-15T00:00:00Z,0.0,26.0,74.0,NaN,NaN
2023-08-15T00:00:00Z,0.0,26.0,76.0,NaN,NaN
2023-09-15T00:00:00Z,0.0,8.0,56.0,27.15354,0.8694973
2023-09-15T00:00:00Z,0.0,8.0,58.0,27.746464,0.88954544
2023-09-15T00:00:00Z,0.0,8.0,60.0,28.365818,0.92827606
2023-09-15T00:00:00Z,0.0,8.0,62.0,28.89298,0.99129486
2023-09-15T00:00:00Z,0.0,8.0,64.0,29.266562,1.0561466
2023-09-15T00:00:00Z,0.0,8.0,66.0,29.471323,1.0955563
2023-09-15T00:00:00Z,0.0,8.0,68.0,29.503828,1.0801029
2023-09-15T00:00:00Z,0.0,8.0,70.0,29.413822,1.0135727
2023-09-15T00:00:00Z,0.0,8.0,72.0,29.258738,0.9569874
2023-09-15T00:00:00Z,0.0,8.0,74.0,28.981644,0.90462494
2023-09-15T00:00:00Z,0.0,8.0,76.0,28.636063,0.85251427
2023-09-15T00:00:00Z,0.0,10.0,56.0,26.827158,0.8883877
2023-09-15T00:00:00Z,0.0,10.0,58.0,27.361052,0.891737
2023-09-15T00:00:00Z,0.0,10.0,60.0,27.886276,0.9171734
2023-09-15T00:00:00Z,0.0,10.0,62.0,28.376366,0.9644909
2023-09-15T00:00:00Z,0.0,10.0,64.0,28.81122,1.0337219
2023-09-15T00:00:00Z,0.0,10.0,66.0,29.116253,1.0929852
2023-09-15T00:00:00Z,0.0,10.0,68.0,29.26123,1.1065445
2023-09-15T00:00:00Z,0.0,10.0,70.0,29.25357,1.0572777
2023-09-15T00:00:00Z,0.0,10.0,72.0,29.11878,1.0005302
2023-09-15T00:00:00Z,0.0,10.0,74.0,28.832159,0.9411812
2023-09-15T00:00:00Z,0.0,10.0,76.0,28.52865,0.88603973
2023-09-15T00:00:00Z,0.0,12.0,56.0,26.673254,0.93798065
2023-09-15T00:00:00Z,0.0,12.0,58.0,27.052185,0.92759895
2023-09-15T00:00:00Z,0.0,12.0,60.0,27.469696,0.93792725
2023-09-15T00:00:00Z,0.0,12.0,62.0,27.91677,0.9559612
2023-09-15T00:00:00Z,0.0,12.0,64.0,28.378716,1.0061531
2023-09-15T00:00:00Z,0.0,12.0,66.0,28.76607,1.0737572
2023-09-15T00:00:00Z,0.0,12.0,68.0,29.03123,1.1146069
2023-09-15T00:00:00Z,0.0,12.0,70.0,29.136333,1.0985413
2023-09-15T00:00:00Z,0.0,12.0,72.0,29.06982,1.0582771
2023-09-15T00:00:00Z,0.0,12.0,74.0,28.842224,1.0037994
2023-09-15T00:00:00Z,0.0,12.0,76.0,28.614151,0.9505596
2023-09-15T00:00:00Z,0.0,14.0,56.0,26.635582,1.0022469
2023-09-15T00:00:00Z,0.0,14.0,58.0,26.85722,0.9824486
2023-09-15T00:00:00Z,0.0,14.0,60.0,27.182375,0.96193886
2023-09-15T00:00:00Z,0.0,14.0,62.0,27.619617,0.96562004
2023-09-15T00:00:00Z,0.0,14.0,64.0,28.097399,1.001421
2023-09-15T00:00:00Z,0.0,14.0,66.0,28.528603,1.0611649
2023-09-15T00:00:00Z,0.0,14.0,68.0,28.87213,1.1107559
2023-09-15T00:00:00Z,0.0,14.0,70.0,29.069874,1.1154785
2023-09-15T00:00:00Z,0.0,14.0,72.0,29.094498,1.093935
2023-09-15T00:00:00Z,0.0,14.0,74.0,28.986849,1.0620899
2023-09-15T00:00:00Z,0.0,14.0,76.0,NaN,NaN
2023-09-15T00:00:00Z,0.0,16.0,56.0,26.528603,1.047512
2023-09-15T00:00:00Z,0.0,16.0,58.0,26.72483,1.0224762
2023-09-15T00:00:00Z,0.0,16.0,60.0,27.087442,0.9935894
2023-09-15T00:00:00Z,0.0,16.0,62.0,27.564339,0.99027634
2023-09-15T00:00:00Z,0.0,16.0,64.0,28.062283,1.0245743
2023-09-15T00:00:00Z,0.0,16.0,66.0,28.503157,1.0723248
2023-09-15T00:00:00Z,0.0,16.0,68.0,28.864887,1.1143665
2023-09-15T00:00:00Z,0.0,16.0,70.0,29.104187,1.1183739
2023-09-15T00:00:00Z,0.0,16.0,72.0,29.178947,1.0918713
2023-09-15T00:00:00Z,0.0,16.0,74.0,29.142086,1.0852623
2023-09-15T00:00:00Z,0.0,16.0,76.0,NaN,NaN
2023-09-15T00:00:00Z,0.0,18.0,56.0,26.431171,1.0817394
2023-09-15T00:00:00Z,0.0,18.0,58.0,26.631956,1.0694714
2023-09-15T00:00:00Z,0.0,18.0,60.0,27.124691,1.0573578
2023-09-15T00:00:00Z,0.0,18.0,62.0,27.719816,1.0652103
2023-09-15T00:00:00Z,0.0,18.0,64.0,28.266088,1.091589
2023-09-15T00:00:00Z,0.0,18.0,66.0,28.713179,1.124054
2023-09-15T00:00:00Z,0.0,18.0,68.0,29.02973,1.1403561
2023-09-15T00:00:00Z,0.0,18.0,70.0,29.232864,1.1185722
2023-09-15T00:00:00Z,0.0,18.0,72.0,29.312567,1.0680523
2023-09-15T00:00:00Z,0.0,18.0,74.0,NaN,NaN
2023-09-15T00:00:00Z,0.0,18.0,76.0,NaN,NaN
2023-09-15T00:00:00Z,0.0,20.0,56.0,NaN,NaN
2023-09-15T00:00:00Z,0.0,20.0,58.0,26.852917,1.1435413
2023-09-15T00:00:00Z,0.0,20.0,60.0,27.423563,1.1774349
2023-09-15T00:00:00Z,0.0,20.0,62.0,28.045258,1.2045078
2023-09-15T00:00:00Z,0.0,20.0,64.0,28.592844,1.2200108
2023-09-15T00:00:00Z,0.0,20.0,66.0,29.029613,1.2260094
2023-09-15T00:00:00Z,0.0,20.0,68.0,29.24705,1.1982765
2023-09-15T00:00:00Z,0.0,20.0,70.0,29.340876,1.1330357
2023-09-15T00:00:00Z,0.0,20.0,72.0,29.376284,1.0572758
2023-09-15T00:00:00Z,0.0,20.0,74.0,NaN,NaN
2023-09-15T00:00:00Z,0.0,20.0,76.0,NaN,NaN
2023-09-15T00:00:00Z,0.0,22.0,56.0,NaN,NaN
2023-09-15T00:00:00Z,0.0,22.0,58.0,NaN,NaN
2023-09-15T00:00:00Z,0.0,22.0,60.0,28.3931,1.3345947
2023-09-15T00:00:00Z,0.0,22.0,62.0,28.617645,1.3615208
2023-09-15T00:00:00Z,0.0,22.0,64.0,28.921797,1.3581314
2023-09-15T00:00:00Z,0.0,22.0,66.0,29.236454,1.3277664
2023-09-15T00:00:00Z,0.0,22.0,68.0,29.34445,1.2645473
2023-09-15T00:00:00Z,0.0,22.0,70.0,29.347595,1.1733551
2023-09-15T00:00:00Z,0.0,22.0,72.0,NaN,NaN
2023-09-15T00:00:00Z,0.0,22.0,74.0,NaN,NaN
2023-09-15T00:00:00Z,0.0,22.0,76.0,NaN,NaN
2023-09-15T00:00:00Z,0.0,24.0,56.0,NaN,NaN
2023-09-15T00:00:00Z,0.0,24.0,58.0,NaN,NaN
2023-09-15T00:00:00Z,0.0,24.0,60.0,29.765032,1.4281502
2023-09-15T00:00:00Z,0.0,24.0,62.0,29.259794,1.4363499
2023-09-15T00:00:00Z,0.0,24.0,64.0,29.111359,1.4149227
2023-09-15T00:00:00Z,0.0,24.0,66.0,29.257023,1.3746338
2023-09-15T00:00:00Z,0.0,24.0,68.0,29.323992,1.3191566
2023-09-15T00:00:00Z,0.0,24.0,70.0,NaN,NaN
2023-09-15T00:00:00Z,0.0,24.0,72.0,NaN,NaN
2023-09-15T00:00:00Z,0.0,24.0,74.0,NaN,NaN
2023-09-15T00:00:00Z,0.0,24.0,76.0,NaN,NaN
2023-09-15T00:00:00Z,0.0,26.0,56.0,32.907684,1.3067703
2023-09-15T00:00:00Z,0.0,26.0,58.0,31.810537,1.3939552
2023-09-15T00:00:00Z,0.0,26.0,60.0,30.721184,1.4262562
2023-09-15T00:00:00Z,0.0,26.0,62.0,NaN,NaN
2023-09-15T00:00:00Z,0.0,26.0,64.0,29.142239,1.4049339
2023-09-15T00:00:00Z,0.0,26.0,66.0,29.20254,1.3914948
2023-09-15T00:00:00Z,0.0,26.0,68.0,NaN,NaN
2023-09-15T00:00:00Z,0.0,26.0,70.0,NaN,NaN
2023-09-15T00:00:00Z,0.0,26.0,72.0,NaN,NaN
2023-09-15T00:00:00Z,0.0,26.0,74.0,NaN,NaN
2023-09-15T00:00:00Z,0.0,26.0,76.0,NaN,NaN
2023-10-15T00:00:00Z,0.0,8.0,56.0,28.505747,1.0911427
2023-10-15T00:00:00Z,0.0,8.0,58.0,28.813255,1.053379
2023-10-15T00:00:00Z,0.0,8.0,60.0,29.1033,1.0007763
2023-10-15T00:00:00Z,0.0,8.0,62.0,29.305174,0.96640205
2023-10-15T00:00:00Z,0.0,8.0,64.0,29.419144,0.95129013
2023-10-15T00:00:00Z,0.0,8.0,66.0,29.488012,0.93749046
2023-10-15T00:00:00Z,0.0,8.0,68.0,29.508228,0.897768
2023-10-15T00:00:00Z,0.0,8.0,70.0,29.47226,0.82654953
2023-10-15T00:00:00Z,0.0,8.0,72.0,29.417038,0.7898693
2023-10-15T00:00:00Z,0.0,8.0,74.0,29.28479,0.77453995
2023-10-15T00:00:00Z,0.0,8.0,76.0,29.080307,0.76091766
2023-10-15T00:00:00Z,0.0,10.0,56.0,28.385244,1.1009083
2023-10-15T00:00:00Z,0.0,10.0,58.0,28.657,1.0736637
2023-10-15T00:00:00Z,0.0,10.0,60.0,28.87775,1.0284157
2023-10-15T00:00:00Z,0.0,10.0,62.0,29.057724,0.9966812
2023-10-15T00:00:00Z,0.0,10.0,64.0,29.214056,0.9845352
2023-10-15T00:00:00Z,0.0,10.0,66.0,29.351803,0.97634506
2023-10-15T00:00:00Z,0.0,10.0,68.0,29.452888,0.9475746
2023-10-15T00:00:00Z,0.0,10.0,70.0,29.498655,0.89348793
2023-10-15T00:00:00Z,0.0,10.0,72.0,29.492905,0.86613274
2023-10-15T00:00:00Z,0.0,10.0,74.0,29.37907,0.8550682
2023-10-15T00:00:00Z,0.0,10.0,76.0,29.198448,0.8344135
2023-10-15T00:00:00Z,0.0,12.0,56.0,28.386408,1.0903873
2023-10-15T00:00:00Z,0.0,12.0,58.0,28.569067,1.0662956
2023-10-15T00:00:00Z,0.0,12.0,60.0,28.69251,1.018301
2023-10-15T00:00:00Z,0.0,12.0,62.0,28.825865,0.9769268
2023-10-15T00:00:00Z,0.0,12.0,64.0,28.998436,0.96012497
2023-10-15T00:00:00Z,0.0,12.0,66.0,29.198065,0.963253
2023-10-15T00:00:00Z,0.0,12.0,68.0,29.394459,0.95981216
2023-10-15T00:00:00Z,0.0,12.0,70.0,29.535213,0.9366703
2023-10-15T00:00:00Z,0.0,12.0,72.0,29.592018,0.9344559
2023-10-15T00:00:00Z,0.0,12.0,74.0,29.516768,0.9324055
2023-10-15T00:00:00Z,0.0,12.0,76.0,29.386719,0.9168186
2023-10-15T00:00:00Z,0.0,14.0,56.0,28.472805,1.0690346
2023-10-15T00:00:00Z,0.0,14.0,58.0,28.543861,1.0326939
2023-10-15T00:00:00Z,0.0,14.0,60.0,28.589981,0.9659157
2023-10-15T00:00:00Z,0.0,14.0,62.0,28.696955,0.9157028
2023-10-15T00:00:00Z,0.0,14.0,64.0,28.870651,0.89888
2023-10-15T00:00:00Z,0.0,14.0,66.0,29.097883,0.9119053
2023-10-15T00:00:00Z,0.0,14.0,68.0,29.35944,0.9358368
2023-10-15T00:00:00Z,0.0,14.0,70.0,29.577768,0.9502468
2023-10-15T00:00:00Z,0.0,14.0,72.0,29.681498,0.96774673
2023-10-15T00:00:00Z,0.0,14.0,74.0,29.662144,0.9800949
2023-10-15T00:00:00Z,0.0,14.0,76.0,NaN,NaN
2023-10-15T00:00:00Z,0.0,16.0,56.0,28.494473,1.0515842
2023-10-15T00:00:00Z,0.0,16.0,58.0,28.500383,0.98371696
2023-10-15T00:00:00Z,0.0,16.0,60.0,28.561039,0.9024544
2023-10-15T00:00:00Z,0.0,16.0,62.0,28.689993,0.8453884
2023-10-15T00:00:00Z,0.0,16.0,64.0,28.860546,0.82829666
2023-10-15T00:00:00Z,0.0,16.0,66.0,29.090048,0.85132027
2023-10-15T00:00:00Z,0.0,16.0,68.0,29.378422,0.8983803
2023-10-15T00:00:00Z,0.0,16.0,70.0,29.634094,0.93930244
2023-10-15T00:00:00Z,0.0,16.0,72.0,29.751255,0.95928
2023-10-15T00:00:00Z,0.0,16.0,74.0,29.761425,0.985239
2023-10-15T00:00:00Z,0.0,16.0,76.0,NaN,NaN
2023-10-15T00:00:00Z,0.0,18.0,56.0,28.412745,1.0492363
2023-10-15T00:00:00Z,0.0,18.0,58.0,28.391512,0.97335243
2023-10-15T00:00:00Z,0.0,18.0,60.0,28.555408,0.9022217
2023-10-15T00:00:00Z,0.0,18.0,62.0,28.788849,0.8560982
2023-10-15T00:00:00Z,0.0,18.0,64.0,28.988312,0.8336868
2023-10-15T00:00:00Z,0.0,18.0,66.0,29.199186,0.840395
2023-10-15T00:00:00Z,0.0,18.0,68.0,29.459232,0.88489723
2023-10-15T00:00:00Z,0.0,18.0,70.0,29.685041,0.92339516
2023-10-15T00:00:00Z,0.0,18.0,72.0,29.774897,0.9223385
2023-10-15T00:00:00Z,0.0,18.0,74.0,NaN,NaN
2023-10-15T00:00:00Z,0.0,18.0,76.0,NaN,NaN
2023-10-15T00:00:00Z,0.0,20.0,56.0,NaN,NaN
2023-10-15T00:00:00Z,0.0,20.0,58.0,28.443218,1.0280037
2023-10-15T00:00:00Z,0.0,20.0,60.0,28.707628,1.0173359
2023-10-15T00:00:00Z,0.0,20.0,62.0,29.022501,1.0055847
2023-10-15T00:00:00Z,0.0,20.0,64.0,29.241323,0.9807606
2023-10-15T00:00:00Z,0.0,20.0,66.0,29.410172,0.95871353
2023-10-15T00:00:00Z,0.0,20.0,68.0,29.548283,0.9511776
2023-10-15T00:00:00Z,0.0,20.0,70.0,29.660501,0.9381542
2023-10-15T00:00:00Z,0.0,20.0,72.0,29.724049,0.90561295
2023-10-15T00:00:00Z,0.0,20.0,74.0,NaN,NaN
2023-10-15T00:00:00Z,0.0,20.0,76.0,NaN,NaN
2023-10-15T00:00:00Z,0.0,22.0,56.0,NaN,NaN
2023-10-15T00:00:00Z,0.0,22.0,58.0,NaN,NaN
2023-10-15T00:00:00Z,0.0,22.0,60.0,29.244213,1.2228184
2023-10-15T00:00:00Z,0.0,22.0,62.0,29.398363,1.2376137
2023-10-15T00:00:00Z,0.0,22.0,64.0,29.504044,1.2115211
2023-10-15T00:00:00Z,0.0,22.0,66.0,29.558771,1.1536884
2023-10-15T00:00:00Z,0.0,22.0,68.0,29.546516,1.0775433
2023-10-15T00:00:00Z,0.0,22.0,70.0,29.565716,0.9979572
2023-10-15T00:00:00Z,0.0,22.0,72.0,NaN,NaN
2023-10-15T00:00:00Z,0.0,22.0,74.0,NaN,NaN
2023-10-15T00:00:00Z,0.0,22.0,76.0,NaN,NaN
2023-10-15T00:00:00Z,0.0,24.0,56.0,NaN,NaN
2023-10-15T00:00:00Z,0.0,24.0,58.0,NaN,NaN
2023-10-15T00:00:00Z,0.0,24.0,60.0,29.893185,1.3788815
2023-10-15T00:00:00Z,0.0,24.0,62.0,29.698046,1.3913784
2023-10-15T00:00:00Z,0.0,24.0,64.0,29.58834,1.3751392
2023-10-15T00:00:00Z,0.0,24.0,66.0,29.53767,1.307518
2023-10-15T00:00:00Z,0.0,24.0,68.0,29.49642,1.2060585
2023-10-15T00:00:00Z,0.0,24.0,70.0,NaN,NaN
2023-10-15T00:00:00Z,0.0,24.0,72.0,NaN,NaN
2023-10-15T00:00:00Z,0.0,24.0,74.0,NaN,NaN
2023-10-15T00:00:00Z,0.0,24.0,76.0,NaN,NaN
2023-10-15T00:00:00Z,0.0,26.0,56.0,31.58092,1.4028378
2023-10-15T00:00:00Z,0.0,26.0,58.0,30.88015,1.4337921
2023-10-15T00:00:00Z,0.0,26.0,60.0,30.297186,1.4345608
2023-10-15T00:00:00Z,0.0,26.0,62.0,NaN,NaN
2023-10-15T00:00:00Z,0.0,26.0,64.0,29.525194,1.430645
2023-10-15T00:00:00Z,0.0,26.0,66.0,29.46689,1.3844929
2023-10-15T00:00:00Z,0.0,26.0,68.0,NaN,NaN
2023-10-15T00:00:00Z,0.0,26.0,70.0,NaN,NaN
2023-10-15T00:00:00Z,0.0,26.0,72.0,NaN,NaN
2023-10-15T00:00:00Z,0.0,26.0,74.0,NaN,NaN
2023-10-15T00:00:00Z,0.0,26.0,76.0,NaN,NaN
2023-11-15T00:00:00Z,0.0,8.0,56.0,29.252317,1.4209843
2023-11-15T00:00:00Z,0.0,8.0,58.0,29.408588,1.3697948
2023-11-15T00:00:00Z,0.0,8.0,60.0,29.537994,1.2933865
2023-11-15T00:00:00Z,0.0,8.0,62.0,29.615612,1.2242146
2023-11-15T00:00:00Z,0.0,8.0,64.0,29.660269,1.1696854
2023-11-15T00:00:00Z,0.0,8.0,66.0,29.711374,1.1206455
2023-11-15T00:00:00Z,0.0,8.0,68.0,29.751755,1.0629425
2023-11-15T00:00:00Z,0.0,8.0,70.0,29.745564,0.99593735
2023-11-15T00:00:00Z,0.0,8.0,72.0,29.71953,0.9771328
2023-11-15T00:00:00Z,0.0,8.0,74.0,29.638777,0.9815273
2023-11-15T00:00:00Z,0.0,8.0,76.0,29.494658,0.9822464
2023-11-15T00:00:00Z,0.0,10.0,56.0,29.075357,1.4438152
2023-11-15T00:00:00Z,0.0,10.0,58.0,29.21128,1.4144878
2023-11-15T00:00:00Z,0.0,10.0,60.0,29.296806,1.3395767
2023-11-15T00:00:00Z,0.0,10.0,62.0,29.360035,1.2655144
2023-11-15T00:00:00Z,0.0,10.0,64.0,29.43192,1.2057724
2023-11-15T00:00:00Z,0.0,10.0,66.0,29.545395,1.161602
2023-11-15T00:00:00Z,0.0,10.0,68.0,29.667864,1.1135502
2023-11-15T00:00:00Z,0.0,10.0,70.0,29.758057,1.059412
2023-11-15T00:00:00Z,0.0,10.0,72.0,29.824245,1.0545578
2023-11-15T00:00:00Z,0.0,10.0,74.0,29.810577,1.0776615
2023-11-15T00:00:00Z,0.0,10.0,76.0,29.71859,1.0921383
2023-11-15T00:00:00Z,0.0,12.0,56.0,28.955976,1.4782257
2023-11-15T00:00:00Z,0.0,12.0,58.0,29.053127,1.4561672
2023-11-15T00:00:00Z,0.0,12.0,60.0,29.061333,1.3625832
2023-11-15T00:00:00Z,0.0,12.0,62.0,29.062466,1.2544022
2023-11-15T00:00:00Z,0.0,12.0,64.0,29.128939,1.1763554
2023-11-15T00:00:00Z,0.0,12.0,66.0,29.282545,1.129816
2023-11-15T00:00:00Z,0.0,12.0,68.0,29.491674,1.1005077
2023-11-15T00:00:00Z,0.0,12.0,70.0,29.697374,1.0815849
2023-11-15T00:00:00Z,0.0,12.0,72.0,29.865713,1.1072979
2023-11-15T00:00:00Z,0.0,12.0,74.0,29.931297,1.1511688
2023-11-15T00:00:00Z,0.0,12.0,76.0,29.916224,1.1825504
2023-11-15T00:00:00Z,0.0,14.0,56.0,28.850822,1.4708233
2023-11-15T00:00:00Z,0.0,14.0,58.0,28.894491,1.4355106
2023-11-15T00:00:00Z,0.0,14.0,60.0,28.849361,1.31707
2023-11-15T00:00:00Z,0.0,14.0,62.0,28.80394,1.1787529
2023-11-15T00:00:00Z,0.0,14.0,64.0,28.845306,1.0832653
2023-11-15T00:00:00Z,0.0,14.0,66.0,29.015635,1.0417595
2023-11-15T00:00:00Z,0.0,14.0,68.0,29.290533,1.0379086
2023-11-15T00:00:00Z,0.0,14.0,70.0,29.585705,1.0603523
2023-11-15T00:00:00Z,0.0,14.0,72.0,29.820295,1.1181698
2023-11-15T00:00:00Z,0.0,14.0,74.0,29.936031,1.1772537
2023-11-15T00:00:00Z,0.0,14.0,76.0,NaN,NaN
2023-11-15T00:00:00Z,0.0,16.0,56.0,28.715073,1.4164543
2023-11-15T00:00:00Z,0.0,16.0,58.0,28.674053,1.3278656
2023-11-15T00:00:00Z,0.0,16.0,60.0,28.61744,1.1874161
2023-11-15T00:00:00Z,0.0,16.0,62.0,28.575895,1.0471859
2023-11-15T00:00:00Z,0.0,16.0,64.0,28.597612,0.9493427
2023-11-15T00:00:00Z,0.0,16.0,66.0,28.774672,0.92375374
2023-11-15T00:00:00Z,0.0,16.0,68.0,29.091726,0.9495373
2023-11-15T00:00:00Z,0.0,16.0,70.0,29.421976,1.0057888
2023-11-15T00:00:00Z,0.0,16.0,72.0,29.65973,1.0743961
2023-11-15T00:00:00Z,0.0,16.0,74.0,29.829145,1.1562843
2023-11-15T00:00:00Z,0.0,16.0,76.0,NaN,NaN
2023-11-15T00:00:00Z,0.0,18.0,56.0,28.54162,1.3446007
2023-11-15T00:00:00Z,0.0,18.0,58.0,28.416899,1.2167091
2023-11-15T00:00:00Z,0.0,18.0,60.0,28.382744,1.0736179
2023-11-15T00:00:00Z,0.0,18.0,62.0,28.393658,0.95344734
2023-11-15T00:00:00Z,0.0,18.0,64.0,28.433666,0.8742676
2023-11-15T00:00:00Z,0.0,18.0,66.0,28.58969,0.8442707
2023-11-15T00:00:00Z,0.0,18.0,68.0,28.885035,0.8783245
2023-11-15T00:00:00Z,0.0,18.0,70.0,29.155739,0.93590355
2023-11-15T00:00:00Z,0.0,18.0,72.0,29.296654,0.9793205
2023-11-15T00:00:00Z,0.0,18.0,74.0,NaN,NaN
2023-11-15T00:00:00Z,0.0,18.0,76.0,NaN,NaN
2023-11-15T00:00:00Z,0.0,20.0,56.0,NaN,NaN
2023-11-15T00:00:00Z,0.0,20.0,58.0,28.26333,1.1618118
2023-11-15T00:00:00Z,0.0,20.0,60.0,28.272305,1.0785408
2023-11-15T00:00:00Z,0.0,20.0,62.0,28.348423,1.0073166
2023-11-15T00:00:00Z,0.0,20.0,64.0,28.40709,0.94298553
2023-11-15T00:00:00Z,0.0,20.0,66.0,28.503233,0.8969631
2023-11-15T00:00:00Z,0.0,20.0,68.0,28.649921,0.88521194
2023-11-15T00:00:00Z,0.0,20.0,70.0,28.78264,0.8943634
2023-11-15T00:00:00Z,0.0,20.0,72.0,28.897789,0.9005585
2023-11-15T00:00:00Z,0.0,20.0,74.0,NaN,NaN
2023-11-15T00:00:00Z,0.0,20.0,76.0,NaN,NaN
2023-11-15T00:00:00Z,0.0,22.0,56.0,NaN,NaN
2023-11-15T00:00:00Z,0.0,22.0,58.0,NaN,NaN
2023-11-15T00:00:00Z,0.0,22.0,60.0,28.3268,1.1776409
2023-11-15T00:00:00Z,0.0,22.0,62.0,28.40881,1.1684341
2023-11-15T00:00:00Z,0.0,22.0,64.0,28.442661,1.1234322
2023-11-15T00:00:00Z,0.0,22.0,66.0,28.417269,1.0393295
2023-11-15T00:00:00Z,0.0,22.0,68.0,28.381493,0.9538803
2023-11-15T00:00:00Z,0.0,22.0,70.0,28.450987,0.90338516
2023-11-15T00:00:00Z,0.0,22.0,72.0,NaN,NaN
2023-11-15T00:00:00Z,0.0,22.0,74.0,NaN,NaN
2023-11-15T00:00:00Z,0.0,22.0,76.0,NaN,NaN
2023-11-15T00:00:00Z,0.0,24.0,56.0,NaN,NaN
2023-11-15T00:00:00Z,0.0,24.0,58.0,NaN,NaN
2023-11-15T00:00:00Z,0.0,24.0,60.0,28.354818,1.2321053
2023-11-15T00:00:00Z,0.0,24.0,62.0,28.393316,1.2760277
2023-11-15T00:00:00Z,0.0,24.0,64.0,28.366177,1.2564831
2023-11-15T00:00:00Z,0.0,24.0,66.0,28.262445,1.1636887
2023-11-15T00:00:00Z,0.0,24.0,68.0,28.204695,1.0498962
2023-11-15T00:00:00Z,0.0,24.0,70.0,NaN,NaN
2023-11-15T00:00:00Z,0.0,24.0,72.0,NaN,NaN
2023-11-15T00:00:00Z,0.0,24.0,74.0,NaN,NaN
2023-11-15T00:00:00Z,0.0,24.0,76.0,NaN,NaN
2023-11-15T00:00:00Z,0.0,26.0,56.0,28.836336,1.1368332
2023-11-15T00:00:00Z,0.0,26.0,58.0,28.5048,1.1561604
2023-11-15T00:00:00Z,0.0,26.0,60.0,28.325241,1.2086506
2023-11-15T00:00:00Z,0.0,26.0,62.0,NaN,NaN
2023-11-15T00:00:00Z,0.0,26.0,64.0,28.231607,1.2913761
2023-11-15T00:00:00Z,0.0,26.0,66.0,28.144619,1.2253857
2023-11-15T00:00:00Z,0.0,26.0,68.0,NaN,NaN
2023-11-15T00:00:00Z,0.0,26.0,70.0,NaN,NaN
2023-11-15T00:00:00Z,0.0,26.0,72.0,NaN,NaN
2023-11-15T00:00:00Z,0.0,26.0,74.0,NaN,NaN
2023-11-15T00:00:00Z,0.0,26.0,76.0,NaN,NaN
2023-12-15T00:00:00Z,0.0,8.0,56.0,28.267162,0.95084953
2023-12-15T00:00:00Z,0.0,8.0,58.0,28.53133,1.0091438
2023-12-15T00:00:00Z,0.0,8.0,60.0,28.786222,1.0551796
2023-12-15T00:00:00Z,0.0,8.0,62.0,29.013033,1.0965328
2023-12-15T00:00:00Z,0.0,8.0,64.0,29.225412,1.1390152
2023-12-15T00:00:00Z,0.0,8.0,66.0,29.426037,1.1697426
2023-12-15T00:00:00Z,0.0,8.0,68.0,29.578527,1.176569
2023-12-15T00:00:00Z,0.0,8.0,70.0,29.64632,1.1636543
2023-12-15T00:00:00Z,0.0,8.0,72.0,29.639648,1.1658154
2023-12-15T00:00:00Z,0.0,8.0,74.0,29.54847,1.1663036
2023-12-15T00:00:00Z,0.0,8.0,76.0,29.389774,1.171135
2023-12-15T00:00:00Z,0.0,10.0,56.0,27.832975,0.8449135
2023-12-15T00:00:00Z,0.0,10.0,58.0,28.059336,0.9214802
2023-12-15T00:00:00Z,0.0,10.0,60.0,28.25974,0.95513535
2023-12-15T00:00:00Z,0.0,10.0,62.0,28.460354,0.9827919
2023-12-15T00:00:00Z,0.0,10.0,64.0,28.69574,1.0175095
2023-12-15T00:00:00Z,0.0,10.0,66.0,28.97683,1.0577049
2023-12-15T00:00:00Z,0.0,10.0,68.0,29.249199,1.0889072
2023-12-15T00:00:00Z,0.0,10.0,70.0,29.461756,1.1085262
2023-12-15T00:00:00Z,0.0,10.0,72.0,29.608425,1.1512585
2023-12-15T00:00:00Z,0.0,10.0,74.0,29.64573,1.1981659
2023-12-15T00:00:00Z,0.0,10.0,76.0,29.58392,1.2323647
2023-12-15T00:00:00Z,0.0,12.0,56.0,27.443699,0.8064499
2023-12-15T00:00:00Z,0.0,12.0,58.0,27.602732,0.8585434
2023-12-15T00:00:00Z,0.0,12.0,60.0,27.714264,0.851326
2023-12-15T00:00:00Z,0.0,12.0,62.0,27.838305,0.8332424
2023-12-15T00:00:00Z,0.0,12.0,64.0,28.065723,0.8505993
2023-12-15T00:00:00Z,0.0,12.0,66.0,28.40077,0.88972855
2023-12-15T00:00:00Z,0.0,12.0,68.0,28.794956,0.94958115
2023-12-15T00:00:00Z,0.0,12.0,70.0,29.171576,1.0183868
2023-12-15T00:00:00Z,0.0,12.0,72.0,29.485695,1.1166534
2023-12-15T00:00:00Z,0.0,12.0,74.0,29.665827,1.2119446
2023-12-15T00:00:00Z,0.0,12.0,76.0,29.730103,1.2803173
2023-12-15T00:00:00Z,0.0,14.0,56.0,27.126429,0.8221779
2023-12-15T00:00:00Z,0.0,14.0,58.0,27.225315,0.8254814
2023-12-15T00:00:00Z,0.0,14.0,60.0,27.275642,0.76301765
2023-12-15T00:00:00Z,0.0,14.0,62.0,27.335487,0.69615364
2023-12-15T00:00:00Z,0.0,14.0,64.0,27.520374,0.68787384
2023-12-15T00:00:00Z,0.0,14.0,66.0,27.87398,0.7321663
2023-12-15T00:00:00Z,0.0,14.0,68.0,28.349415,0.81147575
2023-12-15T00:00:00Z,0.0,14.0,70.0,28.840712,0.9142742
2023-12-15T00:00:00Z,0.0,14.0,72.0,29.262333,1.0509167
2023-12-15T00:00:00Z,0.0,14.0,74.0,29.521288,1.1688251
2023-12-15T00:00:00Z,0.0,14.0,76.0,NaN,NaN
2023-12-15T00:00:00Z,0.0,16.0,56.0,26.88743,0.857708
2023-12-15T00:00:00Z,0.0,16.0,58.0,26.916706,0.80999756
2023-12-15T00:00:00Z,0.0,16.0,60.0,26.939177,0.69992447
2023-12-15T00:00:00Z,0.0,16.0,62.0,26.974104,0.6026859
2023-12-15T00:00:00Z,0.0,16.0,64.0,27.111107,0.5737095
2023-12-15T00:00:00Z,0.0,16.0,66.0,27.45849,0.62488556
2023-12-15T00:00:00Z,0.0,16.0,68.0,27.967266,0.7134743
2023-12-15T00:00:00Z,0.0,16.0,70.0,28.470709,0.8223114
2023-12-15T00:00:00Z,0.0,16.0,72.0,28.881918,0.950161
2023-12-15T00:00:00Z,0.0,16.0,74.0,29.22217,1.087162
2023-12-15T00:00:00Z,0.0,16.0,76.0,NaN,NaN
2023-12-15T00:00:00Z,0.0,18.0,56.0,26.735868,0.88438797
2023-12-15T00:00:00Z,0.0,18.0,58.0,26.671759,0.80609894
2023-12-15T00:00:00Z,0.0,18.0,60.0,26.671806,0.68120193
2023-12-15T00:00:00Z,0.0,18.0,62.0,26.706482,0.5772743
2023-12-15T00:00:00Z,0.0,18.0,64.0,26.830761,0.5516987
2023-12-15T00:00:00Z,0.0,18.0,66.0,27.14158,0.5961647
2023-12-15T00:00:00Z,0.0,18.0,68.0,27.59801,0.6809063
2023-12-15T00:00:00Z,0.0,18.0,70.0,27.966482,0.7631264
2023-12-15T00:00:00Z,0.0,18.0,72.0,28.173922,0.83166313
2023-12-15T00:00:00Z,0.0,18.0,74.0,NaN,NaN
2023-12-15T00:00:00Z,0.0,18.0,76.0,NaN,NaN
2023-12-15T00:00:00Z,0.0,20.0,56.0,NaN,NaN
2023-12-15T00:00:00Z,0.0,20.0,58.0,26.523718,0.810791
2023-12-15T00:00:00Z,0.0,20.0,60.0,26.492207,0.72654724
2023-12-15T00:00:00Z,0.0,20.0,62.0,26.554453,0.6603489
2023-12-15T00:00:00Z,0.0,20.0,64.0,26.691074,0.6522846
2023-12-15T00:00:00Z,0.0,20.0,66.0,26.920038,0.69185066
2023-12-15T00:00:00Z,0.0,20.0,68.0,27.170237,0.7387333
2023-12-15T00:00:00Z,0.0,20.0,70.0,27.32776,0.7622795
2023-12-15T00:00:00Z,0.0,20.0,72.0,27.472692,0.7630806
2023-12-15T00:00:00Z,0.0,20.0,74.0,NaN,NaN
2023-12-15T00:00:00Z,0.0,20.0,76.0,NaN,NaN
2023-12-15T00:00:00Z,0.0,22.0,56.0,NaN,NaN
2023-12-15T00:00:00Z,0.0,22.0,58.0,NaN,NaN
2023-12-15T00:00:00Z,0.0,22.0,60.0,26.361395,0.8299236
2023-12-15T00:00:00Z,0.0,22.0,62.0,26.4846,0.83057785
2023-12-15T00:00:00Z,0.0,22.0,64.0,26.621069,0.8440895
2023-12-15T00:00:00Z,0.0,22.0,66.0,26.70859,0.8616924
2023-12-15T00:00:00Z,0.0,22.0,68.0,26.720985,0.8433876
2023-12-15T00:00:00Z,0.0,22.0,70.0,26.816029,0.8064251
2023-12-15T00:00:00Z,0.0,22.0,72.0,NaN,NaN
2023-12-15T00:00:00Z,0.0,22.0,74.0,NaN,NaN
2023-12-15T00:00:00Z,0.0,22.0,76.0,NaN,NaN
2023-12-15T00:00:00Z,0.0,24.0,56.0,NaN,NaN
2023-12-15T00:00:00Z,0.0,24.0,58.0,NaN,NaN
2023-12-15T00:00:00Z,0.0,24.0,60.0,26.195864,0.9215565
2023-12-15T00:00:00Z,0.0,24.0,62.0,26.375257,0.9588127
2023-12-15T00:00:00Z,0.0,24.0,64.0,26.505898,1.0019302
2023-12-15T00:00:00Z,0.0,24.0,66.0,26.485014,1.0012283
2023-12-15T00:00:00Z,0.0,24.0,68.0,26.461872,0.94872475
2023-12-15T00:00:00Z,0.0,24.0,70.0,NaN,NaN
2023-12-15T00:00:00Z,0.0,24.0,72.0,NaN,NaN
2023-12-15T00:00:00Z,0.0,24.0,74.0,NaN,NaN
2023-12-15T00:00:00Z,0.0,24.0,76.0,NaN,NaN
2023-12-15T00:00:00Z,0.0,26.0,56.0,26.017698,0.9429493
2023-12-15T00:00:00Z,0.0,26.0,58.0,26.044287,0.94535446
2023-12-15T00:00:00Z,0.0,26.0,60.0,26.05342,0.9405098
2023-12-15T00:00:00Z,0.0,26.0,62.0,NaN,NaN
2023-12-15T00:00:00Z,0.0,26.0,64.0,26.393661,1.0662327
2023-12-15T00:00:00Z,0.0,26.0,66.0,26.3624,1.0663795
2023-12-15T00:00:00Z,0.0,26.0,68.0,NaN,NaN
2023-12-15T00:00:00Z,0.0,26.0,70.0,NaN,NaN
2023-12-15T00:00:00Z,0.0,26.0,72.0,NaN,NaN
2023-12-15T00:00:00Z,0.0,26.0,74.0,NaN,NaN
2023-12-15T00:00:00Z,0.0,26.0,76.0,NaN,NaN
2024-01-15T00:00:00Z,0.0,8.0,56.0,27.948015,1.1248493
2024-01-15T00:00:00Z,0.0,8.0,58.0,28.260948,1.2136593
2024-01-15T00:00:00Z,0.0,8.0,60.0,28.524332,1.2626686
2024-01-15T00:00:00Z,0.0,8.0,62.0,28.754034,1.2791176
2024-01-15T00:00:00Z,0.0,8.0,64.0,28.970974,1.2801628
2024-01-15T00:00:00Z,0.0,8.0,66.0,29.15527,1.2636833
2024-01-15T00:00:00Z,0.0,8.0,68.0,29.253613,1.2042999
2024-01-15T00:00:00Z,0.0,8.0,70.0,29.23631,1.0932674
2024-01-15T00:00:00Z,0.0,8.0,72.0,29.171778,1.0119228
2024-01-15T00:00:00Z,0.0,8.0,74.0,29.0258,0.92188454
2024-01-15T00:00:00Z,0.0,8.0,76.0,28.81685,0.8590317
2024-01-15T00:00:00Z,0.0,10.0,56.0,27.434744,1.0343723
2024-01-15T00:00:00Z,0.0,10.0,58.0,27.691559,1.1234169
2024-01-15T00:00:00Z,0.0,10.0,60.0,27.927187,1.1858158
2024-01-15T00:00:00Z,0.0,10.0,62.0,28.152294,1.2113152
2024-01-15T00:00:00Z,0.0,10.0,64.0,28.41876,1.2267399
2024-01-15T00:00:00Z,0.0,10.0,66.0,28.71467,1.2393379
2024-01-15T00:00:00Z,0.0,10.0,68.0,28.958809,1.2183723
2024-01-15T00:00:00Z,0.0,10.0,70.0,29.088356,1.133564
2024-01-15T00:00:00Z,0.0,10.0,72.0,29.143057,1.0506611
2024-01-15T00:00:00Z,0.0,10.0,74.0,29.08904,0.9557915
2024-01-15T00:00:00Z,0.0,10.0,76.0,28.962198,0.88467216
2024-01-15T00:00:00Z,0.0,12.0,56.0,26.949362,1.0356331
2024-01-15T00:00:00Z,0.0,12.0,58.0,27.106415,1.0777912
2024-01-15T00:00:00Z,0.0,12.0,60.0,27.270844,1.1106987
2024-01-15T00:00:00Z,0.0,12.0,62.0,27.440975,1.106144
2024-01-15T00:00:00Z,0.0,12.0,64.0,27.719511,1.1144924
2024-01-15T00:00:00Z,0.0,12.0,66.0,28.095026,1.1320496
2024-01-15T00:00:00Z,0.0,12.0,68.0,28.48468,1.1440372
2024-01-15T00:00:00Z,0.0,12.0,70.0,28.786766,1.1056404
2024-01-15T00:00:00Z,0.0,12.0,72.0,28.991858,1.0551472
2024-01-15T00:00:00Z,0.0,12.0,74.0,29.072578,0.9930763
2024-01-15T00:00:00Z,0.0,12.0,76.0,29.072927,0.9389
2024-01-15T00:00:00Z,0.0,14.0,56.0,26.551575,1.0959721
2024-01-15T00:00:00Z,0.0,14.0,58.0,26.62648,1.0815849
2024-01-15T00:00:00Z,0.0,14.0,60.0,26.709518,1.0457897
2024-01-15T00:00:00Z,0.0,14.0,62.0,26.813608,0.99933815
2024-01-15T00:00:00Z,0.0,14.0,64.0,27.054201,0.9875145
2024-01-15T00:00:00Z,0.0,14.0,66.0,27.46517,1.0088177
2024-01-15T00:00:00Z,0.0,14.0,68.0,27.963392,1.0394764
2024-01-15T00:00:00Z,0.0,14.0,70.0,28.405298,1.037466
2024-01-15T00:00:00Z,0.0,14.0,72.0,28.73123,1.0239792
2024-01-15T00:00:00Z,0.0,14.0,74.0,28.916447,1.0121117
2024-01-15T00:00:00Z,0.0,14.0,76.0,NaN,NaN
2024-01-15T00:00:00Z,0.0,16.0,56.0,26.246597,1.157362
2024-01-15T00:00:00Z,0.0,16.0,58.0,26.24136,1.0948181
2024-01-15T00:00:00Z,0.0,16.0,60.0,26.264025,0.9937763
2024-01-15T00:00:00Z,0.0,16.0,62.0,26.3207,0.9129715
2024-01-15T00:00:00Z,0.0,16.0,64.0,26.507427,0.8882408
2024-01-15T00:00:00Z,0.0,16.0,66.0,26.918657,0.9160328
2024-01-15T00:00:00Z,0.0,16.0,68.0,27.473429,0.9558468
2024-01-15T00:00:00Z,0.0,16.0,70.0,27.948864,0.9662399
2024-01-15T00:00:00Z,0.0,16.0,72.0,28.286415,0.95718
2024-01-15T00:00:00Z,0.0,16.0,74.0,28.597979,0.99708176
2024-01-15T00:00:00Z,0.0,16.0,76.0,NaN,NaN
2024-01-15T00:00:00Z,0.0,18.0,56.0,26.04706,1.1979675
2024-01-15T00:00:00Z,0.0,18.0,58.0,25.945606,1.1175232
2024-01-15T00:00:00Z,0.0,18.0,60.0,25.91783,0.9957676
2024-01-15T00:00:00Z,0.0,18.0,62.0,25.941244,0.8983898
2024-01-15T00:00:00Z,0.0,18.0,64.0,26.090351,0.870018
2024-01-15T00:00:00Z,0.0,18.0,66.0,26.459776,0.8925266
2024-01-15T00:00:00Z,0.0,18.0,68.0,26.951033,0.9189701
2024-01-15T00:00:00Z,0.0,18.0,70.0,27.272682,0.90351486
2024-01-15T00:00:00Z,0.0,18.0,72.0,27.400423,0.8708763
2024-01-15T00:00:00Z,0.0,18.0,74.0,NaN,NaN
2024-01-15T00:00:00Z,0.0,18.0,76.0,NaN,NaN
2024-01-15T00:00:00Z,0.0,20.0,56.0,NaN,NaN
2024-01-15T00:00:00Z,0.0,20.0,58.0,25.75814,1.1559467
2024-01-15T00:00:00Z,0.0,20.0,60.0,25.669308,1.0779953
2024-01-15T00:00:00Z,0.0,20.0,62.0,25.679136,1.0004711
2024-01-15T00:00:00Z,0.0,20.0,64.0,25.789528,0.9534664
2024-01-15T00:00:00Z,0.0,20.0,66.0,26.022879,0.9383602
2024-01-15T00:00:00Z,0.0,20.0,68.0,26.260885,0.9136162
2024-01-15T00:00:00Z,0.0,20.0,70.0,26.36202,0.85868835
2024-01-15T00:00:00Z,0.0,20.0,72.0,26.469656,0.79262924
2024-01-15T00:00:00Z,0.0,20.0,74.0,NaN,NaN
2024-01-15T00:00:00Z,0.0,20.0,76.0,NaN,NaN
2024-01-15T00:00:00Z,0.0,22.0,56.0,NaN,NaN
2024-01-15T00:00:00Z,0.0,22.0,58.0,NaN,NaN
2024-01-15T00:00:00Z,0.0,22.0,60.0,25.437109,1.2181492
2024-01-15T00:00:00Z,0.0,22.0,62.0,25.480406,1.1713238
2024-01-15T00:00:00Z,0.0,22.0,64.0,25.525755,1.0903797
2024-01-15T00:00:00Z,0.0,22.0,66.0,25.541471,1.0033264
2024-01-15T00:00:00Z,0.0,22.0,68.0,25.503155,0.90587807
2024-01-15T00:00:00Z,0.0,22.0,70.0,25.594698,0.82613564
2024-01-15T00:00:00Z,0.0,22.0,72.0,NaN,NaN
2024-01-15T00:00:00Z,0.0,22.0,74.0,NaN,NaN
2024-01-15T00:00:00Z,0.0,22.0,76.0,NaN,NaN
2024-01-15T00:00:00Z,0.0,24.0,56.0,NaN,NaN
2024-01-15T00:00:00Z,0.0,24.0,58.0,NaN,NaN
2024-01-15T00:00:00Z,0.0,24.0,60.0,25.18672,1.3284607
2024-01-15T00:00:00Z,0.0,24.0,62.0,25.262127,1.2686939
2024-01-15T00:00:00Z,0.0,24.0,64.0,25.220444,1.1436157
2024-01-15T00:00:00Z,0.0,24.0,66.0,25.087461,1.0170193
2024-01-15T00:00:00Z,0.0,24.0,68.0,25.024668,0.89881897
2024-01-15T00:00:00Z,0.0,24.0,70.0,NaN,NaN
2024-01-15T00:00:00Z,0.0,24.0,72.0,NaN,NaN
2024-01-15T00:00:00Z,0.0,24.0,74.0,NaN,NaN
2024-01-15T00:00:00Z,0.0,24.0,76.0,NaN,NaN
2024-01-15T00:00:00Z,0.0,26.0,56.0,24.740639,1.5635567
2024-01-15T00:00:00Z,0.0,26.0,58.0,24.995893,1.4667416
2024-01-15T00:00:00Z,0.0,26.0,60.0,25.028372,1.3624992
2024-01-15T00:00:00Z,0.0,26.0,62.0,NaN,NaN
2024-01-15T00:00:00Z,0.0,26.0,64.0,24.994726,1.1165123
2024-01-15T00:00:00Z,0.0,26.0,66.0,24.87514,1.0239639
2024-01-15T00:00:00Z,0.0,26.0,68.0,NaN,NaN
2024-01-15T00:00:00Z,0.0,26.0,70.0,NaN,NaN
2024-01-15T00:00:00Z,0.0,26.0,72.0,NaN,NaN
2024-01-15T00:00:00Z,0.0,26.0,74.0,NaN,NaN
2024-01-15T00:00:00Z,0.0,26.0,76.0,NaN,NaN
2024-02-15T00:00:00Z,0.0,8.0,56.0,28.710392,1.6804943
2024-02-15T00:00:00Z,0.0,8.0,58.0,28.83185,1.6317253
2024-02-15T00:00:00Z,0.0,8.0,60.0,28.948914,1.5646248
2024-02-15T00:00:00Z,0.0,8.0,62.0,29.078594,1.4837837
2024-02-15T00:00:00Z,0.0,8.0,64.0,29.220682,1.4040585
2024-02-15T00:00:00Z,0.0,8.0,66.0,29.36213,1.3404865
2024-02-15T00:00:00Z,0.0,8.0,68.0,29.474977,1.2812481
2024-02-15T00:00:00Z,0.0,8.0,70.0,29.525682,1.2076416
2024-02-15T00:00:00Z,0.0,8.0,72.0,29.565716,1.184967
2024-02-15T00:00:00Z,0.0,8.0,74.0,29.544945,1.1605473
2024-02-15T00:00:00Z,0.0,8.0,76.0,29.44168,1.1503658
2024-02-15T00:00:00Z,0.0,10.0,56.0,28.268688,1.7243767
2024-02-15T00:00:00Z,0.0,10.0,58.0,28.352392,1.6847458
2024-02-15T00:00:00Z,0.0,10.0,60.0,28.44839,1.6322231
2024-02-15T00:00:00Z,0.0,10.0,62.0,28.582693,1.5574646
2024-02-15T00:00:00Z,0.0,10.0,64.0,28.779984,1.4782772
2024-02-15T00:00:00Z,0.0,10.0,66.0,29.01443,1.415575
2024-02-15T00:00:00Z,0.0,10.0,68.0,29.231518,1.361414
2024-02-15T00:00:00Z,0.0,10.0,70.0,29.384365,1.2869911
2024-02-15T00:00:00Z,0.0,10.0,72.0,29.50709,1.2421532
2024-02-15T00:00:00Z,0.0,10.0,74.0,29.555431,1.193367
2024-02-15T00:00:00Z,0.0,10.0,76.0,29.525112,1.15938
2024-02-15T00:00:00Z,0.0,12.0,56.0,27.834661,1.798914
2024-02-15T00:00:00Z,0.0,12.0,58.0,27.878008,1.7603207
2024-02-15T00:00:00Z,0.0,12.0,60.0,27.932669,1.7073975
2024-02-15T00:00:00Z,0.0,12.0,62.0,28.028704,1.6190586
2024-02-15T00:00:00Z,0.0,12.0,64.0,28.242592,1.5292797
2024-02-15T00:00:00Z,0.0,12.0,66.0,28.542652,1.454319
2024-02-15T00:00:00Z,0.0,12.0,68.0,28.85669,1.400837
2024-02-15T00:00:00Z,0.0,12.0,70.0,29.111387,1.3298054
2024-02-15T00:00:00Z,0.0,12.0,72.0,29.321419,1.2742119
2024-02-15T00:00:00Z,0.0,12.0,74.0,29.458494,1.2194881
2024-02-15T00:00:00Z,0.0,12.0,76.0,29.534315,1.1798897
2024-02-15T00:00:00Z,0.0,14.0,56.0,27.431705,1.8567047
2024-02-15T00:00:00Z,0.0,14.0,58.0,27.454391,1.8211002
2024-02-15T00:00:00Z,0.0,14.0,60.0,27.47311,1.7532139
2024-02-15T00:00:00Z,0.0,14.0,62.0,27.523453,1.6571198
2024-02-15T00:00:00Z,0.0,14.0,64.0,27.704664,1.557581
2024-02-15T00:00:00Z,0.0,14.0,66.0,28.035828,1.479536
2024-02-15T00:00:00Z,0.0,14.0,68.0,28.433483,1.426754
2024-02-15T00:00:00Z,0.0,14.0,70.0,28.778593,1.3607197
2024-02-15T00:00:00Z,0.0,14.0,72.0,29.049341,1.296299
2024-02-15T00:00:00Z,0.0,14.0,74.0,29.241436,1.2583885
2024-02-15T00:00:00Z,0.0,14.0,76.0,NaN,NaN
2024-02-15T00:00:00Z,0.0,16.0,56.0,27.034382,1.8432617
2024-02-15T00:00:00Z,0.0,16.0,58.0,27.010529,1.7974873
2024-02-15T00:00:00Z,0.0,16.0,60.0,27.028254,1.7252522
2024-02-15T00:00:00Z,0.0,16.0,62.0,27.068056,1.6418877
2024-02-15T00:00:00Z,0.0,16.0,64.0,27.208115,1.554636
2024-02-15T00:00:00Z,0.0,16.0,66.0,27.543554,1.490366
2024-02-15T00:00:00Z,0.0,16.0,68.0,27.992004,1.442482
2024-02-15T00:00:00Z,0.0,16.0,70.0,28.343498,1.3713951
2024-02-15T00:00:00Z,0.0,16.0,72.0,28.596735,1.2926178
2024-02-15T00:00:00Z,0.0,16.0,74.0,28.893322,1.2889423
2024-02-15T00:00:00Z,0.0,16.0,76.0,NaN,NaN
2024-02-15T00:00:00Z,0.0,18.0,56.0,26.67999,1.7794628
2024-02-15T00:00:00Z,0.0,18.0,58.0,26.552086,1.7136402
2024-02-15T00:00:00Z,0.0,18.0,60.0,26.554493,1.6476784
2024-02-15T00:00:00Z,0.0,18.0,62.0,26.600733,1.5866699
2024-02-15T00:00:00Z,0.0,18.0,64.0,26.724634,1.5281963
2024-02-15T00:00:00Z,0.0,18.0,66.0,27.033485,1.4799442
2024-02-15T00:00:00Z,0.0,18.0,68.0,27.425217,1.4238415
2024-02-15T00:00:00Z,0.0,18.0,70.0,27.617401,1.3267555
2024-02-15T00:00:00Z,0.0,18.0,72.0,27.654335,1.2377586
2024-02-15T00:00:00Z,0.0,18.0,74.0,NaN,NaN
2024-02-15T00:00:00Z,0.0,18.0,76.0,NaN,NaN
2024-02-15T00:00:00Z,0.0,20.0,56.0,NaN,NaN
2024-02-15T00:00:00Z,0.0,20.0,58.0,26.17663,1.6287327
2024-02-15T00:00:00Z,0.0,20.0,60.0,26.073868,1.5739288
2024-02-15T00:00:00Z,0.0,20.0,62.0,26.088066,1.5246067
2024-02-15T00:00:00Z,0.0,20.0,64.0,26.188595,1.4728031
2024-02-15T00:00:00Z,0.0,20.0,66.0,26.387768,1.4102459
2024-02-15T00:00:00Z,0.0,20.0,68.0,26.5692,1.3263683
2024-02-15T00:00:00Z,0.0,20.0,70.0,26.5934,1.2240295
2024-02-15T00:00:00Z,0.0,20.0,72.0,26.646257,1.1339607
2024-02-15T00:00:00Z,0.0,20.0,74.0,NaN,NaN
2024-02-15T00:00:00Z,0.0,20.0,76.0,NaN,NaN
2024-02-15T00:00:00Z,0.0,22.0,56.0,NaN,NaN
2024-02-15T00:00:00Z,0.0,22.0,58.0,NaN,NaN
2024-02-15T00:00:00Z,0.0,22.0,60.0,25.48193,1.4724503
2024-02-15T00:00:00Z,0.0,22.0,62.0,25.50733,1.4420376
2024-02-15T00:00:00Z,0.0,22.0,64.0,25.552612,1.3738213
2024-02-15T00:00:00Z,0.0,22.0,66.0,25.579998,1.2700825
2024-02-15T00:00:00Z,0.0,22.0,68.0,25.570656,1.1607742
2024-02-15T00:00:00Z,0.0,22.0,70.0,25.689838,1.0914497
2024-02-15T00:00:00Z,0.0,22.0,72.0,NaN,NaN
2024-02-15T00:00:00Z,0.0,22.0,74.0,NaN,NaN
2024-02-15T00:00:00Z,0.0,22.0,76.0,NaN,NaN
2024-02-15T00:00:00Z,0.0,24.0,56.0,NaN,NaN
2024-02-15T00:00:00Z,0.0,24.0,58.0,NaN,NaN
2024-02-15T00:00:00Z,0.0,24.0,60.0,24.791025,1.2684631
2024-02-15T00:00:00Z,0.0,24.0,62.0,24.934175,1.3040161
2024-02-15T00:00:00Z,0.0,24.0,64.0,24.8964,1.2058296
2024-02-15T00:00:00Z,0.0,24.0,66.0,24.804497,1.0808182
2024-02-15T00:00:00Z,0.0,24.0,68.0,24.845894,0.9942303
2024-02-15T00:00:00Z,0.0,24.0,70.0,NaN,NaN
2024-02-15T00:00:00Z,0.0,24.0,72.0,NaN,NaN
2024-02-15T00:00:00Z,0.0,24.0,74.0,NaN,NaN
2024-02-15T00:00:00Z,0.0,24.0,76.0,NaN,NaN
2024-02-15T00:00:00Z,0.0,26.0,56.0,23.39338,0.94887924
2024-02-15T00:00:00Z,0.0,26.0,58.0,24.068214,1.0436592
2024-02-15T00:00:00Z,0.0,26.0,60.0,24.372963,1.1105194
2024-02-15T00:00:00Z,0.0,26.0,62.0,NaN,NaN
2024-02-15T00:00:00Z,0.0,26.0,64.0,24.487928,1.0642223
2024-02-15T00:00:00Z,0.0,26.0,66.0,24.397005,0.97304153
2024-02-15T00:00:00Z,0.0,26.0,68.0,NaN,NaN
2024-02-15T00:00:00Z,0.0,26.0,70.0,NaN,NaN
2024-02-15T00:00:00Z,0.0,26.0,72.0,NaN,NaN
2024-02-15T00:00:00Z,0.0,26.0,74.0,NaN,NaN
2024-02-15T00:00:00Z,0.0,26.0,76.0,NaN,NaN
2024-03-15T00:00:00Z,0.0,8.0,56.0,29.349806,1.3535557
2024-03-15T00:00:00Z,0.0,8.0,58.0,29.341202,1.2375565
2024-03-15T00:00:00Z,0.0,8.0,60.0,29.375942,1.133255
2024-03-15T00:00:00Z,0.0,8.0,62.0,29.461601,1.0489979
2024-03-15T00:00:00Z,0.0,8.0,64.0,29.583296,0.994215
2024-03-15T00:00:00Z,0.0,8.0,66.0,29.726303,0.96884537
2024-03-15T00:00:00Z,0.0,8.0,68.0,29.872387,0.958971
2024-03-15T00:00:00Z,0.0,8.0,70.0,29.983921,0.94558907
2024-03-15T00:00:00Z,0.0,8.0,72.0,30.10894,0.9878578
2024-03-15T00:00:00Z,0.0,8.0,74.0,30.196186,1.0271645
2024-03-15T00:00:00Z,0.0,8.0,76.0,30.207514,1.0711384
2024-03-15T00:00:00Z,0.0,10.0,56.0,28.953905,1.3734245
2024-03-15T00:00:00Z,0.0,10.0,58.0,28.912586,1.26544
2024-03-15T00:00:00Z,0.0,10.0,60.0,28.920294,1.1624413
2024-03-15T00:00:00Z,0.0,10.0,62.0,29.01669,1.0810051
2024-03-15T00:00:00Z,0.0,10.0,64.0,29.193838,1.0276737
2024-03-15T00:00:00Z,0.0,10.0,66.0,29.40948,1.0058346
2024-03-15T00:00:00Z,0.0,10.0,68.0,29.62399,1.0029278
2024-03-15T00:00:00Z,0.0,10.0,70.0,29.800764,0.98587036
2024-03-15T00:00:00Z,0.0,10.0,72.0,29.990093,1.0086365
2024-03-15T00:00:00Z,0.0,10.0,74.0,30.158302,1.0394096
2024-03-15T00:00:00Z,0.0,10.0,76.0,30.255875,1.0743752
2024-03-15T00:00:00Z,0.0,12.0,56.0,28.56554,1.3939552
2024-03-15T00:00:00Z,0.0,12.0,58.0,28.522635,1.3094692
2024-03-15T00:00:00Z,0.0,12.0,60.0,28.500586,1.2140675
2024-03-15T00:00:00Z,0.0,12.0,62.0,28.568422,1.1270275
2024-03-15T00:00:00Z,0.0,12.0,64.0,28.756664,1.0628948
2024-03-15T00:00:00Z,0.0,12.0,66.0,29.006315,1.0265675
2024-03-15T00:00:00Z,0.0,12.0,68.0,29.259727,1.0181465
2024-03-15T00:00:00Z,0.0,12.0,70.0,29.482758,0.9974251
2024-03-15T00:00:00Z,0.0,12.0,72.0,29.729435,1.0050602
2024-03-15T00:00:00Z,0.0,12.0,74.0,29.976658,1.0277576
2024-03-15T00:00:00Z,0.0,12.0,76.0,30.177658,1.0622044
2024-03-15T00:00:00Z,0.0,14.0,56.0,28.158726,1.3880577
2024-03-15T00:00:00Z,0.0,14.0,58.0,28.149754,1.3424835
2024-03-15T00:00:00Z,0.0,14.0,60.0,28.131947,1.2644653
2024-03-15T00:00:00Z,0.0,14.0,62.0,28.163374,1.1749344
2024-03-15T00:00:00Z,0.0,14.0,64.0,28.308712,1.0897751
2024-03-15T00:00:00Z,0.0,14.0,66.0,28.55978,1.0380707
2024-03-15T00:00:00Z,0.0,14.0,68.0,28.846756,1.0224648
2024-03-15T00:00:00Z,0.0,14.0,70.0,29.111004,1.003191
2024-03-15T00:00:00Z,0.0,14.0,72.0,29.389332,1.0007248
2024-03-15T00:00:00Z,0.0,14.0,74.0,29.656883,1.0263538
2024-03-15T00:00:00Z,0.0,14.0,76.0,NaN,NaN
2024-03-15T00:00:00Z,0.0,16.0,56.0,27.70151,1.3306885
2024-03-15T00:00:00Z,0.0,16.0,58.0,27.686731,1.3064175
2024-03-15T00:00:00Z,0.0,16.0,60.0,27.720104,1.2580605
2024-03-15T00:00:00Z,0.0,16.0,62.0,27.75774,1.1800518
2024-03-15T00:00:00Z,0.0,16.0,64.0,27.85075,1.0825634
2024-03-15T00:00:00Z,0.0,16.0,66.0,28.08103,1.023426
2024-03-15T00:00:00Z,0.0,16.0,68.0,28.38715,1.0060253
2024-03-15T00:00:00Z,0.0,16.0,70.0,28.638653,0.98880005
2024-03-15T00:00:00Z,0.0,16.0,72.0,28.888052,0.97657204
2024-03-15T00:00:00Z,0.0,16.0,74.0,29.2396,1.0319862
2024-03-15T00:00:00Z,0.0,16.0,76.0,NaN,NaN
2024-03-15T00:00:00Z,0.0,18.0,56.0,27.272717,1.2542992
2024-03-15T00:00:00Z,0.0,18.0,58.0,27.152338,1.2183037
2024-03-15T00:00:00Z,0.0,18.0,60.0,27.202822,1.1874886
2024-03-15T00:00:00Z,0.0,18.0,62.0,27.27415,1.1284008
2024-03-15T00:00:00Z,0.0,18.0,64.0,27.361525,1.046526
2024-03-15T00:00:00Z,0.0,18.0,66.0,27.560616,0.98701286
2024-03-15T00:00:00Z,0.0,18.0,68.0,27.812948,0.95936775
2024-03-15T00:00:00Z,0.0,18.0,70.0,27.921034,0.92232704
2024-03-15T00:00:00Z,0.0,18.0,72.0,27.960257,0.8962765
2024-03-15T00:00:00Z,0.0,18.0,74.0,NaN,NaN
2024-03-15T00:00:00Z,0.0,18.0,76.0,NaN,NaN
2024-03-15T00:00:00Z,0.0,20.0,56.0,NaN,NaN
2024-03-15T00:00:00Z,0.0,20.0,58.0,26.709002,1.1294746
2024-03-15T00:00:00Z,0.0,20.0,60.0,26.630053,1.0901489
2024-03-15T00:00:00Z,0.0,20.0,62.0,26.67878,1.039341
2024-03-15T00:00:00Z,0.0,20.0,64.0,26.77815,0.97844505
2024-03-15T00:00:00Z,0.0,20.0,66.0,26.922375,0.9185219
2024-03-15T00:00:00Z,0.0,20.0,68.0,27.034056,0.8674736
2024-03-15T00:00:00Z,0.0,20.0,70.0,27.015331,0.815979
2024-03-15T00:00:00Z,0.0,20.0,72.0,27.04176,0.7720375
2024-03-15T00:00:00Z,0.0,20.0,74.0,NaN,NaN
2024-03-15T00:00:00Z,0.0,20.0,76.0,NaN,NaN
2024-03-15T00:00:00Z,0.0,22.0,56.0,NaN,NaN
2024-03-15T00:00:00Z,0.0,22.0,58.0,NaN,NaN
2024-03-15T00:00:00Z,0.0,22.0,60.0,25.92611,0.936018
2024-03-15T00:00:00Z,0.0,22.0,62.0,25.991604,0.92458344
2024-03-15T00:00:00Z,0.0,22.0,64.0,26.078814,0.883585
2024-03-15T00:00:00Z,0.0,22.0,66.0,26.1435,0.8162327
2024-03-15T00:00:00Z,0.0,22.0,68.0,26.164621,0.7426777
2024-03-15T00:00:00Z,0.0,22.0,70.0,26.268068,0.70314217
2024-03-15T00:00:00Z,0.0,22.0,72.0,NaN,NaN
2024-03-15T00:00:00Z,0.0,22.0,74.0,NaN,NaN
2024-03-15T00:00:00Z,0.0,22.0,76.0,NaN,NaN
2024-03-15T00:00:00Z,0.0,24.0,56.0,NaN,NaN
2024-03-15T00:00:00Z,0.0,24.0,58.0,NaN,NaN
2024-03-15T00:00:00Z,0.0,24.0,60.0,25.101795,0.65813255
2024-03-15T00:00:00Z,0.0,24.0,62.0,25.331993,0.76563835
2024-03-15T00:00:00Z,0.0,24.0,64.0,25.381441,0.7458515
2024-03-15T00:00:00Z,0.0,24.0,66.0,25.381979,0.6760864
2024-03-15T00:00:00Z,0.0,24.0,68.0,25.500889,0.61985207
2024-03-15T00:00:00Z,0.0,24.0,70.0,NaN,NaN
2024-03-15T00:00:00Z,0.0,24.0,72.0,NaN,NaN
2024-03-15T00:00:00Z,0.0,24.0,74.0,NaN,NaN
2024-03-15T00:00:00Z,0.0,24.0,76.0,NaN,NaN
2024-03-15T00:00:00Z,0.0,26.0,56.0,23.169703,0.1359539
2024-03-15T00:00:00Z,0.0,26.0,58.0,24.087805,0.3079281
2024-03-15T00:00:00Z,0.0,26.0,60.0,24.592941,0.4603653
2024-03-15T00:00:00Z,0.0,26.0,62.0,NaN,NaN
2024-03-15T00:00:00Z,0.0,26.0,64.0,24.977867,0.6464977
2024-03-15T00:00:00Z,0.0,26.0,66.0,24.961922,0.6007004
2024-03-15T00:00:00Z,0.0,26.0,68.0,NaN,NaN
2024-03-15T00:00:00Z,0.0,26.0,70.0,NaN,NaN
2024-03-15T00:00:00Z,0.0,26.0,72.0,NaN,NaN
2024-03-15T00:00:00Z,0.0,26.0,74.0,NaN,NaN
2024-03-15T00:00:00Z,0.0,26.0,76.0,NaN,NaN
2024-04-15T00:00:00Z,0.0,8.0,56.0,30.571945,1.2025108
2024-04-15T00:00:00Z,0.0,8.0,58.0,30.556925,1.1266136
2024-04-15T00:00:00Z,0.0,8.0,60.0,30.555561,1.0636444
2024-04-15T00:00:00Z,0.0,8.0,62.0,30.585821,1.0194454
2024-04-15T00:00:00Z,0.0,8.0,64.0,30.643665,0.9911461
2024-04-15T00:00:00Z,0.0,8.0,66.0,30.729488,0.9804077
2024-04-15T00:00:00Z,0.0,8.0,68.0,30.82249,0.9775963
2024-04-15T00:00:00Z,0.0,8.0,70.0,30.891943,0.97325706
2024-04-15T00:00:00Z,0.0,8.0,72.0,31.00461,1.0438595
2024-04-15T00:00:00Z,0.0,8.0,74.0,31.101603,1.1315403
2024-04-15T00:00:00Z,0.0,8.0,76.0,31.137197,1.2303162
2024-04-15T00:00:00Z,0.0,10.0,56.0,30.26251,1.1267815
2024-04-15T00:00:00Z,0.0,10.0,58.0,30.270424,1.0964451
2024-04-15T00:00:00Z,0.0,10.0,60.0,30.287663,1.0668697
2024-04-15T00:00:00Z,0.0,10.0,62.0,30.342512,1.0430317
2024-04-15T00:00:00Z,0.0,10.0,64.0,30.418863,1.0109272
2024-04-15T00:00:00Z,0.0,10.0,66.0,30.515196,0.98498726
2024-04-15T00:00:00Z,0.0,10.0,68.0,30.627462,0.97485733
2024-04-15T00:00:00Z,0.0,10.0,70.0,30.734564,0.96383476
2024-04-15T00:00:00Z,0.0,10.0,72.0,30.89377,1.0176048
2024-04-15T00:00:00Z,0.0,10.0,74.0,31.068916,1.1072083
2024-04-15T00:00:00Z,0.0,10.0,76.0,31.194023,1.2034969
2024-04-15T00:00:00Z,0.0,12.0,56.0,30.017338,1.109045
2024-04-15T00:00:00Z,0.0,12.0,58.0,30.046825,1.1211586
2024-04-15T00:00:00Z,0.0,12.0,60.0,30.072094,1.1253853
2024-04-15T00:00:00Z,0.0,12.0,62.0,30.110079,1.101038
2024-04-15T00:00:00Z,0.0,12.0,64.0,30.177341,1.0576344
2024-04-15T00:00:00Z,0.0,12.0,66.0,30.261627,1.0142117
2024-04-15T00:00:00Z,0.0,12.0,68.0,30.36057,0.9901333
2024-04-15T00:00:00Z,0.0,12.0,70.0,30.4752,0.9678669
2024-04-15T00:00:00Z,0.0,12.0,72.0,30.668163,1.0014763
2024-04-15T00:00:00Z,0.0,12.0,74.0,30.900671,1.0675049
2024-04-15T00:00:00Z,0.0,12.0,76.0,31.110014,1.147625
2024-04-15T00:00:00Z,0.0,14.0,56.0,29.752817,1.1248589
2024-04-15T00:00:00Z,0.0,14.0,58.0,29.798916,1.1620407
2024-04-15T00:00:00Z,0.0,14.0,60.0,29.834103,1.1796875
2024-04-15T00:00:00Z,0.0,14.0,62.0,29.87409,1.1705074
2024-04-15T00:00:00Z,0.0,14.0,64.0,29.926727,1.1250191
2024-04-15T00:00:00Z,0.0,14.0,66.0,29.999016,1.0741844
2024-04-15T00:00:00Z,0.0,14.0,68.0,30.091133,1.0418205
2024-04-15T00:00:00Z,0.0,14.0,70.0,30.209682,1.015974
2024-04-15T00:00:00Z,0.0,14.0,72.0,30.403477,1.0259132
2024-04-15T00:00:00Z,0.0,14.0,74.0,30.635252,1.0752087
2024-04-15T00:00:00Z,0.0,14.0,76.0,NaN,NaN
2024-04-15T00:00:00Z,0.0,16.0,56.0,29.34345,1.1062355
2024-04-15T00:00:00Z,0.0,16.0,58.0,29.359438,1.1402493
2024-04-15T00:00:00Z,0.0,16.0,60.0,29.456846,1.1816177
2024-04-15T00:00:00Z,0.0,16.0,62.0,29.549955,1.199789
2024-04-15T00:00:00Z,0.0,16.0,64.0,29.609226,1.1695824
2024-04-15T00:00:00Z,0.0,16.0,66.0,29.679882,1.1256332
2024-04-15T00:00:00Z,0.0,16.0,68.0,29.781418,1.0994396
2024-04-15T00:00:00Z,0.0,16.0,70.0,29.879343,1.0745068
2024-04-15T00:00:00Z,0.0,16.0,72.0,30.033657,1.0587311
2024-04-15T00:00:00Z,0.0,16.0,74.0,30.319021,1.1145382
2024-04-15T00:00:00Z,0.0,16.0,76.0,NaN,NaN
2024-04-15T00:00:00Z,0.0,18.0,56.0,28.898792,1.0705776
2024-04-15T00:00:00Z,0.0,18.0,58.0,28.79508,1.0802593
2024-04-15T00:00:00Z,0.0,18.0,60.0,28.926605,1.1288147
2024-04-15T00:00:00Z,0.0,18.0,62.0,29.089764,1.1652241
2024-04-15T00:00:00Z,0.0,18.0,64.0,29.191341,1.1631756
2024-04-15T00:00:00Z,0.0,18.0,66.0,29.275024,1.1413994
2024-04-15T00:00:00Z,0.0,18.0,68.0,29.350988,1.1204662
2024-04-15T00:00:00Z,0.0,18.0,70.0,29.348013,1.0845528
2024-04-15T00:00:00Z,0.0,18.0,72.0,29.345047,1.0524368
2024-04-15T00:00:00Z,0.0,18.0,74.0,NaN,NaN
2024-04-15T00:00:00Z,0.0,18.0,76.0,NaN,NaN
2024-04-15T00:00:00Z,0.0,20.0,56.0,NaN,NaN
2024-04-15T00:00:00Z,0.0,20.0,58.0,28.382261,1.0369263
2024-04-15T00:00:00Z,0.0,20.0,60.0,28.398252,1.0587177
2024-04-15T00:00:00Z,0.0,20.0,62.0,28.537535,1.0789108
2024-04-15T00:00:00Z,0.0,20.0,64.0,28.660984,1.0902138
2024-04-15T00:00:00Z,0.0,20.0,66.0,28.737173,1.0841923
2024-04-15T00:00:00Z,0.0,20.0,68.0,28.745031,1.0658417
2024-04-15T00:00:00Z,0.0,20.0,70.0,28.672747,1.0313778
2024-04-15T00:00:00Z,0.0,20.0,72.0,28.668648,0.99204445
2024-04-15T00:00:00Z,0.0,20.0,74.0,NaN,NaN
2024-04-15T00:00:00Z,0.0,20.0,76.0,NaN,NaN
2024-04-15T00:00:00Z,0.0,22.0,56.0,NaN,NaN
2024-04-15T00:00:00Z,0.0,22.0,58.0,NaN,NaN
2024-04-15T00:00:00Z,0.0,22.0,60.0,27.876352,0.936985
2024-04-15T00:00:00Z,0.0,22.0,62.0,27.964928,0.96336365
2024-04-15T00:00:00Z,0.0,22.0,64.0,28.039022,0.97323036
2024-04-15T00:00:00Z,0.0,22.0,66.0,28.063265,0.9600582
2024-04-15T00:00:00Z,0.0,22.0,68.0,28.050001,0.9377022
2024-04-15T00:00:00Z,0.0,22.0,70.0,28.113914,0.9336071
2024-04-15T00:00:00Z,0.0,22.0,72.0,NaN,NaN
2024-04-15T00:00:00Z,0.0,22.0,74.0,NaN,NaN
2024-04-15T00:00:00Z,0.0,22.0,76.0,NaN,NaN
2024-04-15T00:00:00Z,0.0,24.0,56.0,NaN,NaN
2024-04-15T00:00:00Z,0.0,24.0,58.0,NaN,NaN
2024-04-15T00:00:00Z,0.0,24.0,60.0,27.283827,0.6996479
2024-04-15T00:00:00Z,0.0,24.0,62.0,27.42626,0.80509377
2024-04-15T00:00:00Z,0.0,24.0,64.0,27.402002,0.81380844
2024-04-15T00:00:00Z,0.0,24.0,66.0,27.374813,0.7904663
2024-04-15T00:00:00Z,0.0,24.0,68.0,27.482012,0.7874012
2024-04-15T00:00:00Z,0.0,24.0,70.0,NaN,NaN
2024-04-15T00:00:00Z,0.0,24.0,72.0,NaN,NaN
2024-04-15T00:00:00Z,0.0,24.0,74.0,NaN,NaN
2024-04-15T00:00:00Z,0.0,24.0,76.0,NaN,NaN
2024-04-15T00:00:00Z,0.0,26.0,56.0,25.63194,0.33335686
2024-04-15T00:00:00Z,0.0,26.0,58.0,26.474194,0.43544388
2024-04-15T00:00:00Z,0.0,26.0,60.0,26.903267,0.53230476
2024-04-15T00:00:00Z,0.0,26.0,62.0,NaN,NaN
2024-04-15T00:00:00Z,0.0,26.0,64.0,27.000523,0.70290565
2024-04-15T00:00:00Z,0.0,26.0,66.0,26.976082,0.69109344
2024-04-15T00:00:00Z,0.0,26.0,68.0,NaN,NaN
2024-04-15T00:00:00Z,0.0,26.0,70.0,NaN,NaN
2024-04-15T00:00:00Z,0.0,26.0,72.0,NaN,NaN
2024-04-15T00:00:00Z,0.0,26.0,74.0,NaN,NaN
2024-04-15T00:00:00Z,0.0,26.0,76.0,NaN,NaN
2024-05-15T00:00:00Z,0.0,8.0,56.0,30.707102,1.093729
2024-05-15T00:00:00Z,0.0,8.0,58.0,30.871447,1.0763016
2024-05-15T00:00:00Z,0.0,8.0,60.0,30.954067,1.0623817
2024-05-15T00:00:00Z,0.0,8.0,62.0,30.970966,1.0344887
2024-05-15T00:00:00Z,0.0,8.0,64.0,30.953773,0.9941063
2024-05-15T00:00:00Z,0.0,8.0,66.0,30.950672,0.9734421
2024-05-15T00:00:00Z,0.0,8.0,68.0,30.961565,0.97050285
2024-05-15T00:00:00Z,0.0,8.0,70.0,30.964323,0.96972084
2024-05-15T00:00:00Z,0.0,8.0,72.0,31.000368,1.0295353
2024-05-15T00:00:00Z,0.0,8.0,74.0,30.97069,1.0868549
2024-05-15T00:00:00Z,0.0,8.0,76.0,30.835764,1.1353798
2024-05-15T00:00:00Z,0.0,10.0,56.0,30.711977,1.1613712
2024-05-15T00:00:00Z,0.0,10.0,58.0,30.892225,1.1694756
2024-05-15T00:00:00Z,0.0,10.0,60.0,30.983068,1.1774025
2024-05-15T00:00:00Z,0.0,10.0,62.0,31.006662,1.1535187
2024-05-15T00:00:00Z,0.0,10.0,64.0,30.987303,1.0970554
2024-05-15T00:00:00Z,0.0,10.0,66.0,30.963356,1.0425644
2024-05-15T00:00:00Z,0.0,10.0,68.0,30.965029,1.0146542
2024-05-15T00:00:00Z,0.0,10.0,70.0,30.98666,1.0030575
2024-05-15T00:00:00Z,0.0,10.0,72.0,31.04685,1.048748
2024-05-15T00:00:00Z,0.0,10.0,74.0,31.064081,1.1047688
2024-05-15T00:00:00Z,0.0,10.0,76.0,31.004597,1.141983
2024-05-15T00:00:00Z,0.0,12.0,56.0,30.84417,1.2398777
2024-05-15T00:00:00Z,0.0,12.0,58.0,30.959711,1.2736282
2024-05-15T00:00:00Z,0.0,12.0,60.0,31.015343,1.2950935
2024-05-15T00:00:00Z,0.0,12.0,62.0,31.02106,1.2615623
2024-05-15T00:00:00Z,0.0,12.0,64.0,30.996422,1.1883602
2024-05-15T00:00:00Z,0.0,12.0,66.0,30.953356,1.1060448
2024-05-15T00:00:00Z,0.0,12.0,68.0,30.932846,1.0535755
2024-05-15T00:00:00Z,0.0,12.0,70.0,30.944904,1.0217171
2024-05-15T00:00:00Z,0.0,12.0,72.0,31.022789,1.0532074
2024-05-15T00:00:00Z,0.0,12.0,74.0,31.081406,1.0918446
2024-05-15T00:00:00Z,0.0,12.0,76.0,31.101646,1.1242886
2024-05-15T00:00:00Z,0.0,14.0,56.0,30.919521,1.3009377
2024-05-15T00:00:00Z,0.0,14.0,58.0,30.948135,1.349823
2024-05-15T00:00:00Z,0.0,14.0,60.0,30.975721,1.3708897
2024-05-15T00:00:00Z,0.0,14.0,62.0,30.99256,1.3379345
2024-05-15T00:00:00Z,0.0,14.0,64.0,30.973951,1.2551823
2024-05-15T00:00:00Z,0.0,14.0,66.0,30.915993,1.1535778
2024-05-15T00:00:00Z,0.0,14.0,68.0,30.868835,1.0799599
2024-05-15T00:00:00Z,0.0,14.0,70.0,30.861544,1.0335217
2024-05-15T00:00:00Z,0.0,14.0,72.0,30.925186,1.0360603
2024-05-15T00:00:00Z,0.0,14.0,74.0,31.017525,1.0736103
2024-05-15T00:00:00Z,0.0,14.0,76.0,NaN,NaN
2024-05-15T00:00:00Z,0.0,16.0,56.0,30.665585,1.2897568
2024-05-15T00:00:00Z,0.0,16.0,58.0,30.636549,1.3323822
2024-05-15T00:00:00Z,0.0,16.0,60.0,30.72726,1.3624477
2024-05-15T00:00:00Z,0.0,16.0,62.0,30.829916,1.3483963
2024-05-15T00:00:00Z,0.0,16.0,64.0,30.845573,1.2695732
2024-05-15T00:00:00Z,0.0,16.0,66.0,30.785973,1.162096
2024-05-15T00:00:00Z,0.0,16.0,68.0,30.718185,1.0738716
2024-05-15T00:00:00Z,0.0,16.0,70.0,30.669748,1.0051422
2024-05-15T00:00:00Z,0.0,16.0,72.0,30.70573,0.9795685
2024-05-15T00:00:00Z,0.0,16.0,74.0,30.863707,1.0389671
2024-05-15T00:00:00Z,0.0,16.0,76.0,NaN,NaN
2024-05-15T00:00:00Z,0.0,18.0,56.0,30.216175,1.2437305
2024-05-15T00:00:00Z,0.0,18.0,58.0,30.102451,1.2612572
2024-05-15T00:00:00Z,0.0,18.0,60.0,30.26736,1.2884445
2024-05-15T00:00:00Z,0.0,18.0,62.0,30.479155,1.2855701
2024-05-15T00:00:00Z,0.0,18.0,64.0,30.55576,1.2158661
2024-05-15T00:00:00Z,0.0,18.0,66.0,30.519325,1.1150551
2024-05-15T00:00:00Z,0.0,18.0,68.0,30.424854,1.0144348
2024-05-15T00:00:00Z,0.0,18.0,70.0,30.299152,0.91848373
2024-05-15T00:00:00Z,0.0,18.0,72.0,30.241709,0.8663597
2024-05-15T00:00:00Z,0.0,18.0,74.0,NaN,NaN
2024-05-15T00:00:00Z,0.0,18.0,76.0,NaN,NaN
2024-05-15T00:00:00Z,0.0,20.0,56.0,NaN,NaN
2024-05-15T00:00:00Z,0.0,20.0,58.0,29.753872,1.1951332
2024-05-15T00:00:00Z,0.0,20.0,60.0,29.860655,1.1871891
2024-05-15T00:00:00Z,0.0,20.0,62.0,30.048782,1.1523857
2024-05-15T00:00:00Z,0.0,20.0,64.0,30.12975,1.0778542
2024-05-15T00:00:00Z,0.0,20.0,66.0,30.093557,0.97797203
2024-05-15T00:00:00Z,0.0,20.0,68.0,29.968552,0.88152885
2024-05-15T00:00:00Z,0.0,20.0,70.0,29.82389,0.80267906
2024-05-15T00:00:00Z,0.0,20.0,72.0,29.770987,0.7404289
2024-05-15T00:00:00Z,0.0,20.0,74.0,NaN,NaN
2024-05-15T00:00:00Z,0.0,20.0,76.0,NaN,NaN
2024-05-15T00:00:00Z,0.0,22.0,56.0,NaN,NaN
2024-05-15T00:00:00Z,0.0,22.0,58.0,NaN,NaN
2024-05-15T00:00:00Z,0.0,22.0,60.0,29.726395,1.0257835
2024-05-15T00:00:00Z,0.0,22.0,62.0,29.73124,0.96717453
2024-05-15T00:00:00Z,0.0,22.0,64.0,29.65264,0.8579731
2024-05-15T00:00:00Z,0.0,22.0,66.0,29.546215,0.75683975
2024-05-15T00:00:00Z,0.0,22.0,68.0,29.437462,0.6921177
2024-05-15T00:00:00Z,0.0,22.0,70.0,29.424671,0.6734638
2024-05-15T00:00:00Z,0.0,22.0,72.0,NaN,NaN
2024-05-15T00:00:00Z,0.0,22.0,74.0,NaN,NaN
2024-05-15T00:00:00Z,0.0,22.0,76.0,NaN,NaN
2024-05-15T00:00:00Z,0.0,24.0,56.0,NaN,NaN
2024-05-15T00:00:00Z,0.0,24.0,58.0,NaN,NaN
2024-05-15T00:00:00Z,0.0,24.0,60.0,29.71288,0.7817402
2024-05-15T00:00:00Z,0.0,24.0,62.0,29.511969,0.7461834
2024-05-15T00:00:00Z,0.0,24.0,64.0,29.1618,0.5891533
2024-05-15T00:00:00Z,0.0,24.0,66.0,28.979992,0.49708176
2024-05-15T00:00:00Z,0.0,24.0,68.0,28.985222,0.48663902
2024-05-15T00:00:00Z,0.0,24.0,70.0,NaN,NaN
2024-05-15T00:00:00Z,0.0,24.0,72.0,NaN,NaN
2024-05-15T00:00:00Z,0.0,24.0,74.0,NaN,NaN
2024-05-15T00:00:00Z,0.0,24.0,76.0,NaN,NaN
2024-05-15T00:00:00Z,0.0,26.0,56.0,29.049454,0.66329193
2024-05-15T00:00:00Z,0.0,26.0,58.0,29.608221,0.64463997
2024-05-15T00:00:00Z,0.0,26.0,60.0,29.703796,0.6201687
2024-05-15T00:00:00Z,0.0,26.0,62.0,NaN,NaN
2024-05-15T00:00:00Z,0.0,26.0,64.0,28.767406,0.3771267
2024-05-15T00:00:00Z,0.0,26.0,66.0,28.645012,0.33377075
2024-05-15T00:00:00Z,0.0,26.0,68.0,NaN,NaN
2024-05-15T00:00:00Z,0.0,26.0,70.0,NaN,NaN
2024-05-15T00:00:00Z,0.0,26.0,72.0,NaN,NaN
2024-05-15T00:00:00Z,0.0,26.0,74.0,NaN,NaN
2024-05-15T00:00:00Z,0.0,26.0,76.0,NaN,NaN
2024-06-15T00:00:00Z,0.0,8.0,56.0,28.719517,0.70630836
2024-06-15T00:00:00Z,0.0,8.0,58.0,29.27534,0.80667305
2024-06-15T00:00:00Z,0.0,8.0,60.0,29.700926,0.90932274
2024-06-15T00:00:00Z,0.0,8.0,62.0,29.975456,0.9801636
2024-06-15T00:00:00Z,0.0,8.0,64.0,30.125132,1.0080471
2024-06-15T00:00:00Z,0.0,8.0,66.0,30.19615,1.0186062
2024-06-15T00:00:00Z,0.0,8.0,68.0,30.209549,1.0117569
2024-06-15T00:00:00Z,0.0,8.0,70.0,30.162386,0.97392845
2024-06-15T00:00:00Z,0.0,8.0,72.0,30.08831,0.9699974
2024-06-15T00:00:00Z,0.0,8.0,74.0,29.874472,0.95059776
2024-06-15T00:00:00Z,0.0,8.0,76.0,29.539207,0.9339638
2024-06-15T00:00:00Z,0.0,10.0,56.0,28.57927,0.74760437
2024-06-15T00:00:00Z,0.0,10.0,58.0,29.146997,0.8561859
2024-06-15T00:00:00Z,0.0,10.0,60.0,29.566736,0.9632168
2024-06-15T00:00:00Z,0.0,10.0,62.0,29.848797,1.020443
2024-06-15T00:00:00Z,0.0,10.0,64.0,30.043179,1.0427628
2024-06-15T00:00:00Z,0.0,10.0,66.0,30.160275,1.0493164
2024-06-15T00:00:00Z,0.0,10.0,68.0,30.213583,1.043623
2024-06-15T00:00:00Z,0.0,10.0,70.0,30.194067,1.010107
2024-06-15T00:00:00Z,0.0,10.0,72.0,30.112299,0.99704933
2024-06-15T00:00:00Z,0.0,10.0,74.0,29.89834,0.9745693
2024-06-15T00:00:00Z,0.0,10.0,76.0,29.62871,0.948843
2024-06-15T00:00:00Z,0.0,12.0,56.0,28.769459,0.81066513
2024-06-15T00:00:00Z,0.0,12.0,58.0,29.152027,0.9095688
2024-06-15T00:00:00Z,0.0,12.0,60.0,29.48412,1.0050564
2024-06-15T00:00:00Z,0.0,12.0,62.0,29.762182,1.0464954
2024-06-15T00:00:00Z,0.0,12.0,64.0,30.001379,1.063837
2024-06-15T00:00:00Z,0.0,12.0,66.0,30.1659,1.0721684
2024-06-15T00:00:00Z,0.0,12.0,68.0,30.254795,1.0733776
2024-06-15T00:00:00Z,0.0,12.0,70.0,30.254318,1.0417137
2024-06-15T00:00:00Z,0.0,12.0,72.0,30.19822,1.0288658
2024-06-15T00:00:00Z,0.0,12.0,74.0,30.031347,1.0041885
2024-06-15T00:00:00Z,0.0,12.0,76.0,29.83193,0.9754391
2024-06-15T00:00:00Z,0.0,14.0,56.0,29.088987,0.89484215
2024-06-15T00:00:00Z,0.0,14.0,58.0,29.239943,0.9769211
2024-06-15T00:00:00Z,0.0,14.0,60.0,29.489279,1.0461941
2024-06-15T00:00:00Z,0.0,14.0,62.0,29.797619,1.084198
2024-06-15T00:00:00Z,0.0,14.0,64.0,30.080378,1.103899
2024-06-15T00:00:00Z,0.0,14.0,66.0,30.257524,1.109129
2024-06-15T00:00:00Z,0.0,14.0,68.0,30.338167,1.1055202
2024-06-15T00:00:00Z,0.0,14.0,70.0,30.340466,1.073986
2024-06-15T00:00:00Z,0.0,14.0,72.0,30.307701,1.0463066
2024-06-15T00:00:00Z,0.0,14.0,74.0,30.246035,1.0394382
2024-06-15T00:00:00Z,0.0,14.0,76.0,NaN,NaN
2024-06-15T00:00:00Z,0.0,16.0,56.0,29.095392,0.9482746
2024-06-15T00:00:00Z,0.0,16.0,58.0,29.168318,1.0106907
2024-06-15T00:00:00Z,0.0,16.0,60.0,29.488337,1.0700645
2024-06-15T00:00:00Z,0.0,16.0,62.0,29.91593,1.1249695
2024-06-15T00:00:00Z,0.0,16.0,64.0,30.260118,1.1619091
2024-06-15T00:00:00Z,0.0,16.0,66.0,30.426897,1.1628551
2024-06-15T00:00:00Z,0.0,16.0,68.0,30.465816,1.1406307
2024-06-15T00:00:00Z,0.0,16.0,70.0,30.438961,1.088295
2024-06-15T00:00:00Z,0.0,16.0,72.0,30.405415,1.0356655
2024-06-15T00:00:00Z,0.0,16.0,74.0,30.409195,1.0541401
2024-06-15T00:00:00Z,0.0,16.0,76.0,NaN,NaN
2024-06-15T00:00:00Z,0.0,18.0,56.0,28.845701,0.96889496
2024-06-15T00:00:00Z,0.0,18.0,58.0,28.917059,1.0210514
2024-06-15T00:00:00Z,0.0,18.0,60.0,29.37296,1.076355
2024-06-15T00:00:00Z,0.0,18.0,62.0,29.952076,1.1436806
2024-06-15T00:00:00Z,0.0,18.0,64.0,30.382603,1.1936455
2024-06-15T00:00:00Z,0.0,18.0,66.0,30.587221,1.2065144
2024-06-15T00:00:00Z,0.0,18.0,68.0,30.6028,1.1709671
2024-06-15T00:00:00Z,0.0,18.0,70.0,30.535725,1.097662
2024-06-15T00:00:00Z,0.0,18.0,72.0,30.479864,1.0273438
2024-06-15T00:00:00Z,0.0,18.0,74.0,NaN,NaN
2024-06-15T00:00:00Z,0.0,18.0,76.0,NaN,NaN
2024-06-15T00:00:00Z,0.0,20.0,56.0,NaN,NaN
2024-06-15T00:00:00Z,0.0,20.0,58.0,28.906948,1.0280514
2024-06-15T00:00:00Z,0.0,20.0,60.0,29.377443,1.0719433
2024-06-15T00:00:00Z,0.0,20.0,62.0,29.936665,1.1142273
2024-06-15T00:00:00Z,0.0,20.0,64.0,30.368788,1.1521225
2024-06-15T00:00:00Z,0.0,20.0,66.0,30.617989,1.1748009
2024-06-15T00:00:00Z,0.0,20.0,68.0,30.6508,1.1620483
2024-06-15T00:00:00Z,0.0,20.0,70.0,30.579279,1.110632
2024-06-15T00:00:00Z,0.0,20.0,72.0,30.50794,1.0362167
2024-06-15T00:00:00Z,0.0,20.0,74.0,NaN,NaN
2024-06-15T00:00:00Z,0.0,20.0,76.0,NaN,NaN
2024-06-15T00:00:00Z,0.0,22.0,56.0,NaN,NaN
2024-06-15T00:00:00Z,0.0,22.0,58.0,NaN,NaN
2024-06-15T00:00:00Z,0.0,22.0,60.0,29.991552,1.0430927
2024-06-15T00:00:00Z,0.0,22.0,62.0,30.171877,1.0426693
2024-06-15T00:00:00Z,0.0,22.0,64.0,30.340883,1.0323429
2024-06-15T00:00:00Z,0.0,22.0,66.0,30.505785,1.0548878
2024-06-15T00:00:00Z,0.0,22.0,68.0,30.550413,1.0826073
2024-06-15T00:00:00Z,0.0,22.0,70.0,30.53706,1.0881786
2024-06-15T00:00:00Z,0.0,22.0,72.0,NaN,NaN
2024-06-15T00:00:00Z,0.0,22.0,74.0,NaN,NaN
2024-06-15T00:00:00Z,0.0,22.0,76.0,NaN,NaN
2024-06-15T00:00:00Z,0.0,24.0,56.0,NaN,NaN
2024-06-15T00:00:00Z,0.0,24.0,58.0,NaN,NaN
2024-06-15T00:00:00Z,0.0,24.0,60.0,30.993786,0.981205
2024-06-15T00:00:00Z,0.0,24.0,62.0,30.584053,0.9360466
2024-06-15T00:00:00Z,0.0,24.0,64.0,30.28436,0.8537922
2024-06-15T00:00:00Z,0.0,24.0,66.0,30.275122,0.8599491
2024-06-15T00:00:00Z,0.0,24.0,68.0,30.34605,0.9312172
2024-06-15T00:00:00Z,0.0,24.0,70.0,NaN,NaN
2024-06-15T00:00:00Z,0.0,24.0,72.0,NaN,NaN
2024-06-15T00:00:00Z,0.0,24.0,74.0,NaN,NaN
2024-06-15T00:00:00Z,0.0,24.0,76.0,NaN,NaN
2024-06-15T00:00:00Z,0.0,26.0,56.0,31.945175,1.1145897
2024-06-15T00:00:00Z,0.0,26.0,58.0,32.054913,1.0336609
2024-06-15T00:00:00Z,0.0,26.0,60.0,31.668243,0.9502468
2024-06-15T00:00:00Z,0.0,26.0,62.0,NaN,NaN
2024-06-15T00:00:00Z,0.0,26.0,64.0,30.15588,0.71792793
2024-06-15T00:00:00Z,0.0,26.0,66.0,30.110699,0.72852135
2024-06-15T00:00:00Z,0.0,26.0,68.0,NaN,NaN
2024-06-15T00:00:00Z,0.0,26.0,70.0,NaN,NaN
2024-06-15T00:00:00Z,0.0,26.0,72.0,NaN,NaN
2024-06-15T00:00:00Z,0.0,26.0,74.0,NaN,NaN
2024-06-15T00:00:00Z,0.0,26.0,76.0,NaN,NaN
2024-07-15T00:00:00Z,0.0,8.0,56.0,26.840109,0.3871498
2024-07-15T00:00:00Z,0.0,8.0,58.0,27.637989,0.54940414
2024-07-15T00:00:00Z,0.0,8.0,60.0,28.389576,0.7303238
2024-07-15T00:00:00Z,0.0,8.0,62.0,28.969118,0.8767433
2024-07-15T00:00:00Z,0.0,8.0,64.0,29.349617,0.96601295
2024-07-15T00:00:00Z,0.0,8.0,66.0,29.555517,1.0152264
2024-07-15T00:00:00Z,0.0,8.0,68.0,29.610086,1.0191708
2024-07-15T00:00:00Z,0.0,8.0,70.0,29.53761,0.9652977
2024-07-15T00:00:00Z,0.0,8.0,72.0,29.395578,0.9350586
2024-07-15T00:00:00Z,0.0,8.0,74.0,29.086771,0.8941059
2024-07-15T00:00:00Z,0.0,8.0,76.0,28.692623,0.8776169
2024-07-15T00:00:00Z,0.0,10.0,56.0,26.385365,0.32044983
2024-07-15T00:00:00Z,0.0,10.0,58.0,27.188059,0.4917469
2024-07-15T00:00:00Z,0.0,10.0,60.0,27.895847,0.6747837
2024-07-15T00:00:00Z,0.0,10.0,62.0,28.475056,0.81715965
2024-07-15T00:00:00Z,0.0,10.0,64.0,28.938404,0.9228401
2024-07-15T00:00:00Z,0.0,10.0,66.0,29.24295,0.9909706
2024-07-15T00:00:00Z,0.0,10.0,68.0,29.380175,1.006361
2024-07-15T00:00:00Z,0.0,10.0,70.0,29.349304,0.95122147
2024-07-15T00:00:00Z,0.0,10.0,72.0,29.182121,0.8973694
2024-07-15T00:00:00Z,0.0,10.0,74.0,28.845972,0.8367424
2024-07-15T00:00:00Z,0.0,10.0,76.0,28.504042,0.7971821
2024-07-15T00:00:00Z,0.0,12.0,56.0,26.247505,0.31460953
2024-07-15T00:00:00Z,0.0,12.0,58.0,26.83848,0.46360588
2024-07-15T00:00:00Z,0.0,12.0,60.0,27.44327,0.638937
2024-07-15T00:00:00Z,0.0,12.0,62.0,28.029251,0.77633476
2024-07-15T00:00:00Z,0.0,12.0,64.0,28.580854,0.8999996
2024-07-15T00:00:00Z,0.0,12.0,66.0,28.989838,0.9935875
2024-07-15T00:00:00Z,0.0,12.0,68.0,29.216002,1.0265446
2024-07-15T00:00:00Z,0.0,12.0,70.0,29.24184,0.97136307
2024-07-15T00:00:00Z,0.0,12.0,72.0,29.1206,0.90416145
2024-07-15T00:00:00Z,0.0,12.0,74.0,28.850378,0.83255196
2024-07-15T00:00:00Z,0.0,12.0,76.0,28.577875,0.77521706
2024-07-15T00:00:00Z,0.0,14.0,56.0,26.337065,0.39987946
2024-07-15T00:00:00Z,0.0,14.0,58.0,26.663336,0.5117321
2024-07-15T00:00:00Z,0.0,14.0,60.0,27.169455,0.6539974
2024-07-15T00:00:00Z,0.0,14.0,62.0,27.801842,0.79800797
2024-07-15T00:00:00Z,0.0,14.0,64.0,28.43373,0.9413338
2024-07-15T00:00:00Z,0.0,14.0,66.0,28.903429,1.0455132
2024-07-15T00:00:00Z,0.0,14.0,68.0,29.173315,1.084713
2024-07-15T00:00:00Z,0.0,14.0,70.0,29.249004,1.0347538
2024-07-15T00:00:00Z,0.0,14.0,72.0,29.197523,0.9529629
2024-07-15T00:00:00Z,0.0,14.0,74.0,29.075565,0.89603233
2024-07-15T00:00:00Z,0.0,14.0,76.0,NaN,NaN
2024-07-15T00:00:00Z,0.0,16.0,56.0,26.289139,0.5138817
2024-07-15T00:00:00Z,0.0,16.0,58.0,26.543264,0.60230637
2024-07-15T00:00:00Z,0.0,16.0,60.0,27.109194,0.725235
2024-07-15T00:00:00Z,0.0,16.0,62.0,27.856117,0.88209534
2024-07-15T00:00:00Z,0.0,16.0,64.0,28.566565,1.046648
2024-07-15T00:00:00Z,0.0,16.0,66.0,29.063313,1.156311
2024-07-15T00:00:00Z,0.0,16.0,68.0,29.333342,1.1935501
2024-07-15T00:00:00Z,0.0,16.0,70.0,29.427418,1.1445236
2024-07-15T00:00:00Z,0.0,16.0,72.0,29.402512,1.0419636
2024-07-15T00:00:00Z,0.0,16.0,74.0,29.343624,0.9956417
2024-07-15T00:00:00Z,0.0,16.0,76.0,NaN,NaN
2024-07-15T00:00:00Z,0.0,18.0,56.0,26.157154,0.6151371
2024-07-15T00:00:00Z,0.0,18.0,58.0,26.427143,0.7159271
2024-07-15T00:00:00Z,0.0,18.0,60.0,27.127962,0.83075523
2024-07-15T00:00:00Z,0.0,18.0,62.0,28.0185,0.9871464
2024-07-15T00:00:00Z,0.0,18.0,64.0,28.828829,1.1586208
2024-07-15T00:00:00Z,0.0,18.0,66.0,29.40094,1.291584
2024-07-15T00:00:00Z,0.0,18.0,68.0,29.6878,1.3459644
2024-07-15T00:00:00Z,0.0,18.0,70.0,29.784208,1.310751
2024-07-15T00:00:00Z,0.0,18.0,72.0,29.779524,1.2170582
2024-07-15T00:00:00Z,0.0,18.0,74.0,NaN,NaN
2024-07-15T00:00:00Z,0.0,18.0,76.0,NaN,NaN
2024-07-15T00:00:00Z,0.0,20.0,56.0,NaN,NaN
2024-07-15T00:00:00Z,0.0,20.0,58.0,26.653732,0.8127308
2024-07-15T00:00:00Z,0.0,20.0,60.0,27.394176,0.9309139
2024-07-15T00:00:00Z,0.0,20.0,62.0,28.255896,1.062437
2024-07-15T00:00:00Z,0.0,20.0,64.0,29.064053,1.2064667
2024-07-15T00:00:00Z,0.0,20.0,66.0,29.724009,1.3596344
2024-07-15T00:00:00Z,0.0,20.0,68.0,30.056814,1.4603977
2024-07-15T00:00:00Z,0.0,20.0,70.0,30.142365,1.4637699
2024-07-15T00:00:00Z,0.0,20.0,72.0,30.109661,1.3941994
2024-07-15T00:00:00Z,0.0,20.0,74.0,NaN,NaN
2024-07-15T00:00:00Z,0.0,20.0,76.0,NaN,NaN
2024-07-15T00:00:00Z,0.0,22.0,56.0,NaN,NaN
2024-07-15T00:00:00Z,0.0,22.0,58.0,NaN,NaN
2024-07-15T00:00:00Z,0.0,22.0,60.0,28.559813,1.0154037
2024-07-15T00:00:00Z,0.0,22.0,62.0,28.890343,1.087656
2024-07-15T00:00:00Z,0.0,22.0,64.0,29.37084,1.1807785
2024-07-15T00:00:00Z,0.0,22.0,66.0,29.934124,1.324791
2024-07-15T00:00:00Z,0.0,22.0,68.0,30.241785,1.452467
2024-07-15T00:00:00Z,0.0,22.0,70.0,30.30753,1.5092258
2024-07-15T00:00:00Z,0.0,22.0,72.0,NaN,NaN
2024-07-15T00:00:00Z,0.0,22.0,74.0,NaN,NaN
2024-07-15T00:00:00Z,0.0,22.0,76.0,NaN,NaN
2024-07-15T00:00:00Z,0.0,24.0,56.0,NaN,NaN
2024-07-15T00:00:00Z,0.0,24.0,58.0,NaN,NaN
2024-07-15T00:00:00Z,0.0,24.0,60.0,30.37872,1.0796146
2024-07-15T00:00:00Z,0.0,24.0,62.0,29.817501,1.0748138
2024-07-15T00:00:00Z,0.0,24.0,64.0,29.687868,1.08848
2024-07-15T00:00:00Z,0.0,24.0,66.0,29.981564,1.1822243
2024-07-15T00:00:00Z,0.0,24.0,68.0,30.196075,1.3188629
2024-07-15T00:00:00Z,0.0,24.0,70.0,NaN,NaN
2024-07-15T00:00:00Z,0.0,24.0,72.0,NaN,NaN
2024-07-15T00:00:00Z,0.0,24.0,74.0,NaN,NaN
2024-07-15T00:00:00Z,0.0,24.0,76.0,NaN,NaN
2024-07-15T00:00:00Z,0.0,26.0,56.0,33.14771,1.343544
2024-07-15T00:00:00Z,0.0,26.0,58.0,32.605072,1.2306023
2024-07-15T00:00:00Z,0.0,26.0,60.0,31.6651,1.1356564
2024-07-15T00:00:00Z,0.0,26.0,62.0,NaN,NaN
2024-07-15T00:00:00Z,0.0,26.0,64.0,29.844204,1.0216026
2024-07-15T00:00:00Z,0.0,26.0,66.0,29.96316,1.0801506
2024-07-15T00:00:00Z,0.0,26.0,68.0,NaN,NaN
2024-07-15T00:00:00Z,0.0,26.0,70.0,NaN,NaN
2024-07-15T00:00:00Z,0.0,26.0,72.0,NaN,NaN
2024-07-15T00:00:00Z,0.0,26.0,74.0,NaN,NaN
2024-07-15T00:00:00Z,0.0,26.0,76.0,NaN,NaN
2024-08-15T00:00:00Z,0.0,8.0,56.0,26.188913,0.38505936
2024-08-15T00:00:00Z,0.0,8.0,58.0,26.953737,0.5021534
2024-08-15T00:00:00Z,0.0,8.0,60.0,27.75489,0.6374512
2024-08-15T00:00:00Z,0.0,8.0,62.0,28.437984,0.76810837
2024-08-15T00:00:00Z,0.0,8.0,64.0,28.929493,0.8727207
2024-08-15T00:00:00Z,0.0,8.0,66.0,29.21665,0.94623184
2024-08-15T00:00:00Z,0.0,8.0,68.0,29.320894,0.9844971
2024-08-15T00:00:00Z,0.0,8.0,70.0,29.297539,0.9918308
2024-08-15T00:00:00Z,0.0,8.0,72.0,29.227976,1.0598087
2024-08-15T00:00:00Z,0.0,8.0,74.0,29.002474,1.1314316
2024-08-15T00:00:00Z,0.0,8.0,76.0,28.69342,1.2027264
2024-08-15T00:00:00Z,0.0,10.0,56.0,25.68992,0.3297119
2024-08-15T00:00:00Z,0.0,10.0,58.0,26.405352,0.42424583
2024-08-15T00:00:00Z,0.0,10.0,60.0,27.095154,0.5343838
2024-08-15T00:00:00Z,0.0,10.0,62.0,27.736494,0.648016
2024-08-15T00:00:00Z,0.0,10.0,64.0,28.300894,0.7602482
2024-08-15T00:00:00Z,0.0,10.0,66.0,28.699404,0.851717
2024-08-15T00:00:00Z,0.0,10.0,68.0,28.911411,0.9034939
2024-08-15T00:00:00Z,0.0,10.0,70.0,28.96339,0.91786957
2024-08-15T00:00:00Z,0.0,10.0,72.0,28.904608,0.9819412
2024-08-15T00:00:00Z,0.0,10.0,74.0,28.674778,1.05336
2024-08-15T00:00:00Z,0.0,10.0,76.0,28.426191,1.1181011
2024-08-15T00:00:00Z,0.0,12.0,56.0,25.374058,0.2984333
2024-08-15T00:00:00Z,0.0,12.0,58.0,25.886686,0.35285378
2024-08-15T00:00:00Z,0.0,12.0,60.0,26.45019,0.44293976
2024-08-15T00:00:00Z,0.0,12.0,62.0,27.065702,0.54174423
2024-08-15T00:00:00Z,0.0,12.0,64.0,27.697655,0.6593437
2024-08-15T00:00:00Z,0.0,12.0,66.0,28.210182,0.77253723
2024-08-15T00:00:00Z,0.0,12.0,68.0,28.552393,0.85131073
2024-08-15T00:00:00Z,0.0,12.0,70.0,28.700985,0.87338257
2024-08-15T00:00:00Z,0.0,12.0,72.0,28.698343,0.917366
2024-08-15T00:00:00Z,0.0,12.0,74.0,28.555548,0.9909935
2024-08-15T00:00:00Z,0.0,12.0,76.0,28.405094,1.060772
2024-08-15T00:00:00Z,0.0,14.0,56.0,25.227562,0.33070755
2024-08-15T00:00:00Z,0.0,14.0,58.0,25.531404,0.35502815
2024-08-15T00:00:00Z,0.0,14.0,60.0,25.99272,0.40996933
2024-08-15T00:00:00Z,0.0,14.0,62.0,26.621786,0.50413895
2024-08-15T00:00:00Z,0.0,14.0,64.0,27.3105,0.62781143
2024-08-15T00:00:00Z,0.0,14.0,66.0,27.902617,0.75276375
2024-08-15T00:00:00Z,0.0,14.0,68.0,28.328,0.84158325
2024-08-15T00:00:00Z,0.0,14.0,70.0,28.549927,0.86107254
2024-08-15T00:00:00Z,0.0,14.0,72.0,28.610825,0.8678894
2024-08-15T00:00:00Z,0.0,14.0,74.0,28.589453,0.92087746
2024-08-15T00:00:00Z,0.0,14.0,76.0,NaN,NaN
2024-08-15T00:00:00Z,0.0,16.0,56.0,25.053465,0.4062004
2024-08-15T00:00:00Z,0.0,16.0,58.0,25.326756,0.42731667
2024-08-15T00:00:00Z,0.0,16.0,60.0,25.834171,0.4671688
2024-08-15T00:00:00Z,0.0,16.0,62.0,26.527071,0.55381966
2024-08-15T00:00:00Z,0.0,16.0,64.0,27.274193,0.6913376
2024-08-15T00:00:00Z,0.0,16.0,66.0,27.905851,0.8209133
2024-08-15T00:00:00Z,0.0,16.0,68.0,28.351225,0.90574455
2024-08-15T00:00:00Z,0.0,16.0,70.0,28.598433,0.9151821
2024-08-15T00:00:00Z,0.0,16.0,72.0,28.675373,0.8766308
2024-08-15T00:00:00Z,0.0,16.0,74.0,28.690775,0.89686966
2024-08-15T00:00:00Z,0.0,16.0,76.0,NaN,NaN
2024-08-15T00:00:00Z,0.0,18.0,56.0,24.931393,0.48170662
2024-08-15T00:00:00Z,0.0,18.0,58.0,25.20748,0.5218334
2024-08-15T00:00:00Z,0.0,18.0,60.0,25.840574,0.563282
2024-08-15T00:00:00Z,0.0,18.0,62.0,26.65781,0.649601
2024-08-15T00:00:00Z,0.0,18.0,64.0,27.497297,0.7975254
2024-08-15T00:00:00Z,0.0,18.0,66.0,28.19956,0.9505367
2024-08-15T00:00:00Z,0.0,18.0,68.0,28.648314,1.0490837
2024-08-15T00:00:00Z,0.0,18.0,70.0,28.882093,1.0629482
2024-08-15T00:00:00Z,0.0,18.0,72.0,28.965645,1.0147762
2024-08-15T00:00:00Z,0.0,18.0,74.0,NaN,NaN
2024-08-15T00:00:00Z,0.0,18.0,76.0,NaN,NaN
2024-08-15T00:00:00Z,0.0,20.0,56.0,NaN,NaN
2024-08-15T00:00:00Z,0.0,20.0,58.0,25.444208,0.5900879
2024-08-15T00:00:00Z,0.0,20.0,60.0,26.130377,0.6484928
2024-08-15T00:00:00Z,0.0,20.0,62.0,26.944584,0.7364788
2024-08-15T00:00:00Z,0.0,20.0,64.0,27.803377,0.8826885
2024-08-15T00:00:00Z,0.0,20.0,66.0,28.590576,1.0678673
2024-08-15T00:00:00Z,0.0,20.0,68.0,29.044834,1.2019787
2024-08-15T00:00:00Z,0.0,20.0,70.0,29.22132,1.2303181
2024-08-15T00:00:00Z,0.0,20.0,72.0,29.254581,1.1862202
2024-08-15T00:00:00Z,0.0,20.0,74.0,NaN,NaN
2024-08-15T00:00:00Z,0.0,20.0,76.0,NaN,NaN
2024-08-15T00:00:00Z,0.0,22.0,56.0,NaN,NaN
2024-08-15T00:00:00Z,0.0,22.0,58.0,NaN,NaN
2024-08-15T00:00:00Z,0.0,22.0,60.0,27.343681,0.7497959
2024-08-15T00:00:00Z,0.0,22.0,62.0,27.650372,0.8184948
2024-08-15T00:00:00Z,0.0,22.0,64.0,28.214558,0.95114136
2024-08-15T00:00:00Z,0.0,22.0,66.0,28.915726,1.1430798
2024-08-15T00:00:00Z,0.0,22.0,68.0,29.304605,1.2849808
2024-08-15T00:00:00Z,0.0,22.0,70.0,29.405231,1.3293419
2024-08-15T00:00:00Z,0.0,22.0,72.0,NaN,NaN
2024-08-15T00:00:00Z,0.0,22.0,74.0,NaN,NaN
2024-08-15T00:00:00Z,0.0,22.0,76.0,NaN,NaN
2024-08-15T00:00:00Z,0.0,24.0,56.0,NaN,NaN
2024-08-15T00:00:00Z,0.0,24.0,58.0,NaN,NaN
2024-08-15T00:00:00Z,0.0,24.0,60.0,29.301346,0.8968296
2024-08-15T00:00:00Z,0.0,24.0,62.0,28.662619,0.8958473
2024-08-15T00:00:00Z,0.0,24.0,64.0,28.641073,0.9885483
2024-08-15T00:00:00Z,0.0,24.0,66.0,29.07371,1.1324196
2024-08-15T00:00:00Z,0.0,24.0,68.0,29.340265,1.2631836
2024-08-15T00:00:00Z,0.0,24.0,70.0,NaN,NaN
2024-08-15T00:00:00Z,0.0,24.0,72.0,NaN,NaN
2024-08-15T00:00:00Z,0.0,24.0,74.0,NaN,NaN
2024-08-15T00:00:00Z,0.0,24.0,76.0,NaN,NaN
2024-08-15T00:00:00Z,0.0,26.0,56.0,33.306877,1.340128
2024-08-15T00:00:00Z,0.0,26.0,58.0,32.123966,1.1847572
2024-08-15T00:00:00Z,0.0,26.0,60.0,30.77149,1.0370255
2024-08-15T00:00:00Z,0.0,26.0,62.0,NaN,NaN
2024-08-15T00:00:00Z,0.0,26.0,64.0,28.912605,1.0317669
2024-08-15T00:00:00Z,0.0,26.0,66.0,29.125874,1.1272926
2024-08-15T00:00:00Z,0.0,26.0,68.0,NaN,NaN
2024-08-15T00:00:00Z,0.0,26.0,70.0,NaN,NaN
2024-08-15T00:00:00Z,0.0,26.0,72.0,NaN,NaN
2024-08-15T00:00:00Z,0.0,26.0,74.0,NaN,NaN
2024-08-15T00:00:00Z,0.0,26.0,76.0,NaN,NaN
2024-09-15T00:00:00Z,0.0,8.0,56.0,26.562372,0.27832985
2024-09-15T00:00:00Z,0.0,8.0,58.0,27.253443,0.39652443
2024-09-15T00:00:00Z,0.0,8.0,60.0,27.994635,0.55709267
2024-09-15T00:00:00Z,0.0,8.0,62.0,28.623138,0.7214527
2024-09-15T00:00:00Z,0.0,8.0,64.0,29.066172,0.85575676
2024-09-15T00:00:00Z,0.0,8.0,66.0,29.32128,0.9455128
2024-09-15T00:00:00Z,0.0,8.0,68.0,29.4062,0.9824753
2024-09-15T00:00:00Z,0.0,8.0,70.0,29.381203,0.9809532
2024-09-15T00:00:00Z,0.0,8.0,72.0,29.340908,1.0391579
2024-09-15T00:00:00Z,0.0,8.0,74.0,29.180162,1.1031437
2024-09-15T00:00:00Z,0.0,8.0,76.0,28.945412,1.1618633
2024-09-15T00:00:00Z,0.0,10.0,56.0,26.127598,0.18882751
2024-09-15T00:00:00Z,0.0,10.0,58.0,26.730556,0.2612419
2024-09-15T00:00:00Z,0.0,10.0,60.0,27.36057,0.39146805
2024-09-15T00:00:00Z,0.0,10.0,62.0,27.94355,0.53167534
2024-09-15T00:00:00Z,0.0,10.0,64.0,28.443209,0.66571045
2024-09-15T00:00:00Z,0.0,10.0,66.0,28.795467,0.77219963
2024-09-15T00:00:00Z,0.0,10.0,68.0,28.990892,0.83620644
2024-09-15T00:00:00Z,0.0,10.0,70.0,29.046501,0.8502083
2024-09-15T00:00:00Z,0.0,10.0,72.0,29.027489,0.9092388
2024-09-15T00:00:00Z,0.0,10.0,74.0,28.866621,0.97564316
2024-09-15T00:00:00Z,0.0,10.0,76.0,28.67535,1.0327396
2024-09-15T00:00:00Z,0.0,12.0,56.0,25.87778,0.14250755
2024-09-15T00:00:00Z,0.0,12.0,58.0,26.299456,0.17486954
2024-09-15T00:00:00Z,0.0,12.0,60.0,26.809278,0.2775097
2024-09-15T00:00:00Z,0.0,12.0,62.0,27.35232,0.39151
2024-09-15T00:00:00Z,0.0,12.0,64.0,27.887062,0.51449966
2024-09-15T00:00:00Z,0.0,12.0,66.0,28.321243,0.62893105
2024-09-15T00:00:00Z,0.0,12.0,68.0,28.631294,0.7146702
2024-09-15T00:00:00Z,0.0,12.0,70.0,28.785885,0.74809265
2024-09-15T00:00:00Z,0.0,12.0,72.0,28.802483,0.79093933
2024-09-15T00:00:00Z,0.0,12.0,74.0,28.693893,0.85546875
2024-09-15T00:00:00Z,0.0,12.0,76.0,28.581179,0.9175873
2024-09-15T00:00:00Z,0.0,14.0,56.0,25.812296,0.1789608
2024-09-15T00:00:00Z,0.0,14.0,58.0,26.063795,0.18902397
2024-09-15T00:00:00Z,0.0,14.0,60.0,26.47275,0.2523136
2024-09-15T00:00:00Z,0.0,14.0,62.0,27.000769,0.34677124
2024-09-15T00:00:00Z,0.0,14.0,64.0,27.551699,0.4557209
2024-09-15T00:00:00Z,0.0,14.0,66.0,28.028864,0.56142616
2024-09-15T00:00:00Z,0.0,14.0,68.0,28.404526,0.64315224
2024-09-15T00:00:00Z,0.0,14.0,70.0,28.624947,0.6705513
2024-09-15T00:00:00Z,0.0,14.0,72.0,28.685577,0.6850147
2024-09-15T00:00:00Z,0.0,14.0,74.0,28.65684,0.73208046
2024-09-15T00:00:00Z,0.0,14.0,76.0,NaN,NaN
2024-09-15T00:00:00Z,0.0,16.0,56.0,25.74832,0.26722908
2024-09-15T00:00:00Z,0.0,16.0,58.0,25.985582,0.28322792
2024-09-15T00:00:00Z,0.0,16.0,60.0,26.422022,0.32816887
2024-09-15T00:00:00Z,0.0,16.0,62.0,26.977648,0.40358543
2024-09-15T00:00:00Z,0.0,16.0,64.0,27.535156,0.49744797
2024-09-15T00:00:00Z,0.0,16.0,66.0,28.015026,0.5841942
2024-09-15T00:00:00Z,0.0,16.0,68.0,28.397604,0.6470833
2024-09-15T00:00:00Z,0.0,16.0,70.0,28.641562,0.65574837
2024-09-15T00:00:00Z,0.0,16.0,72.0,28.715076,0.62800026
2024-09-15T00:00:00Z,0.0,16.0,74.0,28.71351,0.6566868
2024-09-15T00:00:00Z,0.0,16.0,76.0,NaN,NaN
2024-09-15T00:00:00Z,0.0,18.0,56.0,25.721375,0.37194252
2024-09-15T00:00:00Z,0.0,18.0,58.0,25.975588,0.4131031
2024-09-15T00:00:00Z,0.0,18.0,60.0,26.522951,0.4556179
2024-09-15T00:00:00Z,0.0,18.0,62.0,27.169298,0.5146923
2024-09-15T00:00:00Z,0.0,18.0,64.0,27.767046,0.59254646
2024-09-15T00:00:00Z,0.0,18.0,66.0,28.258213,0.66908836
2024-09-15T00:00:00Z,0.0,18.0,68.0,28.613878,0.7245045
2024-09-15T00:00:00Z,0.0,18.0,70.0,28.839697,0.72540474
2024-09-15T00:00:00Z,0.0,18.0,72.0,28.926796,0.6822815
2024-09-15T00:00:00Z,0.0,18.0,74.0,NaN,NaN
2024-09-15T00:00:00Z,0.0,18.0,76.0,NaN,NaN
2024-09-15T00:00:00Z,0.0,20.0,56.0,NaN,NaN
2024-09-15T00:00:00Z,0.0,20.0,58.0,26.246613,0.53723717
2024-09-15T00:00:00Z,0.0,20.0,60.0,26.827799,0.58167076
2024-09-15T00:00:00Z,0.0,20.0,62.0,27.457888,0.6171379
2024-09-15T00:00:00Z,0.0,20.0,64.0,28.040009,0.6671753
2024-09-15T00:00:00Z,0.0,20.0,66.0,28.546883,0.7432785
2024-09-15T00:00:00Z,0.0,20.0,68.0,28.859346,0.8105736
2024-09-15T00:00:00Z,0.0,20.0,70.0,29.02952,0.82168007
2024-09-15T00:00:00Z,0.0,20.0,72.0,29.097656,0.7786484
2024-09-15T00:00:00Z,0.0,20.0,74.0,NaN,NaN
2024-09-15T00:00:00Z,0.0,20.0,76.0,NaN,NaN
2024-09-15T00:00:00Z,0.0,22.0,56.0,NaN,NaN
2024-09-15T00:00:00Z,0.0,22.0,58.0,NaN,NaN
2024-09-15T00:00:00Z,0.0,22.0,60.0,27.757803,0.69929695
2024-09-15T00:00:00Z,0.0,22.0,62.0,27.958296,0.7021713
2024-09-15T00:00:00Z,0.0,22.0,64.0,28.273628,0.70996284
2024-09-15T00:00:00Z,0.0,22.0,66.0,28.685736,0.7770481
2024-09-15T00:00:00Z,0.0,22.0,68.0,28.928663,0.8487606
2024-09-15T00:00:00Z,0.0,22.0,70.0,29.04907,0.87483025
2024-09-15T00:00:00Z,0.0,22.0,72.0,NaN,NaN
2024-09-15T00:00:00Z,0.0,22.0,74.0,NaN,NaN
2024-09-15T00:00:00Z,0.0,22.0,76.0,NaN,NaN
2024-09-15T00:00:00Z,0.0,24.0,56.0,NaN,NaN
2024-09-15T00:00:00Z,0.0,24.0,58.0,NaN,NaN
2024-09-15T00:00:00Z,0.0,24.0,60.0,29.142258,0.80537605
2024-09-15T00:00:00Z,0.0,24.0,62.0,28.563538,0.74009323
2024-09-15T00:00:00Z,0.0,24.0,64.0,28.39119,0.69475365
2024-09-15T00:00:00Z,0.0,24.0,66.0,28.617605,0.73521614
2024-09-15T00:00:00Z,0.0,24.0,68.0,28.812675,0.80784035
2024-09-15T00:00:00Z,0.0,24.0,70.0,NaN,NaN
2024-09-15T00:00:00Z,0.0,24.0,72.0,NaN,NaN
2024-09-15T00:00:00Z,0.0,24.0,74.0,NaN,NaN
2024-09-15T00:00:00Z,0.0,24.0,76.0,NaN,NaN
2024-09-15T00:00:00Z,0.0,26.0,56.0,32.788204,1.1872902
2024-09-15T00:00:00Z,0.0,26.0,58.0,31.452251,1.0356693
2024-09-15T00:00:00Z,0.0,26.0,60.0,30.192934,0.89800644
2024-09-15T00:00:00Z,0.0,26.0,62.0,NaN,NaN
2024-09-15T00:00:00Z,0.0,26.0,64.0,28.418957,0.68165207
2024-09-15T00:00:00Z,0.0,26.0,66.0,28.525547,0.71450233
2024-09-15T00:00:00Z,0.0,26.0,68.0,NaN,NaN
2024-09-15T00:00:00Z,0.0,26.0,70.0,NaN,NaN
2024-09-15T00:00:00Z,0.0,26.0,72.0,NaN,NaN
2024-09-15T00:00:00Z,0.0,26.0,74.0,NaN,NaN
2024-09-15T00:00:00Z,0.0,26.0,76.0,NaN,NaN
2024-10-15T00:00:00Z,0.0,8.0,56.0,27.87728,0.4626751
2024-10-15T00:00:00Z,0.0,8.0,58.0,28.325695,0.5658188
2024-10-15T00:00:00Z,0.0,8.0,60.0,28.763224,0.66069984
2024-10-15T00:00:00Z,0.0,8.0,62.0,29.077705,0.73893356
2024-10-15T00:00:00Z,0.0,8.0,64.0,29.262384,0.79453087
2024-10-15T00:00:00Z,0.0,8.0,66.0,29.374352,0.82382965
2024-10-15T00:00:00Z,0.0,8.0,68.0,29.4271,0.81663895
2024-10-15T00:00:00Z,0.0,8.0,70.0,29.425932,0.78022194
2024-10-15T00:00:00Z,0.0,8.0,72.0,29.43942,0.81225204
2024-10-15T00:00:00Z,0.0,8.0,74.0,29.364841,0.85459137
2024-10-15T00:00:00Z,0.0,8.0,76.0,29.216185,0.8967953
2024-10-15T00:00:00Z,0.0,10.0,56.0,27.672829,0.38849258
2024-10-15T00:00:00Z,0.0,10.0,58.0,28.060951,0.47761536
2024-10-15T00:00:00Z,0.0,10.0,60.0,28.442116,0.59278107
2024-10-15T00:00:00Z,0.0,10.0,62.0,28.751623,0.69058037
2024-10-15T00:00:00Z,0.0,10.0,64.0,28.989616,0.7600956
2024-10-15T00:00:00Z,0.0,10.0,66.0,29.176804,0.8013458
2024-10-15T00:00:00Z,0.0,10.0,68.0,29.318018,0.8127041
2024-10-15T00:00:00Z,0.0,10.0,70.0,29.388357,0.7831898
2024-10-15T00:00:00Z,0.0,10.0,72.0,29.424477,0.7977047
2024-10-15T00:00:00Z,0.0,10.0,74.0,29.34149,0.8174877
2024-10-15T00:00:00Z,0.0,10.0,76.0,29.19822,0.83418465
2024-10-15T00:00:00Z,0.0,12.0,56.0,27.656815,0.36079407
2024-10-15T00:00:00Z,0.0,12.0,58.0,27.920559,0.41778755
2024-10-15T00:00:00Z,0.0,12.0,60.0,28.208527,0.534317
2024-10-15T00:00:00Z,0.0,12.0,62.0,28.489338,0.64039993
2024-10-15T00:00:00Z,0.0,12.0,64.0,28.756414,0.7181034
2024-10-15T00:00:00Z,0.0,12.0,66.0,29.009027,0.7742157
2024-10-15T00:00:00Z,0.0,12.0,68.0,29.238249,0.8036022
2024-10-15T00:00:00Z,0.0,12.0,70.0,29.383797,0.7852535
2024-10-15T00:00:00Z,0.0,12.0,72.0,29.433905,0.7763424
2024-10-15T00:00:00Z,0.0,12.0,74.0,29.365602,0.78124046
2024-10-15T00:00:00Z,0.0,12.0,76.0,29.259678,0.78977776
2024-10-15T00:00:00Z,0.0,14.0,56.0,27.809483,0.40571213
2024-10-15T00:00:00Z,0.0,14.0,58.0,27.947596,0.43642807
2024-10-15T00:00:00Z,0.0,14.0,60.0,28.142448,0.518383
2024-10-15T00:00:00Z,0.0,14.0,62.0,28.40527,0.6240177
2024-10-15T00:00:00Z,0.0,14.0,64.0,28.685043,0.7132721
2024-10-15T00:00:00Z,0.0,14.0,66.0,28.963913,0.777935
2024-10-15T00:00:00Z,0.0,14.0,68.0,29.234861,0.8112583
2024-10-15T00:00:00Z,0.0,14.0,70.0,29.415487,0.7879658
2024-10-15T00:00:00Z,0.0,14.0,72.0,29.465141,0.75139046
2024-10-15T00:00:00Z,0.0,14.0,74.0,29.429237,0.74718857
2024-10-15T00:00:00Z,0.0,14.0,76.0,NaN,NaN
2024-10-15T00:00:00Z,0.0,16.0,56.0,27.938347,0.4954586
2024-10-15T00:00:00Z,0.0,16.0,58.0,28.039936,0.52326965
2024-10-15T00:00:00Z,0.0,16.0,60.0,28.239399,0.58081436
2024-10-15T00:00:00Z,0.0,16.0,62.0,28.511099,0.66649437
2024-10-15T00:00:00Z,0.0,16.0,64.0,28.791777,0.7595272
2024-10-15T00:00:00Z,0.0,16.0,66.0,29.065777,0.82704926
2024-10-15T00:00:00Z,0.0,16.0,68.0,29.336819,0.8567772
2024-10-15T00:00:00Z,0.0,16.0,70.0,29.517284,0.8224926
2024-10-15T00:00:00Z,0.0,16.0,72.0,29.54232,0.75034523
2024-10-15T00:00:00Z,0.0,16.0,74.0,29.51679,0.7406044
2024-10-15T00:00:00Z,0.0,16.0,76.0,NaN,NaN
2024-10-15T00:00:00Z,0.0,18.0,56.0,27.969027,0.60551834
2024-10-15T00:00:00Z,0.0,18.0,58.0,28.069012,0.6508522
2024-10-15T00:00:00Z,0.0,18.0,60.0,28.354954,0.70176697
2024-10-15T00:00:00Z,0.0,18.0,62.0,28.69597,0.76321983
2024-10-15T00:00:00Z,0.0,18.0,64.0,28.991266,0.8366413
2024-10-15T00:00:00Z,0.0,18.0,66.0,29.26167,0.9028778
2024-10-15T00:00:00Z,0.0,18.0,68.0,29.506012,0.93167686
2024-10-15T00:00:00Z,0.0,18.0,70.0,29.652775,0.89112854
2024-10-15T00:00:00Z,0.0,18.0,72.0,29.664803,0.8122444
2024-10-15T00:00:00Z,0.0,18.0,74.0,NaN,NaN
2024-10-15T00:00:00Z,0.0,18.0,76.0,NaN,NaN
2024-10-15T00:00:00Z,0.0,20.0,56.0,NaN,NaN
2024-10-15T00:00:00Z,0.0,20.0,58.0,28.196692,0.781477
2024-10-15T00:00:00Z,0.0,20.0,60.0,28.519955,0.8296623
2024-10-15T00:00:00Z,0.0,20.0,62.0,28.877121,0.8602047
2024-10-15T00:00:00Z,0.0,20.0,64.0,29.154655,0.89409256
2024-10-15T00:00:00Z,0.0,20.0,66.0,29.395224,0.94376564
2024-10-15T00:00:00Z,0.0,20.0,68.0,29.563904,0.9667988
2024-10-15T00:00:00Z,0.0,20.0,70.0,29.658894,0.9365463
2024-10-15T00:00:00Z,0.0,20.0,72.0,29.687538,0.8691025
2024-10-15T00:00:00Z,0.0,20.0,74.0,NaN,NaN
2024-10-15T00:00:00Z,0.0,20.0,76.0,NaN,NaN
2024-10-15T00:00:00Z,0.0,22.0,56.0,NaN,NaN
2024-10-15T00:00:00Z,0.0,22.0,58.0,NaN,NaN
2024-10-15T00:00:00Z,0.0,22.0,60.0,28.957172,0.93577766
2024-10-15T00:00:00Z,0.0,22.0,62.0,29.090921,0.93017197
2024-10-15T00:00:00Z,0.0,22.0,64.0,29.20777,0.91524696
2024-10-15T00:00:00Z,0.0,22.0,66.0,29.33176,0.9266777
2024-10-15T00:00:00Z,0.0,22.0,68.0,29.405798,0.9368248
2024-10-15T00:00:00Z,0.0,22.0,70.0,29.493042,0.92528343
2024-10-15T00:00:00Z,0.0,22.0,72.0,NaN,NaN
2024-10-15T00:00:00Z,0.0,22.0,74.0,NaN,NaN
2024-10-15T00:00:00Z,0.0,22.0,76.0,NaN,NaN
2024-10-15T00:00:00Z,0.0,24.0,56.0,NaN,NaN
2024-10-15T00:00:00Z,0.0,24.0,58.0,NaN,NaN
2024-10-15T00:00:00Z,0.0,24.0,60.0,29.521772,1.0074692
2024-10-15T00:00:00Z,0.0,24.0,62.0,29.250431,0.94376373
2024-10-15T00:00:00Z,0.0,24.0,64.0,29.077595,0.86439323
2024-10-15T00:00:00Z,0.0,24.0,66.0,29.070282,0.84012985
2024-10-15T00:00:00Z,0.0,24.0,68.0,29.142153,0.8517914
2024-10-15T00:00:00Z,0.0,24.0,70.0,NaN,NaN
2024-10-15T00:00:00Z,0.0,24.0,72.0,NaN,NaN
2024-10-15T00:00:00Z,0.0,24.0,74.0,NaN,NaN
2024-10-15T00:00:00Z,0.0,24.0,76.0,NaN,NaN
2024-10-15T00:00:00Z,0.0,26.0,56.0,31.582815,1.4047337
2024-10-15T00:00:00Z,0.0,26.0,58.0,30.675932,1.2295742
2024-10-15T00:00:00Z,0.0,26.0,60.0,29.933857,1.0712318
2024-10-15T00:00:00Z,0.0,26.0,62.0,NaN,NaN
2024-10-15T00:00:00Z,0.0,26.0,64.0,28.909388,0.8148384
2024-10-15T00:00:00Z,0.0,26.0,66.0,28.877123,0.7947254
2024-10-15T00:00:00Z,0.0,26.0,68.0,NaN,NaN
2024-10-15T00:00:00Z,0.0,26.0,70.0,NaN,NaN
2024-10-15T00:00:00Z,0.0,26.0,72.0,NaN,NaN
2024-10-15T00:00:00Z,0.0,26.0,74.0,NaN,NaN
2024-10-15T00:00:00Z,0.0,26.0,76.0,NaN,NaN
2024-11-15T00:00:00Z,0.0,8.0,56.0,28.364403,0.5330696
2024-11-15T00:00:00Z,0.0,8.0,58.0,28.677738,0.6389446
2024-11-15T00:00:00Z,0.0,8.0,60.0,28.9639,0.7192917
2024-11-15T00:00:00Z,0.0,8.0,62.0,29.166271,0.77487373
2024-11-15T00:00:00Z,0.0,8.0,64.0,29.301533,0.8109493
2024-11-15T00:00:00Z,0.0,8.0,66.0,29.427742,0.83701324
2024-11-15T00:00:00Z,0.0,8.0,68.0,29.530663,0.8418503
2024-11-15T00:00:00Z,0.0,8.0,70.0,29.575851,0.8262253
2024-11-15T00:00:00Z,0.0,8.0,72.0,29.640764,0.8983669
2024-11-15T00:00:00Z,0.0,8.0,74.0,29.656908,0.9996586
2024-11-15T00:00:00Z,0.0,8.0,76.0,29.606695,1.094284
2024-11-15T00:00:00Z,0.0,10.0,56.0,28.176157,0.5446148
2024-11-15T00:00:00Z,0.0,10.0,58.0,28.459766,0.6629734
2024-11-15T00:00:00Z,0.0,10.0,60.0,28.736645,0.77941513
2024-11-15T00:00:00Z,0.0,10.0,62.0,28.963987,0.8694668
2024-11-15T00:00:00Z,0.0,10.0,64.0,29.14671,0.92056274
2024-11-15T00:00:00Z,0.0,10.0,66.0,29.330248,0.946455
2024-11-15T00:00:00Z,0.0,10.0,68.0,29.504395,0.9500809
2024-11-15T00:00:00Z,0.0,10.0,70.0,29.630972,0.9323273
2024-11-15T00:00:00Z,0.0,10.0,72.0,29.751064,0.98137665
2024-11-15T00:00:00Z,0.0,10.0,74.0,29.793028,1.060112
2024-11-15T00:00:00Z,0.0,10.0,76.0,29.752356,1.1259041
2024-11-15T00:00:00Z,0.0,12.0,56.0,28.103209,0.62545776
2024-11-15T00:00:00Z,0.0,12.0,58.0,28.327806,0.7308464
2024-11-15T00:00:00Z,0.0,12.0,60.0,28.560705,0.86195564
2024-11-15T00:00:00Z,0.0,12.0,62.0,28.77562,0.967556
2024-11-15T00:00:00Z,0.0,12.0,64.0,28.986286,1.0337029
2024-11-15T00:00:00Z,0.0,12.0,66.0,29.226782,1.0740528
2024-11-15T00:00:00Z,0.0,12.0,68.0,29.479282,1.0881157
2024-11-15T00:00:00Z,0.0,12.0,70.0,29.6771,1.0613098
2024-11-15T00:00:00Z,0.0,12.0,72.0,29.829283,1.0708675
2024-11-15T00:00:00Z,0.0,12.0,74.0,29.884872,1.104744
2024-11-15T00:00:00Z,0.0,12.0,76.0,29.878614,1.1449413
2024-11-15T00:00:00Z,0.0,14.0,56.0,28.128794,0.74879456
2024-11-15T00:00:00Z,0.0,14.0,58.0,28.300587,0.84160614
2024-11-15T00:00:00Z,0.0,14.0,60.0,28.49499,0.962698
2024-11-15T00:00:00Z,0.0,14.0,62.0,28.70703,1.0818424
2024-11-15T00:00:00Z,0.0,14.0,64.0,28.93521,1.1731682
2024-11-15T00:00:00Z,0.0,14.0,66.0,29.209248,1.2353725
2024-11-15T00:00:00Z,0.0,14.0,68.0,29.50874,1.256115
2024-11-15T00:00:00Z,0.0,14.0,70.0,29.738733,1.2133808
2024-11-15T00:00:00Z,0.0,14.0,72.0,29.865732,1.1636066
2024-11-15T00:00:00Z,0.0,14.0,74.0,29.918322,1.159544
2024-11-15T00:00:00Z,0.0,14.0,76.0,NaN,NaN
2024-11-15T00:00:00Z,0.0,16.0,56.0,28.166319,0.8677006
2024-11-15T00:00:00Z,0.0,16.0,58.0,28.307377,0.96118927
2024-11-15T00:00:00Z,0.0,16.0,60.0,28.516687,1.0866642
2024-11-15T00:00:00Z,0.0,16.0,62.0,28.747889,1.2191792
2024-11-15T00:00:00Z,0.0,16.0,64.0,28.98582,1.3375511
2024-11-15T00:00:00Z,0.0,16.0,66.0,29.271976,1.4210587
2024-11-15T00:00:00Z,0.0,16.0,68.0,29.585506,1.4433174
2024-11-15T00:00:00Z,0.0,16.0,70.0,29.793749,1.3775616
2024-11-15T00:00:00Z,0.0,16.0,72.0,29.854534,1.2691994
2024-11-15T00:00:00Z,0.0,16.0,74.0,29.909561,1.2367
2024-11-15T00:00:00Z,0.0,16.0,76.0,NaN,NaN
2024-11-15T00:00:00Z,0.0,18.0,56.0,28.189165,0.99214554
2024-11-15T00:00:00Z,0.0,18.0,58.0,28.29563,1.0954399
2024-11-15T00:00:00Z,0.0,18.0,60.0,28.537687,1.2285614
2024-11-15T00:00:00Z,0.0,18.0,62.0,28.81074,1.3705292
2024-11-15T00:00:00Z,0.0,18.0,64.0,29.059944,1.5005455
2024-11-15T00:00:00Z,0.0,18.0,66.0,29.338594,1.5931759
2024-11-15T00:00:00Z,0.0,18.0,68.0,29.620739,1.6140289
2024-11-15T00:00:00Z,0.0,18.0,70.0,29.754583,1.5347481
2024-11-15T00:00:00Z,0.0,18.0,72.0,29.735155,1.4178219
2024-11-15T00:00:00Z,0.0,18.0,74.0,NaN,NaN
2024-11-15T00:00:00Z,0.0,18.0,76.0,NaN,NaN
2024-11-15T00:00:00Z,0.0,20.0,56.0,NaN,NaN
2024-11-15T00:00:00Z,0.0,20.0,58.0,28.344059,1.2425404
2024-11-15T00:00:00Z,0.0,20.0,60.0,28.562635,1.3688717
2024-11-15T00:00:00Z,0.0,20.0,62.0,28.831326,1.4902191
2024-11-15T00:00:00Z,0.0,20.0,64.0,29.068296,1.6041927
2024-11-15T00:00:00Z,0.0,20.0,66.0,29.291111,1.6848412
2024-11-15T00:00:00Z,0.0,20.0,68.0,29.461866,1.6971569
2024-11-15T00:00:00Z,0.0,20.0,70.0,29.522366,1.6340885
2024-11-15T00:00:00Z,0.0,20.0,72.0,29.532188,1.5349579
2024-11-15T00:00:00Z,0.0,20.0,74.0,NaN,NaN
2024-11-15T00:00:00Z,0.0,20.0,76.0,NaN,NaN
2024-11-15T00:00:00Z,0.0,22.0,56.0,NaN,NaN
2024-11-15T00:00:00Z,0.0,22.0,58.0,NaN,NaN
2024-11-15T00:00:00Z,0.0,22.0,60.0,28.622776,1.4736176
2024-11-15T00:00:00Z,0.0,22.0,62.0,28.78938,1.5490036
2024-11-15T00:00:00Z,0.0,22.0,64.0,28.941717,1.622488
2024-11-15T00:00:00Z,0.0,22.0,66.0,29.049692,1.6717529
2024-11-15T00:00:00Z,0.0,22.0,68.0,29.106167,1.6785545
2024-11-15T00:00:00Z,0.0,22.0,70.0,29.200094,1.6524925
2024-11-15T00:00:00Z,0.0,22.0,72.0,NaN,NaN
2024-11-15T00:00:00Z,0.0,22.0,74.0,NaN,NaN
2024-11-15T00:00:00Z,0.0,22.0,76.0,NaN,NaN
2024-11-15T00:00:00Z,0.0,24.0,56.0,NaN,NaN
2024-11-15T00:00:00Z,0.0,24.0,58.0,NaN,NaN
2024-11-15T00:00:00Z,0.0,24.0,60.0,28.586996,1.464283
2024-11-15T00:00:00Z,0.0,24.0,62.0,28.636017,1.5187283
2024-11-15T00:00:00Z,0.0,24.0,64.0,28.657976,1.5482826
2024-11-15T00:00:00Z,0.0,24.0,66.0,28.6585,1.5597439
2024-11-15T00:00:00Z,0.0,24.0,68.0,28.736423,1.581625
2024-11-15T00:00:00Z,0.0,24.0,70.0,NaN,NaN
2024-11-15T00:00:00Z,0.0,24.0,72.0,NaN,NaN
2024-11-15T00:00:00Z,0.0,24.0,74.0,NaN,NaN
2024-11-15T00:00:00Z,0.0,24.0,76.0,NaN,NaN
2024-11-15T00:00:00Z,0.0,26.0,56.0,29.23095,1.5314465
2024-11-15T00:00:00Z,0.0,26.0,58.0,28.826164,1.4775238
2024-11-15T00:00:00Z,0.0,26.0,60.0,28.538973,1.4223824
2024-11-15T00:00:00Z,0.0,26.0,62.0,NaN,NaN
2024-11-15T00:00:00Z,0.0,26.0,64.0,28.415543,1.4753113
2024-11-15T00:00:00Z,0.0,26.0,66.0,28.395267,1.4760342
2024-11-15T00:00:00Z,0.0,26.0,68.0,NaN,NaN
2024-11-15T00:00:00Z,0.0,26.0,70.0,NaN,NaN
2024-11-15T00:00:00Z,0.0,26.0,72.0,NaN,NaN
2024-11-15T00:00:00Z,0.0,26.0,74.0,NaN,NaN
2024-11-15T00:00:00Z,0.0,26.0,76.0,NaN,NaN
2024-12-15T00:00:00Z,0.0,8.0,56.0,27.452986,0.13667297
2024-12-15T00:00:00Z,0.0,8.0,58.0,27.651524,0.12933731
2024-12-15T00:00:00Z,0.0,8.0,60.0,27.842245,0.11120224
2024-12-15T00:00:00Z,0.0,8.0,62.0,28.020567,0.10406685
2024-12-15T00:00:00Z,0.0,8.0,64.0,28.211533,0.12513542
2024-12-15T00:00:00Z,0.0,8.0,66.0,28.432758,0.17646408
2024-12-15T00:00:00Z,0.0,8.0,68.0,28.62873,0.22677231
2024-12-15T00:00:00Z,0.0,8.0,70.0,28.745373,0.26270676
2024-12-15T00:00:00Z,0.0,8.0,72.0,28.868832,0.39499855
2024-12-15T00:00:00Z,0.0,8.0,74.0,28.938856,0.5566902
2024-12-15T00:00:00Z,0.0,8.0,76.0,28.923845,0.7052059
2024-12-15T00:00:00Z,0.0,10.0,56.0,27.155968,0.16790581
2024-12-15T00:00:00Z,0.0,10.0,58.0,27.318195,0.18033981
2024-12-15T00:00:00Z,0.0,10.0,60.0,27.525337,0.22073174
2024-12-15T00:00:00Z,0.0,10.0,62.0,27.735231,0.25766945
2024-12-15T00:00:00Z,0.0,10.0,64.0,27.949986,0.27175522
2024-12-15T00:00:00Z,0.0,10.0,66.0,28.202614,0.28348923
2024-12-15T00:00:00Z,0.0,10.0,68.0,28.460041,0.29974937
2024-12-15T00:00:00Z,0.0,10.0,70.0,28.661814,0.3085842
2024-12-15T00:00:00Z,0.0,10.0,72.0,28.853617,0.39645004
2024-12-15T00:00:00Z,0.0,10.0,74.0,28.984247,0.53668404
2024-12-15T00:00:00Z,0.0,10.0,76.0,29.013222,0.66166687
2024-12-15T00:00:00Z,0.0,12.0,56.0,26.891281,0.25403214
2024-12-15T00:00:00Z,0.0,12.0,58.0,27.03287,0.28868103
2024-12-15T00:00:00Z,0.0,12.0,60.0,27.23063,0.36769295
2024-12-15T00:00:00Z,0.0,12.0,62.0,27.428385,0.42332268
2024-12-15T00:00:00Z,0.0,12.0,64.0,27.634607,0.41948318
2024-12-15T00:00:00Z,0.0,12.0,66.0,27.90364,0.3925991
2024-12-15T00:00:00Z,0.0,12.0,68.0,28.212496,0.36712074
2024-12-15T00:00:00Z,0.0,12.0,70.0,28.492365,0.33917618
2024-12-15T00:00:00Z,0.0,12.0,72.0,28.750977,0.38193512
2024-12-15T00:00:00Z,0.0,12.0,74.0,28.924047,0.47016525
2024-12-15T00:00:00Z,0.0,12.0,76.0,29.02417,0.5743847
2024-12-15T00:00:00Z,0.0,14.0,56.0,26.627926,0.32367516
2024-12-15T00:00:00Z,0.0,14.0,58.0,26.786837,0.38700294
2024-12-15T00:00:00Z,0.0,14.0,60.0,26.996418,0.48379326
2024-12-15T00:00:00Z,0.0,14.0,62.0,27.181255,0.5419216
2024-12-15T00:00:00Z,0.0,14.0,64.0,27.35295,0.5204487
2024-12-15T00:00:00Z,0.0,14.0,66.0,27.602768,0.46095467
2024-12-15T00:00:00Z,0.0,14.0,68.0,27.940723,0.40278435
2024-12-15T00:00:00Z,0.0,14.0,70.0,28.275143,0.3487053
2024-12-15T00:00:00Z,0.0,14.0,72.0,28.550068,0.33865166
2024-12-15T00:00:00Z,0.0,14.0,74.0,28.739822,0.38735962
2024-12-15T00:00:00Z,0.0,14.0,76.0,NaN,NaN
2024-12-15T00:00:00Z,0.0,16.0,56.0,26.378218,0.34849548
2024-12-15T00:00:00Z,0.0,16.0,58.0,26.53882,0.43211174
2024-12-15T00:00:00Z,0.0,16.0,60.0,26.786547,0.5472946
2024-12-15T00:00:00Z,0.0,16.0,62.0,26.967522,0.59610367
2024-12-15T00:00:00Z,0.0,16.0,64.0,27.082132,0.54473495
2024-12-15T00:00:00Z,0.0,16.0,66.0,27.293827,0.46022224
2024-12-15T00:00:00Z,0.0,16.0,68.0,27.640106,0.3863144
2024-12-15T00:00:00Z,0.0,16.0,70.0,27.963009,0.31461143
2024-12-15T00:00:00Z,0.0,16.0,72.0,28.203535,0.2717781
2024-12-15T00:00:00Z,0.0,16.0,74.0,28.451832,0.31682396
2024-12-15T00:00:00Z,0.0,16.0,76.0,NaN,NaN
2024-12-15T00:00:00Z,0.0,18.0,56.0,26.256132,0.40465164
2024-12-15T00:00:00Z,0.0,18.0,58.0,26.374039,0.508379
2024-12-15T00:00:00Z,0.0,18.0,60.0,26.613064,0.6224594
2024-12-15T00:00:00Z,0.0,18.0,62.0,26.775831,0.6466236
2024-12-15T00:00:00Z,0.0,18.0,64.0,26.829803,0.5507412
2024-12-15T00:00:00Z,0.0,18.0,66.0,26.963505,0.4180889
2024-12-15T00:00:00Z,0.0,18.0,68.0,27.229883,0.31278038
2024-12-15T00:00:00Z,0.0,18.0,70.0,27.420809,0.217453
2024-12-15T00:00:00Z,0.0,18.0,72.0,27.50091,0.15865135
2024-12-15T00:00:00Z,0.0,18.0,74.0,NaN,NaN
2024-12-15T00:00:00Z,0.0,18.0,76.0,NaN,NaN
2024-12-15T00:00:00Z,0.0,20.0,56.0,NaN,NaN
2024-12-15T00:00:00Z,0.0,20.0,58.0,26.344673,0.6317463
2024-12-15T00:00:00Z,0.0,20.0,60.0,26.495369,0.7297096
2024-12-15T00:00:00Z,0.0,20.0,62.0,26.607191,0.7130871
2024-12-15T00:00:00Z,0.0,20.0,64.0,26.599375,0.560585
2024-12-15T00:00:00Z,0.0,20.0,66.0,26.58171,0.35352325
2024-12-15T00:00:00Z,0.0,20.0,68.0,26.615805,0.18430138
2024-12-15T00:00:00Z,0.0,20.0,70.0,26.647491,0.08201027
2024-12-15T00:00:00Z,0.0,20.0,72.0,26.72911,0.019498825
2024-12-15T00:00:00Z,0.0,20.0,74.0,NaN,NaN
2024-12-15T00:00:00Z,0.0,20.0,76.0,NaN,NaN
2024-12-15T00:00:00Z,0.0,22.0,56.0,NaN,NaN
2024-12-15T00:00:00Z,0.0,22.0,58.0,NaN,NaN
2024-12-15T00:00:00Z,0.0,22.0,60.0,26.326094,0.7946224
2024-12-15T00:00:00Z,0.0,22.0,62.0,26.382774,0.72875214
2024-12-15T00:00:00Z,0.0,22.0,64.0,26.302977,0.52599716
2024-12-15T00:00:00Z,0.0,22.0,66.0,26.112324,0.26542664
2024-12-15T00:00:00Z,0.0,22.0,68.0,25.937204,0.059606552
2024-12-15T00:00:00Z,0.0,22.0,70.0,25.97193,-0.03767395
2024-12-15T00:00:00Z,0.0,22.0,72.0,NaN,NaN
2024-12-15T00:00:00Z,0.0,22.0,74.0,NaN,NaN
2024-12-15T00:00:00Z,0.0,22.0,76.0,NaN,NaN
2024-12-15T00:00:00Z,0.0,24.0,56.0,NaN,NaN
2024-12-15T00:00:00Z,0.0,24.0,58.0,NaN,NaN
2024-12-15T00:00:00Z,0.0,24.0,60.0,26.01246,0.73815346
2024-12-15T00:00:00Z,0.0,24.0,62.0,26.054348,0.6379032
2024-12-15T00:00:00Z,0.0,24.0,64.0,25.892773,0.3888054
2024-12-15T00:00:00Z,0.0,24.0,66.0,25.628674,0.14488792
2024-12-15T00:00:00Z,0.0,24.0,68.0,25.479164,-0.03398323
2024-12-15T00:00:00Z,0.0,24.0,70.0,NaN,NaN
2024-12-15T00:00:00Z,0.0,24.0,72.0,NaN,NaN
2024-12-15T00:00:00Z,0.0,24.0,74.0,NaN,NaN
2024-12-15T00:00:00Z,0.0,24.0,76.0,NaN,NaN
2024-12-15T00:00:00Z,0.0,26.0,56.0,26.228703,1.1539536
2024-12-15T00:00:00Z,0.0,26.0,58.0,25.96741,0.86847687
2024-12-15T00:00:00Z,0.0,26.0,60.0,25.785696,0.6727867
2024-12-15T00:00:00Z,0.0,26.0,62.0,NaN,NaN
2024-12-15T00:00:00Z,0.0,26.0,64.0,25.56711,0.23968124
2024-12-15T00:00:00Z,0.0,26.0,66.0,25.380955,0.084934235
2024-12-15T00:00:00Z,0.0,26.0,68.0,NaN,NaN
2024-12-15T00:00:00Z,0.0,26.0,70.0,NaN,NaN
2024-12-15T00:00:00Z,0.0,26.0,72.0,NaN,NaN
2024-12-15T00:00:00Z,0.0,26.0,74.0,NaN,NaN
2024-12-15T00:00:00Z,0.0,26.0,76.0,NaN,NaN
